id,room_type,price,latitude,longitude,log_price
2619549,Entire home/apt,140,40.77265,-73.9574,2.146128035678238
34291583,Entire home/apt,100,40.70838,-74.00694,2
16427854,Entire home/apt,180,40.7151,-73.98661,2.255272505103306
23901975,Entire home/apt,180,40.7464,-73.97987,2.255272505103306
10132356,Entire home/apt,150,40.80926,-73.95455,2.1760912590556813
3613839,Private room,60,40.82544,-73.9402,1.7781512503836436
1807757,Entire home/apt,200,40.73246,-74.00215,2.3010299956639813
2791446,Entire home/apt,220,40.74309,-73.99436,2.342422680822206
36062290,Entire home/apt,300,40.73669,-74.001,2.4771212547196626
26526075,Entire home/apt,100,40.75524,-73.99362,2
32773207,Entire home/apt,150,40.74996,-73.99488,2.1760912590556813
4754646,Private room,70,40.80149,-73.96458,1.845098040014257
19495120,Entire home/apt,300,40.78116,-73.98672,2.4771212547196626
18205794,Entire home/apt,330,40.7355,-73.99964,2.5185139398778875
20261316,Entire home/apt,270,40.79093,-73.97528,2.4313637641589874
4660022,Entire home/apt,900,40.72592,-73.99933,2.9542425094393248
3171480,Entire home/apt,200,40.73509,-74.00323,2.3010299956639813
22455153,Entire home/apt,220,40.76151,-73.97635,2.342422680822206
4752659,Private room,120,40.72513,-73.98064,2.0791812460476247
6245408,Entire home/apt,100,40.80373,-73.95523,2
29420244,Private room,70,40.8063,-73.94484,1.845098040014257
33661269,Private room,90,40.71304,-73.99484,1.954242509439325
12899112,Private room,50,40.78576,-73.94211,1.6989700043360187
36446437,Private room,200,40.74757,-73.98118,2.3010299956639813
23629364,Entire home/apt,190,40.75321,-73.97132,2.278753600952829
10291127,Entire home/apt,160,40.75295,-73.98889,2.2041199826559246
9529607,Private room,150,40.72132,-73.99708,2.1760912590556813
30512304,Entire home/apt,150,40.85502,-73.92763,2.1760912590556813
30907262,Entire home/apt,80,40.80449,-73.96426,1.9030899869919435
28336933,Entire home/apt,1500,40.73151,-74.00528,3.1760912590556813
17482187,Private room,130,40.73695,-73.97336,2.113943352306837
3602534,Private room,140,40.83473,-73.93982,2.146128035678238
18358279,Entire home/apt,130,40.70468,-74.00722,2.113943352306837
15126304,Entire home/apt,100,40.77336,-73.95054,2
27369583,Entire home/apt,190,40.74295,-73.97177,2.278753600952829
20285257,Entire home/apt,150,40.7134,-73.99069,2.1760912590556813
32241284,Entire home/apt,250,40.70582,-74.01111,2.3979400086720375
2536005,Private room,90,40.70657,-74.01676,1.954242509439325
33745608,Entire home/apt,150,40.73131,-74.00619,2.1760912590556813
9248558,Private room,160,40.74784,-73.9862,2.2041199826559246
28049316,Private room,100,40.75622,-73.99405,2
18683879,Entire home/apt,150,40.74954,-73.97687,2.1760912590556813
8222742,Entire home/apt,200,40.72853,-73.99914,2.3010299956639813
35371114,Private room,300,40.76527,-73.98139,2.4771212547196626
10788568,Entire home/apt,150,40.72381,-73.9892,2.1760912590556813
27217390,Entire home/apt,210,40.77834,-73.95193,2.322219294733919
30705522,Private room,50,40.72185,-73.98237,1.6989700043360187
1196791,Private room,90,40.83448,-73.94476,1.954242509439325
22683699,Entire home/apt,100,40.82779,-73.94716,2
14991,Private room,110,40.72004,-73.99104,2.041392685158225
4738946,Private room,60,40.81615,-73.95921,1.7781512503836436
19456350,Entire home/apt,250,40.7789,-73.98527,2.3979400086720375
5207973,Entire home/apt,230,40.7295,-73.98623,2.361727836017593
18092438,Entire home/apt,120,40.77241,-73.948,2.0791812460476247
26552951,Entire home/apt,250,40.74259,-73.99589,2.3979400086720375
23610064,Private room,100,40.72909,-73.98986,2
3751048,Entire home/apt,100,40.77175,-73.95742,2
24039926,Private room,90,40.75605,-73.99541,1.954242509439325
25464685,Shared room,70,40.76464,-73.99006,1.845098040014257
12885921,Entire home/apt,280,40.74472,-73.99266,2.4471580313422194
24035864,Private room,100,40.79566,-73.96859,2
31803533,Entire home/apt,200,40.71085,-74.01801,2.3010299956639813
36379995,Entire home/apt,220,40.70822,-74.01418,2.342422680822206
36453952,Entire home/apt,200,40.7362,-74.00827,2.3010299956639813
6990524,Entire home/apt,300,40.73912,-73.9825,2.4771212547196626
1151343,Private room,90,40.80449,-73.95687,1.954242509439325
34501725,Entire home/apt,280,40.74894,-73.99466,2.4471580313422194
7122588,Private room,40,40.8347,-73.94413,1.6020599913279623
154934,Private room,80,40.82426,-73.9463,1.9030899869919435
6738207,Entire home/apt,120,40.71937,-73.99098,2.0791812460476247
22232444,Private room,200,40.80486,-73.9656,2.3010299956639813
19163361,Private room,60,40.82664,-73.94814,1.7781512503836436
11904191,Entire home/apt,180,40.80678,-73.94976,2.255272505103306
29957848,Entire home/apt,200,40.77951,-73.97765,2.3010299956639813
26041591,Private room,50,40.82291,-73.95612,1.6989700043360187
30882745,Entire home/apt,150,40.71074,-74.00627,2.1760912590556813
12953234,Shared room,30,40.76455,-73.99128,1.4771212547196624
4936023,Entire home/apt,100,40.75462,-73.96869,2
1469895,Entire home/apt,150,40.73695,-74.00572,2.1760912590556813
29225254,Entire home/apt,260,40.76125,-73.99546,2.4149733479708178
9692740,Private room,50,40.80012,-73.96441,1.6989700043360187
16338348,Entire home/apt,130,40.71489,-73.99438,2.113943352306837
8356955,Entire home/apt,90,40.82117,-73.94306,1.954242509439325
21993232,Entire home/apt,200,40.74421,-73.98007,2.3010299956639813
19247214,Private room,180,40.72717,-73.98643,2.255272505103306
33909511,Private room,200,40.7651,-73.97808,2.3010299956639813
6364324,Private room,20,40.82159,-73.95013,1.3010299956639813
22770827,Entire home/apt,200,40.73684,-73.98157,2.3010299956639813
34207823,Private room,220,40.75064,-73.99626,2.342422680822206
26304847,Private room,50,40.86764,-73.9259,1.6989700043360187
276482,Private room,80,40.81371,-73.95585,1.9030899869919435
17458077,Entire home/apt,250,40.74252,-73.991,2.3979400086720375
24943768,Entire home/apt,150,40.74929,-73.97827,2.1760912590556813
4194010,Entire home/apt,100,40.86496,-73.9262,2
17979764,Private room,10,40.72237,-73.99817,1
21978558,Entire home/apt,100,40.8029,-73.95576,2
23749162,Entire home/apt,180,40.74069,-74.00546,2.255272505103306
36311334,Entire home/apt,280,40.78324,-73.94734,2.4471580313422194
19932802,Private room,150,40.7292,-73.99964,2.1760912590556813
28250999,Entire home/apt,80,40.81773,-73.94357,1.9030899869919435
6947017,Private room,90,40.79421,-73.97097,1.954242509439325
35196057,Entire home/apt,300,40.81868,-73.94417,2.4771212547196626
28314689,Entire home/apt,600,40.71935,-73.98361,2.7781512503836434
21678587,Entire home/apt,90,40.80834,-73.94049,1.954242509439325
32808795,Entire home/apt,300,40.73283,-74.00734,2.4771212547196626
22760853,Entire home/apt,100,40.77862,-73.94562,2
30429113,Entire home/apt,150,40.71224,-74.00684,2.1760912590556813
6644669,Entire home/apt,140,40.77689,-73.98103,2.146128035678238
6991749,Shared room,70,40.81161,-73.94306,1.845098040014257
5728014,Entire home/apt,200,40.77655,-73.98074,2.3010299956639813
36242888,Private room,220,40.76996,-73.95117,2.342422680822206
21272115,Private room,80,40.80674,-73.95337,1.9030899869919435
7808356,Entire home/apt,130,40.78086,-73.95029,2.113943352306837
35579436,Entire home/apt,200,40.72347,-73.97792,2.3010299956639813
27216202,Entire home/apt,200,40.78009,-73.95929,2.3010299956639813
3920562,Private room,90,40.79882,-73.94266,1.954242509439325
31861671,Entire home/apt,140,40.82163,-73.94757,2.146128035678238
28010820,Private room,100,40.77353,-73.95357,2
19413230,Entire home/apt,220,40.73247,-74.00335,2.342422680822206
6977204,Private room,60,40.81398,-73.95213,1.7781512503836436
21682924,Private room,130,40.73247,-73.99998,2.113943352306837
8191699,Entire home/apt,140,40.77569,-73.95202,2.146128035678238
11658950,Private room,100,40.73458,-73.98128,2
34544052,Entire home/apt,310,40.70512,-74.00719,2.4913616938342726
2033846,Entire home/apt,100,40.81728,-73.94583,2
13248583,Private room,60,40.80304,-73.95148,1.7781512503836436
12358495,Entire home/apt,300,40.75761,-73.96217,2.4771212547196626
4533010,Entire home/apt,80,40.8552,-73.93354,1.9030899869919435
19138212,Entire home/apt,250,40.72486,-74.00318,2.3979400086720375
30352862,Private room,70,40.7219,-73.97819,1.845098040014257
30405178,Entire home/apt,240,40.75399,-73.99764,2.380211241711606
15067291,Private room,60,40.8117,-73.94563,1.7781512503836436
24201129,Entire home/apt,250,40.73836,-73.99567,2.3979400086720375
13128992,Entire home/apt,140,40.77847,-73.95371,2.146128035678238
21595314,Entire home/apt,380,40.74791,-73.97939,2.57978359661681
21483857,Entire home/apt,200,40.76369,-73.96122,2.3010299956639813
22296097,Private room,3210,40.74913,-74.00373,3.506505032404872
4736912,Private room,50,40.81088,-73.95774,1.6989700043360187
9576478,Entire home/apt,240,40.80948,-73.94739,2.380211241711606
19719874,Entire home/apt,140,40.73598,-74.00505,2.146128035678238
29287515,Entire home/apt,220,40.78108,-73.95439,2.342422680822206
1885826,Private room,120,40.76296,-73.98641,2.0791812460476247
2727766,Private room,80,40.79121,-73.94793,1.9030899869919435
36241854,Entire home/apt,150,40.7358,-73.99074,2.1760912590556813
29884003,Private room,110,40.74992,-73.98772,2.041392685158225
23890947,Private room,70,40.802,-73.96605,1.845098040014257
34592979,Entire home/apt,310,40.72399,-73.99426,2.4913616938342726
8719522,Entire home/apt,190,40.775,-73.95071,2.278753600952829
1864757,Entire home/apt,600,40.77585,-73.95566,2.7781512503836434
23461056,Shared room,80,40.80309,-73.96883,1.9030899869919435
13542938,Entire home/apt,240,40.75724,-73.96384,2.380211241711606
9861196,Entire home/apt,240,40.76105,-73.98638,2.380211241711606
25860068,Private room,60,40.77655,-73.94651,1.7781512503836436
3601900,Private room,50,40.84943,-73.93146,1.6989700043360187
16396753,Private room,100,40.72258,-73.98148,2
15736953,Private room,150,40.75764,-73.98963,2.1760912590556813
23754446,Entire home/apt,200,40.75015,-73.98651,2.3010299956639813
33250984,Private room,120,40.73261,-74.01043,2.0791812460476247
6568523,Entire home/apt,200,40.7101,-74.01721,2.3010299956639813
27237583,Entire home/apt,740,40.75402,-73.96567,2.8692317197309762
13623891,Entire home/apt,200,40.7441,-73.98834,2.3010299956639813
33597052,Private room,70,40.85549,-73.92789,1.845098040014257
14707675,Private room,100,40.72163,-73.98715,2
21605495,Private room,90,40.72552,-73.98165,1.954242509439325
21042151,Entire home/apt,150,40.70949,-74.00973,2.1760912590556813
3533741,Private room,110,40.76878,-73.98719,2.041392685158225
25510480,Private room,80,40.80025,-73.95268,1.9030899869919435
16469132,Private room,80,40.79602,-73.94884,1.9030899869919435
6006603,Private room,90,40.74349,-73.97577,1.954242509439325
7319512,Private room,60,40.76164,-73.95995,1.7781512503836436
14129429,Entire home/apt,170,40.73085,-74.00079,2.230448921378274
34706742,Private room,60,40.73283,-73.98228,1.7781512503836436
19606247,Private room,50,40.71253,-73.99586,1.6989700043360187
23151066,Entire home/apt,120,40.77579,-73.95628,2.0791812460476247
4804228,Entire home/apt,150,40.79331,-73.97537,2.1760912590556813
30393803,Entire home/apt,360,40.74261,-73.99457,2.5563025007672873
5406067,Private room,130,40.73879,-73.97994,2.113943352306837
21684804,Entire home/apt,500,40.732,-73.98706,2.6989700043360187
13957499,Private room,90,40.81557,-73.95295,1.954242509439325
26771228,Entire home/apt,200,40.73132,-74.00429,2.3010299956639813
32681559,Private room,320,40.78281,-73.98124,2.505149978319906
22425516,Private room,90,40.73277,-73.98716,1.954242509439325
4662584,Private room,40,40.78644,-73.9438,1.6020599913279623
31919779,Entire home/apt,80,40.80636,-73.9578,1.9030899869919435
27469022,Entire home/apt,140,40.79578,-73.93398,2.146128035678238
9710184,Entire home/apt,80,40.84504,-73.93658,1.9030899869919435
8319784,Entire home/apt,250,40.76483,-73.95801,2.3979400086720375
735677,Entire home/apt,250,40.72849,-73.98041,2.3979400086720375
7857185,Entire home/apt,140,40.75399,-73.96967,2.146128035678238
35005793,Entire home/apt,200,40.74899,-73.97541,2.3010299956639813
27277107,Private room,80,40.72817,-73.9773,1.9030899869919435
6484983,Private room,130,40.7644,-73.99338,2.113943352306837
4622869,Entire home/apt,400,40.7157,-73.99094,2.6020599913279625
7455635,Entire home/apt,180,40.71624,-73.99015,2.255272505103306
261344,Private room,100,40.70523,-74.01345,2
34208508,Entire home/apt,180,40.76241,-73.99606,2.255272505103306
34181176,Entire home/apt,300,40.74798,-73.987,2.4771212547196626
9615485,Private room,70,40.76108,-73.95058,1.845098040014257
30888624,Entire home/apt,220,40.73879,-73.98135,2.342422680822206
13961073,Private room,150,40.76492,-73.99128,2.1760912590556813
3999228,Entire home/apt,120,40.73455,-74.00614,2.0791812460476247
13225764,Private room,80,40.82579,-73.9528,1.9030899869919435
2754179,Entire home/apt,120,40.77249,-73.95756,2.0791812460476247
505029,Entire home/apt,180,40.72454,-73.97944,2.255272505103306
4574224,Private room,60,40.82158,-73.9533,1.7781512503836436
34568097,Entire home/apt,150,40.76739,-73.98504,2.1760912590556813
29987801,Private room,70,40.79821,-73.96058,1.845098040014257
32466778,Entire home/apt,160,40.74725,-73.97404,2.2041199826559246
33642266,Entire home/apt,150,40.72673,-73.98646,2.1760912590556813
55737,Entire home/apt,200,40.72861,-74.0049,2.3010299956639813
34181682,Entire home/apt,160,40.76152,-73.98587,2.2041199826559246
30473401,Private room,100,40.7203,-73.99548,2
34804794,Entire home/apt,320,40.79966,-73.9539,2.505149978319906
263888,Entire home/apt,220,40.79433,-73.9765,2.342422680822206
36368048,Private room,70,40.83423,-73.94723,1.845098040014257
34721935,Private room,60,40.80902,-73.96716,1.7781512503836436
35710684,Entire home/apt,140,40.75284,-73.97088,2.146128035678238
8936266,Entire home/apt,300,40.7382,-74.00299,2.4771212547196626
26458835,Private room,60,40.73391,-73.97857,1.7781512503836436
7902291,Private room,70,40.71449,-73.987,1.845098040014257
2105163,Entire home/apt,200,40.73646,-73.98337,2.3010299956639813
15325255,Private room,270,40.75175,-73.97218,2.4313637641589874
8368928,Entire home/apt,500,40.74716,-73.976070000000007,2.6989700043360187
27083945,Private room,70,40.80209,-73.96742,1.845098040014257
3041973,Entire home/apt,150,40.74475,-73.97201,2.1760912590556813
24826817,Entire home/apt,200,40.73992,-73.98272,2.3010299956639813
35160771,Entire home/apt,140,40.79496,-73.94838,2.146128035678238
15310580,Entire home/apt,120,40.73736,-73.98025,2.0791812460476247
28713500,Private room,330,40.75499,-73.97121,2.5185139398778875
23996251,Shared room,80,40.81498,-73.94622,1.9030899869919435
9618477,Entire home/apt,160,40.72888,-73.98193,2.2041199826559246
36441908,Private room,100,40.70597,-74.01562,2
21804158,Private room,320,40.76398,-73.98034,2.505149978319906
23467186,Entire home/apt,150,40.76686,-73.98555,2.1760912590556813
29063413,Entire home/apt,350,40.73069,-73.9932,2.5440680443502757
8757920,Entire home/apt,110,40.81925,-73.94073,2.041392685158225
5706280,Entire home/apt,140,40.77276,-73.95557,2.146128035678238
21781507,Entire home/apt,190,40.7548,-73.96966,2.278753600952829
34997345,Entire home/apt,320,40.725,-73.97903,2.505149978319906
9855043,Entire home/apt,140,40.71813,-74.00509,2.146128035678238
9511685,Private room,80,40.73288,-73.97984,1.9030899869919435
25012058,Private room,180,40.72561,-73.97622,2.255272505103306
22384717,Private room,50,40.86489,-73.92902,1.6989700043360187
1164111,Private room,90,40.79025,-73.9488,1.954242509439325
70609,Entire home/apt,500,40.72542,-73.97986,2.6989700043360187
30937590,Entire home/apt,260,40.74792,-73.97614,2.4149733479708178
6972089,Entire home/apt,130,40.78181,-73.98466,2.113943352306837
8729960,Private room,60,40.79699,-73.93882,1.7781512503836436
1338362,Entire home/apt,120,40.76934,-73.9863,2.0791812460476247
3218320,Private room,120,40.72243,-73.99655,2.0791812460476247
23784779,Private room,160,40.71179,-73.99848,2.2041199826559246
671633,Entire home/apt,140,40.77382,-73.95088,2.146128035678238
33987747,Entire home/apt,200,40.76704,-73.98646,2.3010299956639813
34150118,Entire home/apt,150,40.79325,-73.93386,2.1760912590556813
8664721,Private room,200,40.74576,-73.98146,2.3010299956639813
476571,Entire home/apt,100,40.72955,-73.98298,2
26273200,Private room,40,40.81889,-73.94269,1.6020599913279623
36332335,Private room,90,40.79913,-73.94226,1.954242509439325
15050044,Private room,60,40.75842,-73.99276,1.7781512503836436
283090,Entire home/apt,180,40.7241,-73.97899,2.255272505103306
29828333,Entire home/apt,200,40.82431,-73.94291,2.3010299956639813
33712513,Entire home/apt,150,40.74005,-74.00071,2.1760912590556813
2949128,Entire home/apt,250,40.76375,-73.9924,2.3979400086720375
10340705,Private room,80,40.81015,-73.94728,1.9030899869919435
9362527,Private room,60,40.86227,-73.92943,1.7781512503836436
29418601,Shared room,60,40.74757,-73.98671,1.7781512503836436
3874870,Entire home/apt,200,40.72915,-73.98501,2.3010299956639813
14092808,Private room,90,40.75043,-73.97243,1.954242509439325
32240537,Entire home/apt,220,40.70748,-74.01081,2.342422680822206
18283646,Private room,80,40.82205,-73.95335,1.9030899869919435
9371171,Entire home/apt,120,40.7884,-73.94533,2.0791812460476247
203901,Entire home/apt,190,40.7694,-73.9572,2.278753600952829
1878692,Entire home/apt,170,40.72934,-74.00075,2.230448921378274
455801,Private room,60,40.80533,-73.95204,1.7781512503836436
25967882,Entire home/apt,120,40.77727,-73.94588,2.0791812460476247
11529142,Entire home/apt,120,40.78687,-73.94542,2.0791812460476247
26361090,Entire home/apt,350,40.7786,-73.97578,2.5440680443502757
19387782,Entire home/apt,140,40.72034,-73.98617,2.146128035678238
17459791,Private room,180,40.79358,-73.97452,2.255272505103306
28311763,Entire home/apt,120,40.7984,-73.9427,2.0791812460476247
21851390,Private room,70,40.72863,-73.99008,1.845098040014257
19348588,Private room,60,40.83366,-73.94302,1.7781512503836436
34120717,Entire home/apt,220,40.70736,-74.0125,2.342422680822206
30389441,Entire home/apt,280,40.71609,-74.00501,2.4471580313422194
32876011,Private room,90,40.76174,-73.96625,1.954242509439325
4822822,Private room,90,40.70373,-74.00827,1.954242509439325
16170544,Entire home/apt,60,40.74485,-74.00186,1.7781512503836436
21867375,Entire home/apt,400,40.76443,-73.98152,2.6020599913279625
20796595,Private room,70,40.81968,-73.95831,1.845098040014257
30324225,Entire home/apt,150,40.79949,-73.93531,2.1760912590556813
25779464,Private room,60,40.81118,-73.94231,1.7781512503836436
23361038,Shared room,80,40.72831,-73.98873,1.9030899869919435
28240916,Private room,150,40.72343,-74.00791,2.1760912590556813
34453823,Private room,100,40.75588,-73.987,2
13149690,Private room,80,40.79952,-73.95248,1.9030899869919435
30533835,Private room,110,40.80152,-73.96673,2.041392685158225
3264261,Entire home/apt,180,40.75182,-73.97052,2.255272505103306
30499051,Entire home/apt,280,40.78191,-73.95292,2.4471580313422194
8916716,Entire home/apt,260,40.75994,-73.98812,2.4149733479708178
33444260,Entire home/apt,300,40.72656,-73.98758,2.4771212547196626
16489149,Private room,1000,40.75373,-73.97272,3
23763165,Entire home/apt,210,40.70659,-74.00426,2.322219294733919
18423938,Entire home/apt,160,40.78081,-73.98081,2.2041199826559246
682155,Private room,90,40.79417,-73.95101,1.954242509439325
13754150,Entire home/apt,140,40.75965,-73.96543,2.146128035678238
3851719,Entire home/apt,100,40.73608,-73.9857,2
35606381,Entire home/apt,350,40.74422,-73.97261,2.5440680443502757
12086180,Entire home/apt,240,40.76511,-73.98345,2.380211241711606
36196038,Private room,200,40.7988,-73.97277,2.3010299956639813
25721731,Entire home/apt,220,40.74758,-73.97329,2.342422680822206
21175822,Entire home/apt,130,40.77585,-73.95101,2.113943352306837
7023739,Private room,150,40.7688,-73.9535,2.1760912590556813
8809245,Entire home/apt,410,40.73563,-73.98801,2.6127838567197355
11240650,Entire home/apt,2000,40.79101,-73.97961,3.3010299956639813
22028251,Private room,40,40.81876,-73.9536,1.6020599913279623
1150382,Entire home/apt,100,40.79921,-73.93657,2
21582010,Private room,90,40.78704,-73.94209,1.954242509439325
22723461,Entire home/apt,90,40.80399,-73.95402,1.954242509439325
15790640,Private room,80,40.79386,-73.97223,1.9030899869919435
21239728,Entire home/apt,100,40.81986,-73.94414,2
7543993,Entire home/apt,400,40.80772,-73.951,2.6020599913279625
2285355,Entire home/apt,750,40.77859,-73.97964,2.8750612633917
9464137,Entire home/apt,180,40.7713,-73.95443,2.255272505103306
27034834,Entire home/apt,350,40.79473,-73.96744,2.5440680443502757
17634206,Entire home/apt,130,40.76699,-73.9848,2.113943352306837
31988308,Entire home/apt,190,40.72744,-73.98336,2.278753600952829
34087090,Entire home/apt,230,40.70588,-74.01214,2.361727836017593
3812133,Entire home/apt,170,40.77885,-73.98178,2.230448921378274
15701072,Private room,180,40.746339999999996,-73.98704,2.255272505103306
19768829,Entire home/apt,150,40.77052,-73.95485,2.1760912590556813
20148616,Entire home/apt,190,40.77104,-73.98522,2.278753600952829
20686099,Entire home/apt,220,40.78019,-73.95857,2.342422680822206
4386598,Entire home/apt,180,40.71962,-73.98567,2.255272505103306
33294631,Private room,80,40.74825,-73.99542,1.9030899869919435
21414821,Private room,40,40.75949,-73.9908,1.6020599913279623
1053523,Entire home/apt,350,40.71886,-73.98497,2.5440680443502757
7574515,Private room,60,40.80674,-73.96141,1.7781512503836436
30020930,Entire home/apt,150,40.77064,-73.95124,2.1760912590556813
30193432,Entire home/apt,710,40.75264,-73.96543,2.8512583487190755
17533911,Private room,70,40.72521,-73.97879,1.845098040014257
21919913,Entire home/apt,330,40.77055,-73.98615,2.5185139398778875
11044326,Entire home/apt,200,40.78119,-73.9468,2.3010299956639813
16720039,Entire home/apt,100,40.80283,-73.95569,2
32926087,Entire home/apt,450,40.76186,-73.99714,2.6532125137753435
27758562,Private room,140,40.74906,-73.98454,2.146128035678238
5536824,Entire home/apt,200,40.74294,-73.98499,2.3010299956639813
15129261,Entire home/apt,110,40.76095,-73.961429999999993,2.041392685158225
13679698,Private room,70,40.80364,-73.96541,1.845098040014257
19875728,Entire home/apt,320,40.78762,-73.96827,2.505149978319906
29827690,Private room,100,40.80075,-73.95676,2
34147683,Entire home/apt,220,40.73996,-73.98972,2.342422680822206
17809161,Entire home/apt,80,40.72856,-73.98125,1.9030899869919435
34668348,Entire home/apt,200,40.71713,-73.98541,2.3010299956639813
31876398,Private room,60,40.79821,-73.9609,1.7781512503836436
19160912,Private room,70,40.84437,-73.94328,1.845098040014257
22100970,Entire home/apt,140,40.74241,-73.97954,2.146128035678238
21913309,Private room,40,40.76191,-73.94934,1.6020599913279623
10207629,Entire home/apt,180,40.79534,-73.96583,2.255272505103306
14824230,Private room,80,40.80576,-73.95832,1.9030899869919435
30772753,Entire home/apt,200,40.72168,-73.98686,2.3010299956639813
5104668,Entire home/apt,180,40.75928,-73.99036,2.255272505103306
30224962,Private room,120,40.72853,-73.98762,2.0791812460476247
35032636,Private room,140,40.75476,-73.97118,2.146128035678238
14666364,Entire home/apt,160,40.75483,-73.99468,2.2041199826559246
819228,Private room,60,40.82173,-73.95548,1.7781512503836436
4926610,Private room,50,40.80315,-73.94017,1.6989700043360187
34209682,Entire home/apt,120,40.72138,-73.98543,2.0791812460476247
27498398,Entire home/apt,290,40.80734,-73.94201,2.462397997898956
9451492,Entire home/apt,120,40.76355,-73.98914,2.0791812460476247
25027222,Entire home/apt,120,40.78802,-73.96926,2.0791812460476247
6883404,Entire home/apt,300,40.73983,-73.9988,2.4771212547196626
36419441,Entire home/apt,130,40.74404,-73.97239,2.113943352306837
35197281,Entire home/apt,250,40.73359,-73.99772,2.3979400086720375
13187991,Private room,60,40.73011,-74.00267,1.7781512503836436
31071518,Private room,30,40.81425,-73.94549,1.4771212547196624
36353482,Private room,80,40.72597,-73.97645,1.9030899869919435
31118680,Entire home/apt,130,40.73017,-73.98668,2.113943352306837
16083752,Entire home/apt,120,40.77129,-73.9501,2.0791812460476247
11590055,Entire home/apt,220,40.7455,-73.98112,2.342422680822206
22669096,Private room,400,40.7817,-73.982,2.6020599913279625
18516072,Private room,140,40.80034,-73.95941,2.146128035678238
22862882,Entire home/apt,110,40.8521,-73.93958,2.041392685158225
785166,Entire home/apt,220,40.71818,-73.98206,2.342422680822206
20346887,Private room,60,40.84684,-73.93252,1.7781512503836436
31713303,Entire home/apt,220,40.73386,-74.00038,2.342422680822206
11640637,Private room,50,40.81377,-73.96166,1.6989700043360187
4629359,Entire home/apt,100,40.80797,-73.95181,2
17860684,Entire home/apt,380,40.76587,-73.98211,2.57978359661681
15098355,Entire home/apt,250,40.76133,-73.99744,2.3979400086720375
405408,Entire home/apt,220,40.72057,-73.99976,2.342422680822206
17729060,Private room,80,40.72263,-73.99622,1.9030899869919435
20527413,Private room,130,40.71898,-73.98472,2.113943352306837
31353429,Entire home/apt,400,40.74533,-73.97685,2.6020599913279625
190267,Entire home/apt,170,40.76684,-73.95944,2.230448921378274
6300809,Entire home/apt,300,40.77468,-73.97966,2.4771212547196626
1803165,Entire home/apt,800,40.76391,-73.9782,2.9030899869919438
22222996,Private room,40,40.81634,-73.95735,1.6020599913279623
2165107,Entire home/apt,100,40.7604,-73.96029,2
15635167,Entire home/apt,210,40.76195,-73.97148,2.322219294733919
4786139,Entire home/apt,320,40.7223,-73.98128,2.505149978319906
11557387,Entire home/apt,200,40.75453,-73.96473,2.3010299956639813
19344708,Private room,50,40.82419,-73.94639,1.6989700043360187
21801520,Private room,50,40.8217,-73.95336,1.6989700043360187
478385,Entire home/apt,140,40.74428,-73.97809,2.146128035678238
30394105,Entire home/apt,340,40.7296,-74.00246,2.531478917042255
15854348,Entire home/apt,300,40.71454,-73.99271,2.4771212547196626
3959369,Entire home/apt,220,40.71185,-74.01719,2.342422680822206
1028263,Private room,60,40.72944,-73.98645,1.7781512503836436
8819442,Entire home/apt,260,40.71963,-73.98499,2.4149733479708178
23385738,Shared room,30,40.71117,-73.98727,1.4771212547196624
13082588,Entire home/apt,100,40.77079,-73.95949,2
25865718,Entire home/apt,160,40.79788,-73.93265,2.2041199826559246
16172162,Entire home/apt,120,40.80804,-73.943,2.0791812460476247
500845,Entire home/apt,220,40.72686,-73.9797,2.342422680822206
3835052,Private room,120,40.72917,-73.99974,2.0791812460476247
6115275,Entire home/apt,180,40.75102,-73.97447,2.255272505103306
19663834,Entire home/apt,80,40.78723,-73.94863,1.9030899869919435
1847261,Entire home/apt,240,40.71417,-74.00678,2.380211241711606
2332284,Private room,40,40.84966,-73.93945,1.6020599913279623
411336,Entire home/apt,220,40.72278,-73.9967,2.342422680822206
3818279,Entire home/apt,200,40.74445,-73.97181,2.3010299956639813
14661771,Entire home/apt,220,40.78517,-73.95678,2.342422680822206
8153005,Entire home/apt,200,40.72845,-73.97989,2.3010299956639813
6201730,Private room,90,40.83562,-73.94581,1.954242509439325
8389259,Entire home/apt,300,40.76436,-73.96471,2.4771212547196626
7952315,Entire home/apt,350,40.74768,-73.99625,2.5440680443502757
3957619,Entire home/apt,110,40.72699,-74.0012,2.041392685158225
19440004,Private room,100,40.77594,-73.94461,2
29383233,Entire home/apt,180,40.72872,-73.99199,2.255272505103306
13174320,Entire home/apt,120,40.77097,-73.95843,2.0791812460476247
9551417,Entire home/apt,220,40.79665,-73.94824,2.342422680822206
12005318,Private room,70,40.74418,-73.97565,1.845098040014257
8809578,Entire home/apt,250,40.7442,-74.00123,2.3979400086720375
19414281,Entire home/apt,400,40.74371,-74.002440000000007,2.6020599913279625
20345108,Private room,60,40.81012,-73.95825,1.7781512503836436
15229456,Entire home/apt,400,40.76027,-73.99826,2.6020599913279625
10207847,Entire home/apt,160,40.70503,-74.00674,2.2041199826559246
11840057,Private room,110,40.72049,-73.98821,2.041392685158225
34485285,Private room,100,40.72324,-74.00401,2
6042635,Entire home/apt,60,40.85882,-73.92897,1.7781512503836436
15591309,Private room,90,40.71214,-73.98955,1.954242509439325
14108671,Private room,90,40.74767,-73.99003,1.954242509439325
24323953,Private room,80,40.79138,-73.9413,1.9030899869919435
32207090,Private room,70,40.81401,-73.95393,1.845098040014257
29828159,Entire home/apt,100,40.77072,-73.95538,2
34371447,Private room,270,40.70796,-74.00288,2.4313637641589874
1881586,Entire home/apt,220,40.75669,-73.9666,2.342422680822206
32291385,Entire home/apt,300,40.72694,-73.98501,2.4771212547196626
4776065,Private room,50,40.75984,-73.99214,1.6989700043360187
29565013,Entire home/apt,180,40.72348,-73.98322,2.255272505103306
36404684,Entire home/apt,320,40.72283,-73.99472,2.505149978319906
24131817,Private room,130,40.72256,-74.00018,2.113943352306837
34934160,Private room,150,40.7646,-73.99045,2.1760912590556813
36388748,Private room,180,40.7617,-73.99815,2.255272505103306
34865775,Entire home/apt,110,40.72081,-73.99069,2.041392685158225
15627978,Entire home/apt,130,40.72515,-73.9839,2.113943352306837
5402672,Entire home/apt,500,40.74746,-73.97883,2.6989700043360187
4760076,Entire home/apt,220,40.74245,-73.9845,2.342422680822206
30464266,Entire home/apt,800,40.7233,-73.99463,2.9030899869919438
18848869,Private room,50,40.81711,-73.93563,1.6989700043360187
6716066,Entire home/apt,120,40.80748,-73.94922,2.0791812460476247
32612731,Entire home/apt,200,40.76746,-73.95861,2.3010299956639813
36142537,Entire home/apt,150,40.81427,-73.95141,2.1760912590556813
22309616,Shared room,40,40.72299,-73.97809,1.6020599913279623
2107372,Entire home/apt,400,40.79994,-73.97094,2.6020599913279625
13625610,Entire home/apt,140,40.71844,-73.9858,2.146128035678238
24131843,Private room,60,40.80466,-73.96529,1.7781512503836436
18444575,Entire home/apt,150,40.72002,-73.99629,2.1760912590556813
20373836,Private room,100,40.70874,-74.01342,2
13882394,Entire home/apt,3800,40.73305,-73.99373,3.57978359661681
9578639,Entire home/apt,200,40.77919,-73.94733,2.3010299956639813
9657,Entire home/apt,180,40.7292,-73.98542,2.255272505103306
25098701,Entire home/apt,130,40.70791,-74.00529,2.113943352306837
16741935,Private room,210,40.70932,-74.00536,2.322219294733919
20571263,Entire home/apt,250,40.72958,-74.00379,2.3979400086720375
10548768,Entire home/apt,120,40.83113,-73.94924,2.0791812460476247
31801631,Private room,150,40.76315,-73.98711,2.1760912590556813
9755384,Private room,80,40.76504,-73.98718,1.9030899869919435
13920801,Entire home/apt,100,40.80297,-73.9505,2
36373544,Entire home/apt,100,40.78332,-73.95155,2
2013807,Entire home/apt,190,40.71914,-73.99174,2.278753600952829
35940153,Entire home/apt,180,40.73853,-73.97982,2.255272505103306
16712302,Entire home/apt,160,40.76591,-73.99016,2.2041199826559246
9745297,Private room,80,40.72051,-74.00168,1.9030899869919435
28178226,Entire home/apt,260,40.73087,-73.98631,2.4149733479708178
8207764,Entire home/apt,180,40.79505,-73.93925,2.255272505103306
843036,Entire home/apt,80,40.84714,-73.94172,1.9030899869919435
26374486,Entire home/apt,90,40.78978,-73.94138,1.954242509439325
13727297,Entire home/apt,220,40.73208,-74.00784,2.342422680822206
6610629,Entire home/apt,150,40.83206,-73.94261,2.1760912590556813
34446902,Private room,140,40.74443,-73.99166,2.146128035678238
5037654,Private room,60,40.76193,-73.94942,1.7781512503836436
16480673,Entire home/apt,190,40.73409,-74.00621,2.278753600952829
14823526,Private room,120,40.72281,-73.9987,2.0791812460476247
27274799,Entire home/apt,230,40.75579,-73.9652,2.361727836017593
15966974,Entire home/apt,380,40.72705,-74.00419,2.57978359661681
9185689,Entire home/apt,80,40.81344,-73.95007,1.9030899869919435
2237063,Entire home/apt,100,40.74163,-73.97533,2
27578298,Entire home/apt,150,40.73995,-73.98401,2.1760912590556813
27385,Entire home/apt,220,40.72555,-73.97965,2.342422680822206
10695252,Private room,150,40.72112,-74.00039,2.1760912590556813
35277302,Private room,80,40.84853,-73.93805,1.9030899869919435
21983547,Entire home/apt,220,40.75172,-73.99784,2.342422680822206
34601499,Private room,50,40.823,-73.93966,1.6989700043360187
9944013,Private room,90,40.71521,-73.99606,1.954242509439325
9906768,Private room,80,40.72791,-73.99997,1.9030899869919435
9115251,Private room,90,40.7606,-73.97181,1.954242509439325
34203594,Entire home/apt,700,40.7601,-73.98675,2.845098040014257
23715974,Entire home/apt,190,40.80389,-73.95712,2.278753600952829
22495520,Entire home/apt,120,40.75388,-73.96727,2.0791812460476247
28881114,Private room,180,40.74768,-73.99965,2.255272505103306
33007610,Entire home/apt,7500,40.71162,-74.01693,3.8750612633917
30812751,Private room,200,40.75467,-73.99657,2.3010299956639813
25355845,Entire home/apt,200,40.74388,-73.99631,2.3010299956639813
32704496,Shared room,40,40.74433,-73.97868,1.6020599913279623
33101073,Private room,110,40.76329,-73.96119,2.041392685158225
35850990,Private room,70,40.75675,-73.98514,1.845098040014257
16506579,Private room,80,40.74788,-73.99615,1.9030899869919435
4708909,Entire home/apt,220,40.75614,-73.99341,2.342422680822206
29542012,Private room,1700,40.72208,-73.98472,3.230448921378274
35029677,Entire home/apt,300,40.75547,-73.96248,2.4771212547196626
25420252,Private room,180,40.77898,-73.98532,2.255272505103306
993514,Entire home/apt,190,40.78729,-73.97439,2.278753600952829
13093161,Entire home/apt,290,40.74641,-74.00401,2.462397997898956
8340665,Entire home/apt,140,40.77455,-73.94982,2.146128035678238
23455982,Private room,100,40.72107,-73.9834,2
31150305,Entire home/apt,210,40.72722,-73.98383,2.322219294733919
13314206,Entire home/apt,110,40.83945,-73.94353,2.041392685158225
30930476,Entire home/apt,440,40.72375,-73.98188,2.6434526764861874
16487823,Private room,600,40.75327,-73.97175,2.7781512503836434
35932913,Private room,150,40.80494,-73.95463,2.1760912590556813
17209321,Private room,100,40.72045,-73.99004,2
30759388,Entire home/apt,200,40.84658,-73.93979,2.3010299956639813
8268465,Private room,70,40.82137,-73.94769,1.845098040014257
28484124,Entire home/apt,100,40.77054,-73.99305,2
31883514,Private room,100,40.73697,-73.99563,2
8155028,Entire home/apt,160,40.70956,-74.01605,2.2041199826559246
18646653,Entire home/apt,120,40.77481,-73.95641,2.0791812460476247
12850186,Private room,80,40.71028,-74.00929,1.9030899869919435
20174221,Entire home/apt,180,40.77841,-73.97968,2.255272505103306
6121052,Entire home/apt,200,40.72337,-73.99724,2.3010299956639813
14774459,Entire home/apt,160,40.79834,-73.94761,2.2041199826559246
460999,Entire home/apt,100,40.8162,-73.94747,2
10591658,Entire home/apt,180,40.72843,-73.9999,2.255272505103306
624222,Entire home/apt,140,40.80352,-73.95127,2.146128035678238
11276229,Private room,200,40.7357,-73.98396,2.3010299956639813
6201914,Private room,80,40.81422,-73.95199,1.9030899869919435
19035560,Private room,90,40.72136,-73.97882,1.954242509439325
45936,Private room,100,40.80549,-73.95924,2
2257080,Entire home/apt,350,40.75361,-73.99501,2.5440680443502757
14147107,Entire home/apt,80,40.83117,-73.94846,1.9030899869919435
31292757,Private room,250,40.75634,-73.99641,2.3979400086720375
1781052,Entire home/apt,250,40.76456,-73.98233,2.3979400086720375
27982303,Entire home/apt,400,40.79236,-73.94689,2.6020599913279625
8087725,Entire home/apt,120,40.77343,-73.95651,2.0791812460476247
19240332,Entire home/apt,200,40.74808,-73.98172,2.3010299956639813
11903561,Entire home/apt,100,40.72093,-73.97964,2
11782585,Entire home/apt,200,40.77826,-73.97703,2.3010299956639813
35297214,Entire home/apt,3000,40.73999,-73.99806,3.4771212547196626
12983699,Entire home/apt,170,40.77301,-73.95045,2.230448921378274
34949851,Entire home/apt,240,40.7584,-73.97075,2.380211241711606
25769495,Private room,80,40.72842,-73.99289,1.9030899869919435
18596772,Private room,280,40.72237,-73.98148,2.4471580313422194
12749156,Private room,80,40.84848,-73.9343,1.9030899869919435
14488817,Private room,400,40.80901,-73.95267,2.6020599913279625
3568596,Private room,80,40.8362,-73.94033,1.9030899869919435
14946381,Private room,40,40.83849,-73.93809,1.6020599913279623
27775893,Entire home/apt,140,40.74752,-73.98679,2.146128035678238
2721610,Entire home/apt,280,40.77107,-73.95322,2.4471580313422194
327778,Entire home/apt,110,40.74016,-73.97665,2.041392685158225
24580422,Entire home/apt,150,40.74681,-73.97629,2.1760912590556813
7095426,Entire home/apt,160,40.70668,-74.00913,2.2041199826559246
21990808,Private room,120,40.75835,-73.99065,2.0791812460476247
22689939,Entire home/apt,140,40.72162,-73.97774,2.146128035678238
10731618,Private room,80,40.74095,-73.98554,1.9030899869919435
28310943,Entire home/apt,350,40.76125,-73.99389,2.5440680443502757
27579844,Entire home/apt,340,40.75216,-73.97351,2.531478917042255
30046573,Entire home/apt,250,40.74164,-73.99656,2.3979400086720375
32270481,Entire home/apt,210,40.72716,-73.9783,2.322219294733919
33423101,Private room,120,40.74636,-73.97561,2.0791812460476247
32828462,Private room,70,40.74056,-73.98077,1.845098040014257
16144479,Entire home/apt,200,40.73385,-73.99928,2.3010299956639813
20674176,Private room,70,40.76506,-73.98567,1.845098040014257
15341726,Private room,80,40.81463,-73.95106,1.9030899869919435
732624,Private room,60,40.81908,-73.94776,1.7781512503836436
31176875,Private room,120,40.77016,-73.95293,2.0791812460476247
13308276,Entire home/apt,150,40.801,-73.9613,2.1760912590556813
20920048,Private room,120,40.80508,-73.94942,2.0791812460476247
2314392,Entire home/apt,200,40.7803,-73.98347,2.3010299956639813
2636532,Entire home/apt,140,40.77278,-73.95753,2.146128035678238
35026069,Private room,100,40.72657,-73.98757,2
36097970,Entire home/apt,350,40.7469,-73.99038,2.5440680443502757
16381008,Entire home/apt,100,40.79583,-73.93595,2
20309202,Private room,90,40.71035,-74.01722,1.954242509439325
28734815,Entire home/apt,250,40.76464,-73.98737,2.3979400086720375
21827355,Private room,60,40.71447,-73.99433,1.7781512503836436
24449621,Entire home/apt,300,40.75775,-73.97956,2.4771212547196626
6689548,Entire home/apt,260,40.72287,-73.99593,2.4149733479708178
8367486,Private room,100,40.7965,-73.96179,2
12063562,Private room,200,40.75827,-73.98825,2.3010299956639813
2255340,Entire home/apt,290,40.72832,-73.99916,2.462397997898956
32286305,Entire home/apt,180,40.76324,-73.96382,2.255272505103306
19970216,Entire home/apt,120,40.713,-73.98986,2.0791812460476247
7664343,Entire home/apt,180,40.72399,-73.98869,2.255272505103306
30193258,Entire home/apt,710,40.75376,-73.96644,2.8512583487190755
20304656,Private room,60,40.80416,-73.95557,1.7781512503836436
3530122,Entire home/apt,140,40.81792,-73.94236,2.146128035678238
32548384,Entire home/apt,50,40.85019,-73.93004,1.6989700043360187
25813849,Entire home/apt,200,40.7326,-73.98681,2.3010299956639813
26443119,Private room,90,40.76129,-73.98859,1.954242509439325
31561372,Entire home/apt,130,40.75749,-73.98921,2.113943352306837
25775969,Private room,70,40.80018,-73.95379,1.845098040014257
32560880,Private room,500,40.78187,-73.94699,2.6989700043360187
5200433,Private room,80,40.72042,-73.97998,1.9030899869919435
33157359,Private room,50,40.80143,-73.93803,1.6989700043360187
14601503,Entire home/apt,160,40.72884,-74.00056,2.2041199826559246
15664673,Private room,120,40.74368,-73.99825,2.0791812460476247
29779072,Private room,150,40.82064,-73.9537,2.1760912590556813
29925332,Entire home/apt,90,40.74306,-73.97843,1.954242509439325
24538627,Entire home/apt,180,40.70503,-74.00698,2.255272505103306
7858541,Entire home/apt,220,40.71987,-73.99436,2.342422680822206
8163660,Private room,100,40.71977,-73.98176,2
18274232,Private room,180,40.76692,-73.98548,2.255272505103306
20729981,Private room,70,40.81225,-73.95197,1.845098040014257
321136,Entire home/apt,120,40.83456,-73.9457,2.0791812460476247
14167624,Entire home/apt,100,40.79356,-73.94164,2
32476606,Private room,2850,40.7354,-74.00208,3.45484486000851
34504385,Private room,210,40.70472,-74.00763,2.322219294733919
7036285,Shared room,100,40.72815,-73.97598,2
33969898,Private room,70,40.80337,-73.96511,1.845098040014257
10658564,Entire home/apt,100,40.78231,-73.94571,2
35230828,Entire home/apt,220,40.74442,-73.98047,2.342422680822206
35794415,Entire home/apt,650,40.74297,-73.98195,2.8129133566428557
21551787,Private room,150,40.79741,-73.9697,2.1760912590556813
26335893,Entire home/apt,200,40.75786,-73.96679,2.3010299956639813
4248788,Entire home/apt,250,40.77881,-73.97726,2.3979400086720375
13578642,Private room,50,40.77989,-73.94763,1.6989700043360187
32445673,Entire home/apt,100,40.81213,-73.93752,2
21452670,Private room,40,40.83089,-73.94541,1.6020599913279623
21936550,Private room,70,40.76858,-73.94436,1.845098040014257
5806273,Private room,60,40.8261,-73.95139,1.7781512503836436
36311599,Entire home/apt,320,40.76806,-73.99254,2.505149978319906
34393999,Entire home/apt,340,40.70532,-74.00681,2.531478917042255
30389066,Entire home/apt,360,40.73786,-73.9977,2.5563025007672873
11923955,Entire home/apt,200,40.76594,-73.9851,2.3010299956639813
20040994,Private room,110,40.7331,-74.01022,2.041392685158225
4967004,Entire home/apt,160,40.73721,-73.98887,2.2041199826559246
35464309,Entire home/apt,900,40.74501,-73.97774,2.9542425094393248
15009618,Private room,130,40.76408,-73.98996,2.113943352306837
21565682,Entire home/apt,170,40.72856,-74.00097,2.230448921378274
23322795,Private room,700,40.75664,-73.97191,2.845098040014257
13055236,Entire home/apt,120,40.74688,-73.97813,2.0791812460476247
25674277,Private room,100,40.79468,-73.9647,2
23660605,Private room,140,40.79766,-73.94824,2.146128035678238
20350538,Entire home/apt,160,40.73993,-74.00147,2.2041199826559246
24855248,Entire home/apt,120,40.77096,-73.95334,2.0791812460476247
25518658,Entire home/apt,200,40.73291,-74.00916,2.3010299956639813
31377252,Entire home/apt,400,40.715089999999996,-74.00779,2.6020599913279625
13151072,Entire home/apt,70,40.75989,-73.98832,1.845098040014257
13223445,Private room,120,40.77282,-73.9808,2.0791812460476247
17962656,Entire home/apt,140,40.73589,-74.00304,2.146128035678238
2695367,Private room,80,40.84203,-73.93985,1.9030899869919435
3780951,Shared room,120,40.81022,-73.94266,2.0791812460476247
7697256,Private room,130,40.78506,-73.97723,2.113943352306837
7319856,Entire home/apt,280,40.73813,-73.98098,2.4471580313422194
22639188,Entire home/apt,200,40.76464,-73.99361,2.3010299956639813
342965,Entire home/apt,350,40.76774,-73.9892,2.5440680443502757
33060929,Private room,70,40.71525,-73.98735,1.845098040014257
27635012,Entire home/apt,140,40.73028,-73.98165,2.146128035678238
35845476,Private room,90,40.71658,-73.99065,1.954242509439325
21393427,Entire home/apt,200,40.77331,-73.95328,2.3010299956639813
19891482,Entire home/apt,150,40.72225,-73.98206,2.1760912590556813
27190713,Entire home/apt,150,40.78306,-73.94524,2.1760912590556813
7637472,Private room,100,40.71959,-73.99604,2
1826701,Private room,60,40.82557,-73.95514,1.7781512503836436
29776235,Entire home/apt,150,40.80556,-73.94071,2.1760912590556813
31875616,Private room,60,40.79966,-73.96059,1.7781512503836436
32657400,Private room,40,40.82455,-73.94585,1.6020599913279623
11839668,Entire home/apt,280,40.74341,-73.9895,2.4471580313422194
7956149,Entire home/apt,200,40.7044,-74.00851,2.3010299956639813
26589357,Private room,80,40.72639,-73.97848,1.9030899869919435
24863288,Entire home/apt,70,40.81717,-73.93918,1.845098040014257
36038287,Private room,80,40.73221,-73.97941,1.9030899869919435
12985547,Entire home/apt,140,40.77219,-73.95588,2.146128035678238
30815343,Private room,70,40.74692,-73.97548,1.845098040014257
20879883,Entire home/apt,300,40.76671,-73.98849,2.4771212547196626
10489923,Entire home/apt,60,40.76859,-73.94359,1.7781512503836436
18290561,Entire home/apt,180,40.81358,-73.94296,2.255272505103306
22343274,Private room,1000,40.81379,-73.95233,3
21909291,Entire home/apt,200,40.76699,-73.98174,2.3010299956639813
10447691,Private room,50,40.71578,-73.98201,1.6989700043360187
1455804,Entire home/apt,180,40.8057,-73.95826,2.255272505103306
30709893,Private room,170,40.75106,-73.97485,2.230448921378274
22268166,Private room,70,40.79428,-73.94433,1.845098040014257
4776107,Entire home/apt,400,40.72781,-73.97646,2.6020599913279625
34933454,Entire home/apt,140,40.70644,-74.00515,2.146128035678238
4343312,Private room,60,40.80733,-73.95642,1.7781512503836436
21880038,Entire home/apt,420,40.70458,-74.00755,2.6232492903979003
2376206,Entire home/apt,100,40.76394,-73.99448,2
34111158,Entire home/apt,200,40.71655,-73.99224,2.3010299956639813
31412174,Private room,70,40.82503,-73.93767,1.845098040014257
27930328,Private room,70,40.79329,-73.94725,1.845098040014257
27237631,Entire home/apt,740,40.75238,-73.96653,2.8692317197309762
21213799,Private room,40,40.82332,-73.94426,1.6020599913279623
17735101,Entire home/apt,150,40.7606,-73.99345,2.1760912590556813
9412276,Entire home/apt,110,40.79632,-73.96879,2.041392685158225
12145189,Entire home/apt,100,40.76735,-73.98578,2
8014087,Private room,100,40.74042,-73.99714,2
13995614,Private room,140,40.74205,-73.98382,2.146128035678238
13091684,Entire home/apt,160,40.74927,-73.98303,2.2041199826559246
4282998,Entire home/apt,200,40.74092,-73.97817,2.3010299956639813
36082127,Entire home/apt,170,40.79446,-73.94455,2.230448921378274
2187847,Entire home/apt,300,40.73818,-74.00433,2.4771212547196626
31237727,Entire home/apt,120,40.76765,-73.95892,2.0791812460476247
19823771,Private room,50,40.8352,-73.94045,1.6989700043360187
13971471,Shared room,70,40.72363,-73.99546,1.845098040014257
27356543,Entire home/apt,200,40.77687,-73.95173,2.3010299956639813
15219855,Entire home/apt,280,40.73506,-73.99203,2.4471580313422194
29295665,Private room,350,40.76531,-73.9789,2.5440680443502757
65562,Entire home/apt,130,40.72956,-73.98158,2.113943352306837
24351719,Entire home/apt,980,40.72081,-73.98461,2.9912260756924947
24583645,Entire home/apt,170,40.7496,-73.98244,2.230448921378274
1255828,Private room,100,40.78323,-73.98105,2
22278941,Private room,200,40.78068,-73.94963,2.3010299956639813
30927844,Private room,1350,40.80146,-73.96076,3.130333768495006
28287064,Entire home/apt,340,40.72936,-73.98093,2.531478917042255
30941744,Entire home/apt,80,40.82211,-73.93887,1.9030899869919435
13622454,Entire home/apt,200,40.76711,-73.96177,2.3010299956639813
4765123,Private room,50,40.8261,-73.95074,1.6989700043360187
22307078,Entire home/apt,90,40.73419,-73.98132,1.954242509439325
34289331,Entire home/apt,190,40.7607,-73.9961,2.278753600952829
29466848,Entire home/apt,180,40.7223,-73.99607,2.255272505103306
26313558,Entire home/apt,300,40.77511,-73.99005,2.4771212547196626
17318814,Entire home/apt,180,40.81961,-73.94583,2.255272505103306
4930306,Entire home/apt,180,40.74141,-73.99996,2.255272505103306
8257585,Entire home/apt,240,40.72681,-73.99952,2.380211241711606
32501820,Private room,250,40.75449,-73.9677,2.3979400086720375
33527468,Entire home/apt,190,40.70604,-74.01021,2.278753600952829
16113712,Entire home/apt,180,40.80764,-73.93963,2.255272505103306
10731680,Entire home/apt,400,40.75981,-73.990710000000007,2.6020599913279625
25314610,Entire home/apt,200,40.80693,-73.94831,2.3010299956639813
22410246,Entire home/apt,250,40.76072,-73.96272,2.3979400086720375
22233024,Entire home/apt,220,40.72344,-73.99592,2.342422680822206
14823077,Private room,100,40.78962,-73.94837,2
19333921,Entire home/apt,150,40.73808,-74.00254,2.1760912590556813
24441912,Entire home/apt,180,40.81667,-73.94225,2.255272505103306
1002469,Entire home/apt,190,40.76249,-73.96054,2.278753600952829
7545751,Private room,100,40.82599,-73.94238,2
21439155,Private room,50,40.85083,-73.93623,1.6989700043360187
35352621,Private room,50,40.82168,-73.93855,1.6989700043360187
30193036,Entire home/apt,680,40.75404,-73.9671,2.832508912706236
35518765,Entire home/apt,180,40.72037,-73.99454,2.255272505103306
33097224,Entire home/apt,390,40.74362,-73.98207,2.591064607026499
14183466,Private room,120,40.76439,-73.98943,2.0791812460476247
25602541,Entire home/apt,180,40.74029,-73.98337,2.255272505103306
12386361,Private room,60,40.73365,-73.98481,1.7781512503836436
32663202,Shared room,60,40.74855,-74.00074,1.7781512503836436
27255632,Private room,60,40.75562,-73.99539,1.7781512503836436
15266254,Entire home/apt,300,40.76382,-73.98007,2.4771212547196626
26395296,Shared room,110,40.78023,-73.95069,2.041392685158225
36095625,Shared room,60,40.73143,-73.97549,1.7781512503836436
29124476,Private room,50,40.86565,-73.92348,1.6989700043360187
18573121,Entire home/apt,230,40.75194,-73.97068,2.361727836017593
1843955,Entire home/apt,280,40.76129,-73.96869,2.4471580313422194
35707945,Entire home/apt,160,40.80921,-73.94019,2.2041199826559246
9310390,Entire home/apt,380,40.72837,-73.98631,2.57978359661681
19329734,Entire home/apt,320,40.74063,-73.98205,2.505149978319906
18616217,Entire home/apt,200,40.73369,-74.00534,2.3010299956639813
29629862,Private room,80,40.72243,-74.00027,1.9030899869919435
31037859,Entire home/apt,140,40.76558,-73.98787,2.146128035678238
12253338,Private room,80,40.83498,-73.94801,1.9030899869919435
16823923,Entire home/apt,250,40.77016,-73.98126,2.3979400086720375
10319419,Private room,90,40.72156,-73.97902,1.954242509439325
19625050,Entire home/apt,150,40.78271,-73.9454,2.1760912590556813
19652739,Entire home/apt,130,40.74429,-73.99984,2.113943352306837
17864665,Entire home/apt,110,40.76987,-73.95111,2.041392685158225
34816747,Entire home/apt,200,40.80526,-73.95522,2.3010299956639813
1171955,Entire home/apt,280,40.74568,-73.98321,2.4471580313422194
32122886,Private room,60,40.80577,-73.9448,1.7781512503836436
24734527,Entire home/apt,120,40.73664,-74.00567,2.0791812460476247
30193024,Entire home/apt,680,40.75436,-73.9671,2.832508912706236
5106214,Entire home/apt,280,40.73822,-74.00606,2.4471580313422194
14317995,Entire home/apt,160,40.77666,-73.95625,2.2041199826559246
2425871,Private room,500,40.7159,-74.00834,2.6989700043360187
23453013,Entire home/apt,180,40.76,-73.98962,2.255272505103306
820218,Entire home/apt,120,40.73131,-73.98609,2.0791812460476247
11089123,Private room,100,40.72118,-73.98875,2
28801345,Private room,120,40.73106,-74.00301,2.0791812460476247
15495653,Private room,50,40.78895,-73.96754,1.6989700043360187
24230591,Private room,80,40.74512,-73.97921,1.9030899869919435
21450693,Shared room,80,40.83433,-73.94304,1.9030899869919435
15857259,Entire home/apt,2000,40.7611,-73.97412,3.3010299956639813
11943846,Entire home/apt,250,40.72175,-73.98088,2.3979400086720375
12309858,Private room,60,40.80513,-73.95445,1.7781512503836436
34683256,Private room,80,40.71098,-73.99426,1.9030899869919435
33943482,Entire home/apt,180,40.78364,-73.94586,2.255272505103306
60457,Entire home/apt,220,40.73194,-73.99474,2.342422680822206
36138789,Private room,70,40.78774,-73.94627,1.845098040014257
31859735,Private room,90,40.78136,-73.94709,1.954242509439325
9509218,Entire home/apt,170,40.73161,-73.9896,2.230448921378274
24243862,Entire home/apt,150,40.72705,-73.99904,2.1760912590556813
33528090,Entire home/apt,260,40.7425,-73.99443,2.4149733479708178
13114019,Entire home/apt,250,40.74589,-74.0048,2.3979400086720375
34384911,Entire home/apt,300,40.71634,-74.00694,2.4771212547196626
25548615,Private room,200,40.73062,-73.99981,2.3010299956639813
29777077,Entire home/apt,200,40.72611,-74.00252,2.3010299956639813
31667621,Private room,220,40.74826,-73.98887,2.342422680822206
35864932,Entire home/apt,350,40.75549,-73.96938,2.5440680443502757
552639,Entire home/apt,220,40.81757,-73.94709,2.342422680822206
16148141,Private room,80,40.85425,-73.93585,1.9030899869919435
18010406,Entire home/apt,130,40.81053,-73.94332,2.113943352306837
9711921,Entire home/apt,450,40.73123,-74.00684,2.6532125137753435
7091125,Entire home/apt,300,40.74138,-73.98814,2.4771212547196626
10612199,Private room,80,40.80708,-73.95211,1.9030899869919435
504394,Entire home/apt,150,40.79842,-73.96903,2.1760912590556813
36318764,Entire home/apt,110,40.8415,-73.93661,2.041392685158225
18423707,Entire home/apt,260,40.74559,-73.98216,2.4149733479708178
13331393,Entire home/apt,240,40.75956,-73.98512,2.380211241711606
13451599,Entire home/apt,130,40.72118,-73.98066,2.113943352306837
34478719,Entire home/apt,160,40.81396,-73.94488,2.2041199826559246
22089194,Entire home/apt,150,40.72855,-73.99767,2.1760912590556813
16154904,Private room,110,40.72075,-73.99393,2.041392685158225
28412831,Private room,130,40.73117,-74.00232,2.113943352306837
9112463,Entire home/apt,140,40.76295,-73.95725,2.146128035678238
15801420,Entire home/apt,370,40.76626,-73.98338,2.568201724066995
25055376,Entire home/apt,170,40.8067,-73.94481,2.230448921378274
14928089,Private room,110,40.8153,-73.93741,2.041392685158225
35726877,Entire home/apt,250,40.75292,-73.99487,2.3979400086720375
2659477,Entire home/apt,140,40.7913,-73.94265,2.146128035678238
34948758,Entire home/apt,130,40.7283,-73.98589,2.113943352306837
34304190,Entire home/apt,350,40.74334,-74.0025,2.5440680443502757
19550838,Entire home/apt,70,40.80291,-73.95832,1.845098040014257
35059177,Entire home/apt,600,40.79599,-73.96659,2.7781512503836434
23357789,Private room,60,40.72774,-74.00161,1.7781512503836436
34086800,Entire home/apt,410,40.70724,-74.01085,2.6127838567197355
25783739,Entire home/apt,160,40.72727,-73.98272,2.2041199826559246
11627443,Private room,80,40.7687,-73.95705,1.9030899869919435
33268138,Entire home/apt,100,40.78423,-73.94786,2
25465008,Shared room,60,40.76488,-73.98832,1.7781512503836436
26664837,Entire home/apt,90,40.85116,-73.93457,1.954242509439325
2888877,Entire home/apt,180,40.74288,-73.9803,2.255272505103306
10512812,Private room,80,40.76278,-73.96638,1.9030899869919435
234184,Entire home/apt,320,40.80903,-73.94197,2.505149978319906
16858146,Entire home/apt,120,40.76318,-73.99009,2.0791812460476247
4666584,Entire home/apt,280,40.80382,-73.94476,2.4471580313422194
35281242,Private room,200,40.73081,-74.00089,2.3010299956639813
20998163,Private room,110,40.76357,-73.98308,2.041392685158225
30819021,Entire home/apt,150,40.74719,-73.97478,2.1760912590556813
17840682,Entire home/apt,250,40.74107,-73.99936,2.3979400086720375
30046332,Private room,120,40.70815,-74.00513,2.0791812460476247
6805817,Private room,120,40.79304,-73.97725,2.0791812460476247
19056511,Private room,80,40.81515,-73.9421,1.9030899869919435
30717174,Entire home/apt,150,40.73989,-73.97984,2.1760912590556813
19749398,Private room,300,40.71359,-74.00538,2.4771212547196626
12916646,Private room,180,40.75873,-73.99197,2.255272505103306
34096795,Private room,370,40.75566,-73.99486,2.568201724066995
14882283,Private room,80,40.86541,-73.92106,1.9030899869919435
34209885,Entire home/apt,190,40.76218,-73.99646,2.278753600952829
33954574,Entire home/apt,220,40.74371,-73.99622,2.342422680822206
20409753,Shared room,70,40.72609,-73.97865,1.845098040014257
10390256,Private room,80,40.73144,-73.98355,1.9030899869919435
22361100,Entire home/apt,280,40.76282,-73.99184,2.4471580313422194
24561322,Entire home/apt,80,40.71571,-73.98699,1.9030899869919435
4218067,Entire home/apt,110,40.81422,-73.94844,2.041392685158225
28933616,Entire home/apt,250,40.71614,-73.99085,2.3979400086720375
19032888,Private room,60,40.8336,-73.94088,1.7781512503836436
21395349,Private room,90,40.72025,-73.97833,1.954242509439325
17808917,Private room,100,40.77666,-73.95618,2
27113535,Entire home/apt,220,40.77648,-73.95428,2.342422680822206
4098271,Private room,70,40.71273,-73.9882,1.845098040014257
30908640,Private room,180,40.72747,-73.98409,2.255272505103306
12897713,Entire home/apt,300,40.75041,-73.99489,2.4771212547196626
21766776,Entire home/apt,220,40.80486,-73.94889,2.342422680822206
31087094,Entire home/apt,190,40.71744,-73.995590000000007,2.278753600952829
36426319,Entire home/apt,250,40.7784,-73.9567,2.3979400086720375
24497152,Entire home/apt,150,40.75569,-73.96679,2.1760912590556813
6327529,Entire home/apt,200,40.74039,-74.00665,2.3010299956639813
30193326,Entire home/apt,710,40.75373,-73.96536,2.8512583487190755
21481778,Entire home/apt,300,40.77196,-73.95454,2.4771212547196626
1357021,Entire home/apt,220,40.75639,-73.96558,2.342422680822206
34056679,Private room,90,40.79787,-73.93568,1.954242509439325
12679172,Entire home/apt,100,40.81171,-73.95491,2
12089237,Entire home/apt,240,40.76678,-73.98336,2.380211241711606
2651125,Entire home/apt,160,40.72816,-73.98035,2.2041199826559246
3248526,Entire home/apt,80,40.82524,-73.94186,1.9030899869919435
19438978,Private room,120,40.7238,-74.00665,2.0791812460476247
21031177,Private room,100,40.72484,-73.9746,2
28832811,Private room,90,40.74413,-74.00004,1.954242509439325
3782283,Entire home/apt,150,40.73986,-74.00035,2.1760912590556813
21519958,Private room,70,40.8236,-73.9516,1.845098040014257
21436653,Entire home/apt,240,40.81222,-73.94667,2.380211241711606
4309079,Private room,130,40.72603,-73.98897,2.113943352306837
31054058,Private room,90,40.82331,-73.95454,1.954242509439325
16339175,Entire home/apt,180,40.7178,-73.98448,2.255272505103306
30348644,Entire home/apt,180,40.73857,-73.97972,2.255272505103306
11123966,Entire home/apt,90,40.82546,-73.95292,1.954242509439325
30465758,Private room,50,40.82008,-73.94057,1.6989700043360187
21204890,Private room,60,40.81567,-73.94841,1.7781512503836436
19969420,Private room,90,40.70743,-74.00785,1.954242509439325
33943216,Entire home/apt,190,40.72607,-73.98625,2.278753600952829
22353870,Private room,60,40.7987,-73.9531,1.7781512503836436
32561334,Private room,540,40.78216,-73.94841,2.7323937598229686
456110,Entire home/apt,140,40.7476,-73.99698,2.146128035678238
28515078,Entire home/apt,150,40.82778,-73.94995,2.1760912590556813
31590566,Private room,80,40.7315,-73.99961,1.9030899869919435
393682,Private room,100,40.72172,-73.99689,2
29962534,Private room,50,40.80043,-73.95859,1.6989700043360187
12067652,Entire home/apt,180,40.74507,-73.99452,2.255272505103306
27809255,Entire home/apt,150,40.75734,-73.96727,2.1760912590556813
28463654,Entire home/apt,500,40.75151,-73.99725,2.6989700043360187
30038280,Entire home/apt,180,40.72514,-73.98504,2.255272505103306
29584789,Entire home/apt,260,40.76975,-73.9524,2.4149733479708178
31730525,Entire home/apt,320,40.76246,-73.9953,2.505149978319906
11339154,Entire home/apt,180,40.79153,-73.97174,2.255272505103306
25085980,Shared room,100,40.81936,-73.95788,2
28932158,Private room,110,40.7175,-73.99962,2.041392685158225
32640768,Private room,50,40.81072,-73.94236,1.6989700043360187
10524983,Private room,90,40.76696,-73.99139,1.954242509439325
30393609,Entire home/apt,220,40.70864,-74.0051,2.342422680822206
13254864,Entire home/apt,200,40.72838,-73.99899,2.3010299956639813
32862140,Private room,40,40.74068,-73.97848,1.6020599913279623
31575039,Entire home/apt,200,40.72749,-74.0018,2.3010299956639813
17455952,Private room,60,40.81161,-73.94394,1.7781512503836436
30400683,Private room,90,40.80666,-73.95691,1.954242509439325
28931731,Entire home/apt,480,40.72259,-73.98472,2.681241237375587
9133645,Entire home/apt,220,40.71381,-73.99784,2.342422680822206
28346064,Private room,120,40.74389,-73.98033,2.0791812460476247
4244576,Shared room,40,40.8544,-73.93091,1.6020599913279623
9039236,Private room,80,40.8512,-73.93693,1.9030899869919435
4502545,Entire home/apt,280,40.7671,-73.96968,2.4471580313422194
1654551,Entire home/apt,200,40.73119,-74.00615,2.3010299956639813
33241841,Entire home/apt,280,40.76403,-73.98191,2.4471580313422194
31809360,Entire home/apt,250,40.73304,-74.00059,2.3979400086720375
7657879,Entire home/apt,270,40.74376,-74.00387,2.4313637641589874
26572767,Private room,140,40.77673,-73.95525,2.146128035678238
1252826,Entire home/apt,250,40.77244,-73.95206,2.3979400086720375
5381943,Private room,90,40.77993,-73.94879,1.954242509439325
30187850,Private room,120,40.79535,-73.9641,2.0791812460476247
386744,Private room,100,40.7685,-73.96034,2
11847204,Entire home/apt,140,40.73065,-73.9886,2.146128035678238
19011610,Private room,40,40.83318,-73.94081,1.6020599913279623
34543762,Entire home/apt,300,40.70571,-74.00784,2.4771212547196626
2396867,Private room,40,40.82039,-73.95514,1.6020599913279623
20452409,Entire home/apt,670,40.75174,-73.97213,2.8260748027008264
26148245,Private room,100,40.76718,-73.98574,2
995469,Private room,60,40.76896,-73.95898,1.7781512503836436
15742916,Entire home/apt,200,40.71819,-73.99786,2.3010299956639813
10939344,Entire home/apt,140,40.76382,-73.99498,2.146128035678238
3769257,Private room,70,40.75911,-73.96299,1.845098040014257
7201615,Entire home/apt,380,40.72525,-73.99998,2.57978359661681
29649727,Private room,80,40.71859,-73.9958,1.9030899869919435
31626920,Private room,50,40.7733,-73.98913,1.6989700043360187
33428109,Private room,70,40.73587,-74.0043,1.845098040014257
17759520,Entire home/apt,700,40.80766,-73.94342,2.845098040014257
35826827,Entire home/apt,180,40.76171,-73.98728,2.255272505103306
29559298,Entire home/apt,300,40.76434,-73.98199,2.4771212547196626
4183989,Private room,90,40.80606,-73.95061,1.954242509439325
4701425,Private room,120,40.72119,-73.98021,2.0791812460476247
30392806,Entire home/apt,280,40.71295,-74.00906,2.4471580313422194
36345911,Entire home/apt,300,40.7448,-74.00761,2.4771212547196626
7545750,Entire home/apt,70,40.86464,-73.92768,1.845098040014257
6006711,Private room,250,40.72753,-73.98749,2.3979400086720375
11434848,Private room,60,40.8006,-73.95314,1.7781512503836436
30131676,Private room,130,40.76802,-73.9906,2.113943352306837
17989537,Private room,100,40.72308,-73.97988,2
32634874,Entire home/apt,250,40.70604,-74.01216,2.3979400086720375
26138643,Entire home/apt,140,40.72202,-73.98922,2.146128035678238
22468075,Entire home/apt,80,40.79803,-73.93234,1.9030899869919435
32101427,Private room,90,40.71208,-73.9941,1.954242509439325
9403937,Entire home/apt,180,40.79224,-73.97417,2.255272505103306
30853530,Private room,60,40.82263,-73.9547,1.7781512503836436
32664246,Entire home/apt,170,40.79191,-73.93982,2.230448921378274
24267385,Entire home/apt,190,40.70688,-74.00523,2.278753600952829
25257443,Entire home/apt,160,40.72469,-73.97892,2.2041199826559246
7480795,Private room,100,40.72361,-73.98395,2
7433796,Private room,100,40.71928,-74.01125,2
7823495,Entire home/apt,800,40.7414,-73.99815,2.9030899869919438
8703355,Entire home/apt,200,40.74509,-73.98268,2.3010299956639813
25445960,Private room,300,40.75115,-73.98607,2.4771212547196626
9623722,Entire home/apt,260,40.80263,-73.94662,2.4149733479708178
20524177,Private room,80,40.76834,-73.95647,1.9030899869919435
29881712,Private room,70,40.7901,-73.94111,1.845098040014257
15929625,Private room,110,40.73338,-73.98535,2.041392685158225
13778127,Entire home/apt,150,40.7731,-73.95169,2.1760912590556813
7919636,Private room,100,40.7695,-73.95115,2
11042350,Private room,60,40.80771,-73.93967,1.7781512503836436
6078234,Entire home/apt,200,40.78866,-73.97878,2.3010299956639813
33077150,Entire home/apt,160,40.7462,-73.97296,2.2041199826559246
32266199,Private room,220,40.71683,-74.00574,2.342422680822206
9422196,Private room,100,40.73537,-73.98244,2
10774325,Entire home/apt,100,40.80806,-73.9435,2
15009751,Entire home/apt,220,40.77794,-73.9763,2.342422680822206
15701672,Private room,100,40.77079,-73.95922,2
4942200,Private room,60,40.72007,-73.98775,1.7781512503836436
21683672,Private room,80,40.7872,-73.97639,1.9030899869919435
13016417,Entire home/apt,120,40.74139,-73.9783,2.0791812460476247
34181077,Entire home/apt,500,40.74375,-73.97372,2.6989700043360187
675793,Private room,90,40.73456,-74.00347,1.954242509439325
30552680,Entire home/apt,950,40.72046,-74.00151,2.9777236052888476
1361428,Private room,100,40.72122,-73.99395,2
14952649,Entire home/apt,130,40.8419,-73.93866,2.113943352306837
16706521,Entire home/apt,110,40.72999,-74.00475,2.041392685158225
34507958,Entire home/apt,200,40.76622,-73.95295,2.3010299956639813
26385197,Private room,120,40.75577,-73.99687,2.0791812460476247
31511086,Private room,40,40.84282,-73.94133,1.6020599913279623
5728806,Private room,120,40.72217,-73.99481,2.0791812460476247
19382201,Entire home/apt,200,40.71195,-74.00757,2.3010299956639813
33346434,Entire home/apt,200,40.76207,-73.99098,2.3010299956639813
34017043,Entire home/apt,400,40.70776,-74.01169,2.6020599913279625
27612070,Entire home/apt,250,40.74673,-73.98499,2.3979400086720375
18560569,Entire home/apt,200,40.80389,-73.95178,2.3010299956639813
10692885,Entire home/apt,120,40.74237,-74.00063,2.0791812460476247
2281142,Entire home/apt,3750,40.73323,-73.98859,3.574031267727719
2135766,Entire home/apt,900,40.79478,-73.97474,2.9542425094393248
34572976,Private room,1000,40.75688,-73.99862,3
32236951,Entire home/apt,470,40.70734,-74.01064,2.6720978579357175
34055336,Private room,170,40.79034,-73.94503,2.230448921378274
14135904,Private room,80,40.81667,-73.94342,1.9030899869919435
16467731,Entire home/apt,300,40.78864,-73.97683,2.4771212547196626
34684980,Entire home/apt,100,40.70721,-74.00559,2
36280703,Entire home/apt,300,40.75906,-73.99049,2.4771212547196626
32634671,Entire home/apt,420,40.70759,-74.01242,2.6232492903979003
13045629,Private room,90,40.77736,-73.95144,1.954242509439325
19048034,Private room,40,40.85674,-73.93003,1.6020599913279623
32137567,Entire home/apt,150,40.71939,-73.99662,2.1760912590556813
19764868,Entire home/apt,140,40.78443,-73.98256,2.146128035678238
36444457,Entire home/apt,100,40.81589,-73.95346,2
16617969,Entire home/apt,80,40.83088,-73.945,1.9030899869919435
13531244,Entire home/apt,150,40.73004,-73.98225,2.1760912590556813
34370542,Private room,270,40.70877,-74.01466,2.4313637641589874
9485606,Entire home/apt,220,40.81041,-73.9445,2.342422680822206
8838957,Entire home/apt,160,40.72549,-74.00523,2.2041199826559246
35545626,Entire home/apt,250,40.80695,-73.9654,2.3979400086720375
31218952,Private room,60,40.8249,-73.94585,1.7781512503836436
30388352,Entire home/apt,290,40.77518,-73.9491,2.462397997898956
22131954,Private room,150,40.76147,-73.99908,2.1760912590556813
33055126,Entire home/apt,160,40.76156,-73.98749,2.2041199826559246
6493737,Entire home/apt,200,40.74696,-73.9767,2.3010299956639813
35607369,Entire home/apt,200,40.74399,-73.97204,2.3010299956639813
33717547,Entire home/apt,160,40.7644,-73.9633,2.2041199826559246
7269771,Entire home/apt,160,40.7305,-73.98043,2.2041199826559246
32484875,Entire home/apt,210,40.77903,-73.95071,2.322219294733919
9331671,Entire home/apt,180,40.72201,-73.98775,2.255272505103306
31283569,Private room,30,40.85547,-73.92912,1.4771212547196624
31055896,Private room,80,40.83845,-73.9412,1.9030899869919435
25497712,Private room,90,40.71252,-73.98765,1.954242509439325
25424961,Private room,60,40.72425,-74.00331,1.7781512503836436
5270589,Private room,120,40.72787,-73.98969,2.0791812460476247
23608727,Private room,50,40.80373,-73.93594,1.6989700043360187
7122067,Private room,90,40.85471,-73.93021,1.954242509439325
31067269,Private room,120,40.77018,-73.95502,2.0791812460476247
28790940,Private room,80,40.73046,-73.98589,1.9030899869919435
33558808,Entire home/apt,300,40.85129,-73.92954,2.4771212547196626
24711813,Shared room,50,40.83418,-73.94088,1.6989700043360187
11458973,Entire home/apt,420,40.76144,-73.99827,2.6232492903979003
10883053,Entire home/apt,200,40.77617,-73.94677,2.3010299956639813
33406188,Private room,170,40.70712,-74.00609,2.230448921378274
18857875,Private room,100,40.78663,-73.97844,2
27732746,Entire home/apt,190,40.73397,-74.00168,2.278753600952829
16675965,Private room,120,40.77672,-73.95559,2.0791812460476247
19790344,Entire home/apt,200,40.73881,-73.99741,2.3010299956639813
4978607,Entire home/apt,150,40.78124,-73.98475,2.1760912590556813
6635179,Entire home/apt,250,40.71968,-73.98708,2.3979400086720375
9789350,Entire home/apt,140,40.77227,-73.94968,2.146128035678238
19767346,Private room,70,40.76358,-73.98015,1.845098040014257
30798936,Private room,90,40.75651,-73.9976,1.954242509439325
25843611,Entire home/apt,180,40.79114,-73.97787,2.255272505103306
442649,Entire home/apt,120,40.74572,-73.99965,2.0791812460476247
34038619,Entire home/apt,120,40.80665,-73.96062,2.0791812460476247
14804934,Private room,50,40.78608,-73.94305,1.6989700043360187
142069,Entire home/apt,150,40.724850000000004,-73.97813,2.1760912590556813
30398902,Entire home/apt,430,40.76007,-73.98965,2.6334684555795866
16490903,Private room,100,40.84798,-73.94092,2
7936161,Private room,70,40.72157,-73.97861,1.845098040014257
27545221,Entire home/apt,120,40.71591,-73.99721,2.0791812460476247
1215122,Private room,100,40.82393,-73.95308,2
31621785,Private room,80,40.81893,-73.94512,1.9030899869919435
22983888,Entire home/apt,130,40.82101,-73.94065,2.113943352306837
23973305,Entire home/apt,120,40.77574,-73.94638,2.0791812460476247
4672445,Entire home/apt,200,40.73814,-74.000470000000007,2.3010299956639813
22147426,Entire home/apt,250,40.80814,-73.94238,2.3979400086720375
9540974,Private room,200,40.74556,-74.00156,2.3010299956639813
12902256,Private room,70,40.71366,-73.98799,1.845098040014257
29831106,Private room,140,40.75938,-73.98986,2.146128035678238
1130138,Entire home/apt,110,40.82101,-73.94582,2.041392685158225
33155909,Entire home/apt,130,40.82311,-73.94749,2.113943352306837
6349111,Private room,190,40.72297,-73.98604,2.278753600952829
11153954,Entire home/apt,80,40.80586,-73.93861,1.9030899869919435
17122439,Entire home/apt,100,40.80827,-73.93813,2
24497080,Entire home/apt,120,40.75393,-73.96612,2.0791812460476247
27832135,Private room,200,40.7181,-74.00999,2.3010299956639813
17189799,Entire home/apt,200,40.7544,-73.96721,2.3010299956639813
9935894,Shared room,70,40.78929,-73.94178,1.845098040014257
7434420,Entire home/apt,200,40.74981,-73.9786,2.3010299956639813
28849818,Entire home/apt,310,40.72272,-73.98379,2.4913616938342726
29712306,Entire home/apt,400,40.73881,-74.00398,2.6020599913279625
26828970,Entire home/apt,120,40.81381,-73.94549,2.0791812460476247
30805617,Entire home/apt,140,40.75169,-73.97162,2.146128035678238
2440173,Entire home/apt,120,40.76453,-73.99515,2.0791812460476247
4774496,Entire home/apt,180,40.77792,-73.9539,2.255272505103306
30639972,Entire home/apt,220,40.75501,-73.96594,2.342422680822206
6260442,Entire home/apt,320,40.77894,-73.98099,2.505149978319906
4438931,Private room,60,40.86626,-73.92543,1.7781512503836436
3216400,Private room,80,40.76158,-73.96031,1.9030899869919435
981410,Entire home/apt,170,40.73331,-74.00471,2.230448921378274
11514756,Private room,250,40.75921,-73.97361,2.3979400086720375
267376,Private room,60,40.70741,-74.00102,1.7781512503836436
2209460,Private room,110,40.73747,-74.00014,2.041392685158225
8880194,Private room,100,40.74382,-73.98798,2
16706758,Private room,100,40.75369,-73.96679,2
11298300,Entire home/apt,140,40.79589,-73.96811,2.146128035678238
1043046,Entire home/apt,160,40.74112,-74.00177,2.2041199826559246
23702356,Private room,150,40.81274,-73.9455,2.1760912590556813
21004111,Entire home/apt,200,40.72236,-73.97756,2.3010299956639813
8583175,Private room,30,40.82855,-73.94033,1.4771212547196624
24258565,Entire home/apt,200,40.72213,-73.99479,2.3010299956639813
22445969,Entire home/apt,150,40.74934,-73.9781,2.1760912590556813
13624873,Private room,80,40.72544,-73.9899,1.9030899869919435
25011733,Entire home/apt,170,40.71529,-73.99088,2.230448921378274
34817616,Entire home/apt,200,40.76047,-73.99202,2.3010299956639813
25057086,Entire home/apt,200,40.73058,-74.0021,2.3010299956639813
12423497,Entire home/apt,140,40.76507,-73.98393,2.146128035678238
593292,Entire home/apt,160,40.75128,-73.97658,2.2041199826559246
10342806,Private room,40,40.85143,-73.93089,1.6020599913279623
9842780,Entire home/apt,300,40.73238,-73.99517,2.4771212547196626
30038437,Entire home/apt,340,40.77064,-73.96197,2.531478917042255
13231183,Entire home/apt,140,40.76161,-73.96192,2.146128035678238
34997420,Private room,60,40.80676,-73.94884,1.7781512503836436
17610059,Private room,100,40.74525,-73.99229,2
8275069,Private room,180,40.77001,-73.95691,2.255272505103306
36112665,Entire home/apt,250,40.75871,-73.99659,2.3979400086720375
18105293,Entire home/apt,270,40.70481,-74.00805,2.4313637641589874
6450457,Entire home/apt,200,40.74077,-73.98085,2.3010299956639813
31878663,Private room,60,40.79852,-73.96091,1.7781512503836436
6674363,Private room,130,40.73969,-73.99447,2.113943352306837
34017119,Entire home/apt,220,40.70735,-74.01221,2.342422680822206
35220744,Entire home/apt,300,40.75917,-73.99785,2.4771212547196626
20167736,Entire home/apt,200,40.7534,-73.97186,2.3010299956639813
19051802,Entire home/apt,280,40.72669,-73.98864,2.4471580313422194
34217313,Entire home/apt,190,40.76229,-73.99628,2.278753600952829
7496720,Entire home/apt,140,40.72295,-73.98246,2.146128035678238
22531898,Private room,30,40.80253,-73.96315,1.4771212547196624
5358354,Entire home/apt,170,40.76685,-73.98644,2.230448921378274
29967433,Private room,50,40.83175,-73.94052,1.6989700043360187
30179869,Entire home/apt,140,40.73031,-73.98666,2.146128035678238
35006121,Entire home/apt,150,40.76383,-73.98368,2.1760912590556813
31319380,Entire home/apt,150,40.77905,-73.9535,2.1760912590556813
5434150,Entire home/apt,140,40.72937,-74.00125,2.146128035678238
35195915,Entire home/apt,300,40.749,-74.002440000000007,2.4771212547196626
32969639,Entire home/apt,170,40.73478,-74.00015,2.230448921378274
35880571,Entire home/apt,170,40.78549,-73.97188,2.230448921378274
4988556,Private room,80,40.79492,-73.94087,1.9030899869919435
32342394,Entire home/apt,500,40.75393,-73.99667,2.6989700043360187
14696215,Entire home/apt,200,40.73903,-73.98267,2.3010299956639813
20191868,Entire home/apt,350,40.76255,-73.97453,2.5440680443502757
8963790,Entire home/apt,180,40.76348,-73.94859,2.255272505103306
18758108,Private room,60,40.80225,-73.96633,1.7781512503836436
33830460,Private room,100,40.72554,-73.98875,2
8131995,Entire home/apt,160,40.73845,-73.9795,2.2041199826559246
576916,Entire home/apt,160,40.79785,-73.97202,2.2041199826559246
15929281,Private room,80,40.72468,-73.9783,1.9030899869919435
34574929,Entire home/apt,160,40.7202,-73.9891,2.2041199826559246
17679822,Entire home/apt,150,40.81315,-73.94747,2.1760912590556813
29242098,Private room,160,40.85671,-73.92735,2.2041199826559246
12856529,Entire home/apt,180,40.76386,-73.97702,2.255272505103306
651475,Private room,110,40.73337,-73.984,2.041392685158225
30193375,Entire home/apt,680,40.75385,-73.96573,2.832508912706236
24082591,Entire home/apt,280,40.84634,-73.93861,2.4471580313422194
2457755,Entire home/apt,150,40.76852,-73.98735,2.1760912590556813
2799360,Entire home/apt,80,40.78414,-73.9783,1.9030899869919435
31270742,Private room,150,40.75975,-73.99533,2.1760912590556813
35649754,Entire home/apt,150,40.7637,-73.99184,2.1760912590556813
12407244,Private room,80,40.7192,-73.98431,1.9030899869919435
22106002,Private room,100,40.74688,-73.99657,2
20539354,Private room,200,40.75172,-73.97212,2.3010299956639813
26602263,Private room,70,40.79976,-73.95119,1.845098040014257
3562245,Entire home/apt,360,40.72832,-73.9852,2.5563025007672873
20888020,Private room,80,40.79499,-73.97669,1.9030899869919435
34490376,Private room,100,40.76267,-73.98557,2
314982,Private room,90,40.73171,-73.98717,1.954242509439325
25724871,Private room,80,40.81371,-73.95242,1.9030899869919435
13237190,Shared room,120,40.76995,-73.95604,2.0791812460476247
7535342,Entire home/apt,200,40.7603,-73.99222,2.3010299956639813
35601668,Entire home/apt,160,40.72304,-73.98372,2.2041199826559246
23006296,Entire home/apt,150,40.72196,-73.98083,2.1760912590556813
33995769,Entire home/apt,190,40.72222,-73.98221,2.278753600952829
31676259,Entire home/apt,220,40.76497,-73.98191,2.342422680822206
2728293,Private room,90,40.7221,-73.98259,1.954242509439325
23668736,Entire home/apt,150,40.74636,-73.98681,2.1760912590556813
32722219,Private room,30,40.86428,-73.92199,1.4771212547196624
3210405,Entire home/apt,220,40.71883,-73.99716,2.342422680822206
15032254,Private room,110,40.76485,-73.98121,2.041392685158225
24060140,Entire home/apt,80,40.73048,-73.98269,1.9030899869919435
28736904,Entire home/apt,320,40.76419,-73.98949,2.505149978319906
25517826,Private room,140,40.76463,-73.98562,2.146128035678238
27336951,Entire home/apt,350,40.77134,-73.95498,2.5440680443502757
17560543,Private room,50,40.81955,-73.95587,1.6989700043360187
16236157,Entire home/apt,120,40.80447,-73.94623,2.0791812460476247
8994197,Entire home/apt,160,40.72744,-73.99979,2.2041199826559246
17252037,Private room,70,40.72412,-73.97815,1.845098040014257
34498360,Entire home/apt,180,40.75562,-73.99459,2.255272505103306
19117322,Entire home/apt,250,40.758,-73.97906,2.3979400086720375
33228127,Entire home/apt,400,40.72687,-73.98416,2.6020599913279625
4757941,Entire home/apt,240,40.72619,-73.98284,2.380211241711606
3603287,Private room,80,40.72061,-73.99472,1.9030899869919435
7358801,Private room,140,40.72065,-73.98273,2.146128035678238
30735480,Entire home/apt,600,40.71456,-73.98717,2.7781512503836434
30347099,Entire home/apt,350,40.73004,-74.00128,2.5440680443502757
20786225,Private room,90,40.797110000000004,-73.93255,1.954242509439325
35548672,Private room,60,40.84655,-73.93332,1.7781512503836436
18871455,Private room,60,40.76312,-73.96045,1.7781512503836436
25895132,Private room,80,40.81313,-73.96148,1.9030899869919435
27955820,Entire home/apt,220,40.76168,-74.00079,2.342422680822206
36277331,Entire home/apt,220,40.76703,-73.96979,2.342422680822206
15218579,Private room,650,40.75359,-73.97295,2.8129133566428557
8173232,Entire home/apt,180,40.77914,-73.94965,2.255272505103306
36000376,Entire home/apt,800,40.74263,-74.00234,2.9030899869919438
13032261,Entire home/apt,350,40.75315,-73.97339,2.5440680443502757
6999056,Private room,70,40.80418,-73.95513,1.845098040014257
24034969,Private room,60,40.79931,-73.94726,1.7781512503836436
13669613,Entire home/apt,180,40.73172,-73.9846,2.255272505103306
34060242,Entire home/apt,360,40.70816,-74.0019,2.5563025007672873
19847065,Entire home/apt,190,40.77509,-73.98159,2.278753600952829
9787634,Entire home/apt,70,40.77507,-73.94896,1.845098040014257
30089955,Entire home/apt,600,40.74933,-73.98467,2.7781512503836434
36455584,Entire home/apt,160,40.73231,-73.98689,2.2041199826559246
35617505,Private room,80,40.81173,-73.94213,1.9030899869919435
13282840,Private room,80,40.79532,-73.94454,1.9030899869919435
310338,Private room,80,40.82451,-73.94457,1.9030899869919435
4815028,Entire home/apt,130,40.80123,-73.96248,2.113943352306837
35803740,Entire home/apt,200,40.76139,-73.9625,2.3010299956639813
9835402,Entire home/apt,300,40.78333,-73.94996,2.4771212547196626
5580236,Entire home/apt,320,40.80251,-73.96532,2.505149978319906
22515329,Entire home/apt,100,40.8141,-73.93602,2
21716449,Entire home/apt,100,40.81095,-73.93942,2
11611298,Private room,100,40.73737,-73.97995,2
25927829,Private room,120,40.7258,-73.99969,2.0791812460476247
30389474,Entire home/apt,400,40.73003,-74.00215,2.6020599913279625
35463466,Entire home/apt,250,40.729730000000004,-74.00166,2.3979400086720375
31549470,Entire home/apt,240,40.77478,-73.95486,2.380211241711606
6505898,Entire home/apt,200,40.83771,-73.94638,2.3010299956639813
895386,Entire home/apt,170,40.80706,-73.95403,2.230448921378274
30418156,Private room,70,40.75294,-73.97105,1.845098040014257
1586935,Entire home/apt,250,40.73494,-73.98751,2.3979400086720375
33636056,Entire home/apt,220,40.76112,-73.98663,2.342422680822206
3741945,Private room,70,40.77707,-73.95652,1.845098040014257
13392392,Entire home/apt,250,40.72591,-73.98917,2.3979400086720375
33101286,Entire home/apt,400,40.73242,-74.00404,2.6020599913279625
34247014,Entire home/apt,750,40.71734,-74.00858,2.8750612633917
27234677,Private room,120,40.7729,-73.95761,2.0791812460476247
29445977,Entire home/apt,280,40.81861,-73.94565,2.4471580313422194
21490751,Entire home/apt,110,40.71601,-73.99056,2.041392685158225
34334524,Entire home/apt,190,40.76343,-73.99134,2.278753600952829
7363109,Entire home/apt,190,40.71729,-73.98442,2.278753600952829
27002850,Shared room,80,40.76441,-73.98692,1.9030899869919435
20762692,Entire home/apt,120,40.8055,-73.95478,2.0791812460476247
30915138,Private room,80,40.76574,-73.9583,1.9030899869919435
17516489,Entire home/apt,180,40.8513,-73.93681,2.255272505103306
7066414,Entire home/apt,120,40.77553,-73.95343,2.0791812460476247
18734320,Private room,50,40.83543,-73.94372,1.6989700043360187
35163692,Private room,60,40.82187,-73.95562,1.7781512503836436
7973484,Entire home/apt,120,40.76769,-73.95236,2.0791812460476247
19172876,Private room,160,40.75594,-73.98259,2.2041199826559246
16190577,Private room,150,40.78565,-73.94268,2.1760912590556813
28933262,Private room,350,40.75378,-73.97156,2.5440680443502757
19603759,Private room,160,40.79572,-73.9481,2.2041199826559246
31152858,Private room,110,40.80998,-73.959,2.041392685158225
2425980,Private room,60,40.82301,-73.94907,1.7781512503836436
9457285,Entire home/apt,210,40.76892,-73.96845,2.322219294733919
262583,Entire home/apt,300,40.73312,-74.0042,2.4771212547196626
855919,Entire home/apt,120,40.80845,-73.94435,2.0791812460476247
20881198,Private room,160,40.76495,-73.9853,2.2041199826559246
29893519,Entire home/apt,100,40.72207,-73.98726,2
13061064,Private room,100,40.77687,-73.9546,2
9804849,Private room,80,40.76278,-73.98178,1.9030899869919435
22246294,Entire home/apt,720,40.72224,-73.99991,2.8573324964312685
4694625,Entire home/apt,250,40.7135,-73.988,2.3979400086720375
21192158,Entire home/apt,150,40.75001,-73.97573,2.1760912590556813
11782120,Entire home/apt,200,40.76452,-73.99439,2.3010299956639813
23627589,Entire home/apt,500,40.75102,-73.99841,2.6989700043360187
32238131,Entire home/apt,210,40.70731,-74.01056,2.322219294733919
35598561,Entire home/apt,300,40.80099,-73.96514,2.4771212547196626
3614113,Private room,60,40.72966,-73.98515,1.7781512503836436
5010729,Entire home/apt,170,40.77537,-73.95029,2.230448921378274
33621795,Private room,140,40.7211,-73.9893,2.146128035678238
19966023,Entire home/apt,130,40.72897,-73.9811,2.113943352306837
16828918,Private room,60,40.72043,-73.99706,1.7781512503836436
31127921,Entire home/apt,300,40.72685,-73.9837,2.4771212547196626
18050153,Entire home/apt,130,40.74686,-74.0043,2.113943352306837
33445970,Shared room,100,40.76691,-73.98726,2
2135116,Private room,110,40.71,-74.0154,2.041392685158225
7884922,Entire home/apt,250,40.74716,-74.000470000000007,2.3979400086720375
9660751,Entire home/apt,200,40.72316,-73.9844,2.3010299956639813
32400196,Entire home/apt,110,40.81461,-73.94635,2.041392685158225
33636535,Entire home/apt,210,40.75923,-73.9865,2.322219294733919
34111820,Private room,80,40.83298,-73.93874,1.9030899869919435
3817666,Entire home/apt,150,40.7662,-73.98612,2.1760912590556813
30810353,Private room,160,40.75934,-73.99563,2.2041199826559246
29829412,Private room,100,40.80246,-73.95737,2
6554879,Private room,80,40.77323,-73.95567,1.9030899869919435
26000298,Entire home/apt,390,40.72712,-74.00065,2.591064607026499
1476238,Entire home/apt,300,40.76084,-73.96908,2.4771212547196626
30913799,Private room,90,40.76927,-73.98477,1.954242509439325
16381746,Private room,80,40.70618,-74.00385,1.9030899869919435
35646392,Private room,360,40.76391,-73.98028,2.5563025007672873
24564608,Private room,90,40.70988,-73.98666,1.954242509439325
2636643,Entire home/apt,100,40.78061,-73.9498,2
32714435,Entire home/apt,350,40.76212,-73.9981,2.5440680443502757
4824211,Private room,70,40.72503,-73.97696,1.845098040014257
22046354,Private room,60,40.78313,-73.97555,1.7781512503836436
8409246,Entire home/apt,240,40.72625,-73.98173,2.380211241711606
3208904,Private room,90,40.71254,-73.98535,1.954242509439325
21967654,Private room,80,40.72317,-73.99084,1.9030899869919435
3721826,Entire home/apt,180,40.77883,-73.95498,2.255272505103306
34086656,Entire home/apt,240,40.70649,-74.01217,2.380211241711606
32457051,Private room,420,40.78385,-73.94828,2.6232492903979003
30483778,Private room,70,40.7589,-73.99165,1.845098040014257
18933994,Private room,90,40.75118,-73.99902,1.954242509439325
1809547,Private room,80,40.80126,-73.9454,1.9030899869919435
6988265,Entire home/apt,120,40.85183,-73.94022,2.0791812460476247
26627762,Private room,30,40.85466,-73.92771,1.4771212547196624
12125287,Entire home/apt,180,40.7035,-74.00713,2.255272505103306
14538181,Private room,100,40.74202,-73.98032,2
36075020,Entire home/apt,120,40.8233,-73.95122,2.0791812460476247
12955454,Private room,50,40.83018,-73.9483,1.6989700043360187
19161785,Private room,40,40.81937,-73.95763,1.6020599913279623
24574987,Private room,50,40.80552,-73.94031,1.6989700043360187
24281831,Entire home/apt,250,40.75087,-73.9953,2.3979400086720375
4285876,Entire home/apt,140,40.71281,-73.99174,2.146128035678238
29104593,Private room,100,40.77375,-73.9541,2
3469295,Entire home/apt,300,40.80422,-73.93841,2.4771212547196626
16392514,Private room,100,40.75725,-73.98796,2
34624240,Shared room,80,40.79905,-73.94453,1.9030899869919435
8943358,Private room,80,40.72476,-74.00387,1.9030899869919435
34895399,Entire home/apt,260,40.7483,-73.97444,2.4149733479708178
13040171,Private room,100,40.72906,-73.98006,2
29822873,Entire home/apt,280,40.72994,-74.00456,2.4471580313422194
6761084,Entire home/apt,90,40.85322,-73.93563,1.954242509439325
12362194,Entire home/apt,400,40.78039,-73.98426,2.6020599913279625
47199,Private room,80,40.76834,-73.95334,1.9030899869919435
21413190,Private room,150,40.77158,-73.98976,2.1760912590556813
769279,Private room,100,40.72439,-73.97767,2
25736749,Entire home/apt,220,40.79874,-73.96649,2.342422680822206
16463445,Entire home/apt,200,40.77198,-73.95003,2.3010299956639813
26357145,Entire home/apt,200,40.7503,-73.97605,2.3010299956639813
18055685,Entire home/apt,150,40.81321,-73.94556,2.1760912590556813
19455149,Private room,50,40.74944,-73.99774,1.6989700043360187
8555250,Private room,120,40.75731,-73.98435,2.0791812460476247
792142,Entire home/apt,150,40.76553,-73.96262,2.1760912590556813
30233548,Private room,50,40.82206,-73.95573,1.6989700043360187
24096826,Private room,270,40.87621,-73.90997,2.4313637641589874
32681548,Private room,250,40.78162,-73.97941,2.3979400086720375
15781214,Private room,80,40.83837,-73.94224,1.9030899869919435
10837800,Private room,40,40.83525,-73.9452,1.6020599913279623
12831088,Entire home/apt,200,40.77861,-73.98336,2.3010299956639813
27804120,Private room,60,40.75393,-73.99633,1.7781512503836436
16845648,Entire home/apt,200,40.78429,-73.94878,2.3010299956639813
31904156,Private room,120,40.70493,-74.0102,2.0791812460476247
29138655,Entire home/apt,430,40.70587,-74.01773,2.6334684555795866
16260353,Private room,80,40.86269,-73.9222,1.9030899869919435
27139685,Shared room,40,40.76391,-73.99325,1.6020599913279623
10016124,Entire home/apt,170,40.74908,-73.980950000000007,2.230448921378274
28833410,Entire home/apt,280,40.72277,-74.00464,2.4471580313422194
12360660,Private room,90,40.71703,-73.99338,1.954242509439325
17155039,Private room,50,40.80224,-73.93732,1.6989700043360187
16289292,Entire home/apt,420,40.73067,-73.98853,2.6232492903979003
15230339,Entire home/apt,530,40.7619,-73.99819,2.724275869600789
34511326,Entire home/apt,340,40.75535,-73.96469,2.531478917042255
13264690,Private room,60,40.82605,-73.94219,1.7781512503836436
21547318,Private room,80,40.84859,-73.942,1.9030899869919435
2297951,Private room,70,40.72035,-74.00493,1.845098040014257
9843277,Entire home/apt,80,40.80638,-73.96245,1.9030899869919435
22180263,Private room,70,40.82389,-73.93887,1.845098040014257
35447651,Entire home/apt,450,40.76276,-73.9895,2.6532125137753435
7510415,Entire home/apt,180,40.81095,-73.9443,2.255272505103306
15430782,Private room,100,40.72962,-73.99932,2
11199622,Entire home/apt,230,40.7318,-73.98998,2.361727836017593
6064471,Entire home/apt,340,40.7208,-73.9867,2.531478917042255
10036313,Entire home/apt,420,40.74135,-73.99507,2.6232492903979003
28284019,Entire home/apt,120,40.79916,-73.93959,2.0791812460476247
8842793,Entire home/apt,180,40.72337,-73.99574,2.255272505103306
24866257,Private room,180,40.75069,-73.99736,2.255272505103306
16311386,Entire home/apt,250,40.72733,-73.99037,2.3979400086720375
7094262,Entire home/apt,150,40.75788,-73.9689,2.1760912590556813
13411560,Entire home/apt,150,40.77856,-73.98278,2.1760912590556813
29626161,Private room,80,40.80441,-73.96352,1.9030899869919435
5697062,Entire home/apt,220,40.7091,-74.01286,2.342422680822206
21253502,Entire home/apt,520,40.76183,-73.99181,2.716003343634799
12542485,Entire home/apt,180,40.7493,-73.98132,2.255272505103306
21869546,Private room,90,40.82978,-73.94823,1.954242509439325
31307651,Private room,200,40.75681,-73.99865,2.3010299956639813
35430128,Entire home/apt,140,40.79836,-73.96784,2.146128035678238
20300137,Entire home/apt,140,40.72526,-73.98128,2.146128035678238
9367923,Private room,250,40.73294,-73.99726,2.3979400086720375
16148691,Entire home/apt,210,40.82408,-73.94643,2.322219294733919
6546016,Private room,80,40.82589,-73.95094,1.9030899869919435
34759503,Private room,60,40.82802,-73.944820000000007,1.7781512503836436
17299611,Private room,150,40.73381,-74.00365,2.1760912590556813
10452737,Private room,140,40.75126,-73.99498,2.146128035678238
32570179,Private room,60,40.82931,-73.94183,1.7781512503836436
29994325,Entire home/apt,400,40.78196,-73.98283,2.6020599913279625
6423799,Entire home/apt,90,40.78885,-73.98013,1.954242509439325
26274345,Private room,100,40.85221,-73.93916,2
12310495,Private room,80,40.80713,-73.9542,1.9030899869919435
25210171,Entire home/apt,100,40.86734,-73.92102,2
19818960,Private room,140,40.81553,-73.94672,2.146128035678238
1391683,Private room,80,40.8469,-73.94522,1.9030899869919435
12954148,Private room,70,40.80045,-73.96119,1.845098040014257
26844905,Private room,110,40.73269,-73.98833,2.041392685158225
5601147,Entire home/apt,100,40.80469,-73.96381,2
30477370,Private room,100,40.76708,-73.94607,2
33717623,Entire home/apt,360,40.71492,-74.01154,2.5563025007672873
33093166,Private room,80,40.72849,-73.98576,1.9030899869919435
1931341,Private room,40,40.70602,-74.0072,1.6020599913279623
34284408,Entire home/apt,130,40.70685,-74.00698,2.113943352306837
13655779,Entire home/apt,200,40.72857,-73.9854,2.3010299956639813
8845002,Entire home/apt,240,40.74197,-74.00409,2.380211241711606
29871943,Private room,60,40.84616,-73.93855,1.7781512503836436
29923618,Entire home/apt,550,40.71992,-73.98472,2.7403626894942437
6948441,Entire home/apt,220,40.74723,-73.9916,2.342422680822206
13980926,Entire home/apt,90,40.72441,-73.98683,1.954242509439325
30339947,Entire home/apt,210,40.74154,-73.99283,2.322219294733919
3325807,Entire home/apt,140,40.79921,-73.96704,2.146128035678238
18170615,Private room,100,40.80416,-73.96538,2
10340849,Entire home/apt,400,40.76367,-73.98613,2.6020599913279625
11145050,Entire home/apt,120,40.79191,-73.97322,2.0791812460476247
22811207,Private room,60,40.82742,-73.94878,1.7781512503836436
872035,Private room,100,40.8032,-73.94004,2
18312034,Entire home/apt,1480,40.76482,-73.96061,3.1702617153949575
29393808,Entire home/apt,180,40.74011,-73.99745,2.255272505103306
854521,Private room,60,40.80925,-73.95541,1.7781512503836436
32035609,Entire home/apt,450,40.7984,-73.94014,2.6532125137753435
31801234,Entire home/apt,130,40.76672,-73.96111,2.113943352306837
30809679,Private room,180,40.76036,-73.99676,2.255272505103306
26949336,Private room,140,40.71765,-73.99798,2.146128035678238
22232463,Entire home/apt,140,40.7443,-73.99732,2.146128035678238
16557829,Private room,40,40.86688,-73.92402,1.6020599913279623
11451070,Entire home/apt,130,40.8042,-73.96507,2.113943352306837
13563330,Private room,40,40.82841,-73.94922,1.6020599913279623
20662567,Private room,150,40.78875,-73.9679,2.1760912590556813
17193761,Private room,60,40.71573,-73.99176,1.7781512503836436
4854552,Private room,600,40.73001,-73.97579,2.7781512503836434
10158141,Entire home/apt,500,40.72895,-73.9934,2.6989700043360187
17766580,Entire home/apt,150,40.7203,-73.99172,2.1760912590556813
25942651,Private room,60,40.84089,-73.94109,1.7781512503836436
23203929,Private room,160,40.77722,-73.97834,2.2041199826559246
9861797,Entire home/apt,200,40.79322,-73.96726,2.3010299956639813
33881088,Private room,50,40.83532,-73.94428,1.6989700043360187
30525727,Private room,30,40.85127,-73.92985,1.4771212547196624
20331717,Private room,140,40.73891,-73.98295,2.146128035678238
28162058,Entire home/apt,220,40.81084,-73.944820000000007,2.342422680822206
27489188,Entire home/apt,160,40.73569,-73.98097,2.2041199826559246
8065272,Entire home/apt,180,40.7354,-74.00861,2.255272505103306
20651451,Private room,100,40.81793,-73.94017,2
29484840,Private room,40,40.84832,-73.93583,1.6020599913279623
6225766,Entire home/apt,280,40.72014,-73.992679999999993,2.4471580313422194
30021086,Private room,100,40.75638,-73.9675,2
14182564,Entire home/apt,80,40.74737,-73.97407,1.9030899869919435
17587833,Entire home/apt,150,40.7481,-73.97771,2.1760912590556813
1941439,Private room,80,40.79629,-73.94769,1.9030899869919435
8416681,Private room,60,40.71915,-73.98546,1.7781512503836436
35717735,Entire home/apt,400,40.74499,-74.00704,2.6020599913279625
9545498,Private room,80,40.72363,-73.98234,1.9030899869919435
6958924,Entire home/apt,80,40.78768,-73.97238,1.9030899869919435
6364280,Private room,150,40.73707,-74.00524,2.1760912590556813
4320934,Entire home/apt,130,40.81599,-73.94676,2.113943352306837
32527273,Entire home/apt,180,40.72835,-74.00159,2.255272505103306
6662112,Entire home/apt,140,40.79982,-73.95405,2.146128035678238
13513592,Private room,50,40.80346,-73.96488,1.6989700043360187
9073600,Entire home/apt,100,40.7834,-73.94556,2
10748040,Private room,60,40.82903,-73.94747,1.7781512503836436
33883852,Entire home/apt,160,40.76491,-73.98659,2.2041199826559246
33682910,Entire home/apt,200,40.75544,-73.96452,2.3010299956639813
25204636,Private room,90,40.73675,-73.998,1.954242509439325
34084476,Entire home/apt,180,40.73863,-73.97989,2.255272505103306
31818771,Private room,70,40.70961,-73.98679,1.845098040014257
27786467,Entire home/apt,200,40.80597,-73.95348,2.3010299956639813
33431687,Entire home/apt,160,40.80653,-73.94942,2.2041199826559246
29129902,Entire home/apt,280,40.79566,-73.96954,2.4471580313422194
35424717,Entire home/apt,230,40.72358,-74.00397,2.361727836017593
10337217,Entire home/apt,100,40.77467,-73.95405,2
35907127,Entire home/apt,280,40.76212,-73.99771,2.4471580313422194
30146411,Entire home/apt,3000,40.73652,-73.98618,3.4771212547196626
8354383,Entire home/apt,240,40.73524,-73.98441,2.380211241711606
35252356,Entire home/apt,950,40.73927,-73.98774,2.9777236052888476
6940108,Entire home/apt,140,40.77252,-73.9556,2.146128035678238
28931117,Entire home/apt,150,40.75927,-73.9939,2.1760912590556813
13659997,Entire home/apt,130,40.73786,-73.98678,2.113943352306837
35474470,Entire home/apt,210,40.75765,-73.99247,2.322219294733919
19954367,Private room,60,40.82086,-73.94486,1.7781512503836436
841292,Private room,110,40.74712,-73.99514,2.041392685158225
9880673,Entire home/apt,240,40.76702,-73.9834,2.380211241711606
29847492,Entire home/apt,100,40.78179,-73.94693,2
14472385,Entire home/apt,250,40.7437,-73.99896,2.3979400086720375
30759268,Entire home/apt,160,40.73103,-74.00197,2.2041199826559246
18828134,Entire home/apt,80,40.72772,-73.98091,1.9030899869919435
25860270,Private room,60,40.72585,-73.97967,1.7781512503836436
29831510,Private room,100,40.80076,-73.95742,2
28635863,Entire home/apt,400,40.7348,-73.99785,2.6020599913279625
24357562,Private room,90,40.71848,-73.98439,1.954242509439325
35424418,Entire home/apt,100,40.86542,-73.92092,2
6871600,Private room,100,40.7214,-73.99635,2
36351128,Entire home/apt,110,40.80281,-73.9655,2.041392685158225
11490215,Entire home/apt,450,40.80792,-73.96728,2.6532125137753435
860163,Entire home/apt,120,40.78844,-73.94951,2.0791812460476247
1428648,Private room,110,40.72998,-73.99999,2.041392685158225
19325562,Private room,100,40.72706,-73.985830000000007,2
12273048,Entire home/apt,150,40.76237,-73.98285,2.1760912590556813
17824351,Private room,80,40.72552,-73.98657,1.9030899869919435
15896468,Entire home/apt,250,40.79084,-73.93962,2.3979400086720375
33488044,Private room,260,40.7272,-73.98288,2.4149733479708178
35005797,Entire home/apt,550,40.80154,-73.96106,2.7403626894942437
9464605,Private room,60,40.73683,-73.98191,1.7781512503836436
25103135,Private room,40,40.82493,-73.93825,1.6020599913279623
31543246,Entire home/apt,140,40.8089,-73.94349,2.146128035678238
35451637,Private room,90,40.80445,-73.9567,1.954242509439325
11526771,Private room,140,40.7339,-73.98523,2.146128035678238
15377806,Private room,100,40.81668,-73.94407,2
28669168,Private room,140,40.74256,-73.97912,2.146128035678238
4549627,Private room,130,40.75506,-73.99622,2.113943352306837
21851368,Entire home/apt,130,40.84182,-73.93898,2.113943352306837
34255351,Entire home/apt,250,40.76273,-73.99192,2.3979400086720375
15912452,Private room,40,40.86859,-73.91948,1.6020599913279623
27252615,Entire home/apt,350,40.74422,-73.97124,2.5440680443502757
9057283,Entire home/apt,180,40.75891,-73.9845,2.255272505103306
3496384,Private room,80,40.74977,-73.99647,1.9030899869919435
32342911,Entire home/apt,650,40.75572,-73.99509,2.8129133566428557
1696381,Private room,80,40.7977,-73.93754,1.9030899869919435
6371890,Private room,110,40.71959,-74.00429,2.041392685158225
6377161,Entire home/apt,400,40.73637,-73.98619,2.6020599913279625
13492449,Entire home/apt,190,40.7332,-74.0039,2.278753600952829
21410257,Entire home/apt,250,40.72617,-73.99218,2.3979400086720375
2022958,Entire home/apt,250,40.76709,-73.98577,2.3979400086720375
20695930,Private room,90,40.8098,-73.9441,1.954242509439325
2310445,Entire home/apt,150,40.74935,-73.99723,2.1760912590556813
15191882,Entire home/apt,200,40.75324,-73.97217,2.3010299956639813
780205,Entire home/apt,220,40.71247,-73.99873,2.342422680822206
893853,Entire home/apt,180,40.74207,-73.99094,2.255272505103306
34867034,Entire home/apt,440,40.74743,-73.99136,2.6434526764861874
23292216,Entire home/apt,300,40.7196,-73.98133,2.4771212547196626
9393127,Entire home/apt,200,40.72161,-73.98013,2.3010299956639813
30675435,Private room,210,40.75641,-73.9971,2.322219294733919
15625579,Entire home/apt,160,40.75954,-73.96099,2.2041199826559246
8186181,Entire home/apt,120,40.75463,-73.97445,2.0791812460476247
5784146,Entire home/apt,320,40.76236,-73.95827,2.505149978319906
33928971,Entire home/apt,450,40.73264,-74.00422,2.6532125137753435
35268203,Private room,80,40.78481,-73.95303,1.9030899869919435
28693418,Entire home/apt,200,40.78285,-73.97487,2.3010299956639813
3208747,Entire home/apt,120,40.77802,-73.98256,2.0791812460476247
7725573,Private room,80,40.81469,-73.94887,1.9030899869919435
779838,Entire home/apt,200,40.7982,-73.97173,2.3010299956639813
30981245,Entire home/apt,410,40.71324,-73.99881,2.6127838567197355
3593491,Private room,40,40.82071,-73.93813,1.6020599913279623
16677170,Entire home/apt,230,40.74503,-73.99922,2.361727836017593
25069823,Private room,100,40.83298,-73.948,2
30399435,Entire home/apt,310,40.72235,-73.98911,2.4913616938342726
18612291,Private room,60,40.80864,-73.95913,1.7781512503836436
510218,Entire home/apt,180,40.79218,-73.97926,2.255272505103306
28978328,Private room,40,40.79701,-73.93709,1.6020599913279623
24687253,Private room,100,40.7659,-73.98557,2
33444872,Shared room,70,40.73392,-73.98085,1.845098040014257
7500030,Entire home/apt,250,40.72682,-73.97845,2.3979400086720375
9273161,Entire home/apt,80,40.72356,-74.00472,1.9030899869919435
3393798,Entire home/apt,250,40.73817,-74.00274,2.3979400086720375
35811237,Entire home/apt,100,40.74942,-73.9817,2
24852364,Private room,170,40.75377,-73.97302,2.230448921378274
19970764,Entire home/apt,450,40.72337,-73.99057,2.6532125137753435
8610093,Entire home/apt,80,40.81281,-73.95882,1.9030899869919435
9405124,Private room,50,40.79947,-73.964,1.6989700043360187
36264087,Entire home/apt,180,40.72349,-73.99322,2.255272505103306
6924793,Entire home/apt,100,40.7179,-73.98477,2
8025808,Entire home/apt,300,40.71555,-73.99298,2.4771212547196626
5123033,Entire home/apt,120,40.75587,-73.96856,2.0791812460476247
22850413,Private room,60,40.80095,-73.96725,1.7781512503836436
3339399,Entire home/apt,300,40.73316,-74.00632,2.4771212547196626
4680299,Private room,70,40.85658,-73.92656,1.845098040014257
34182985,Private room,50,40.82261,-73.95544,1.6989700043360187
10154138,Entire home/apt,220,40.73713,-74.00358,2.342422680822206
31378549,Entire home/apt,200,40.70768,-74.00603,2.3010299956639813
29459091,Private room,80,40.83284,-73.94461,1.9030899869919435
26191578,Private room,240,40.79838,-73.97076,2.380211241711606
35937183,Entire home/apt,350,40.71717,-73.99817,2.5440680443502757
4396939,Private room,90,40.76049,-73.99569,1.954242509439325
13435688,Entire home/apt,150,40.76369,-73.98476,2.1760912590556813
33334958,Entire home/apt,150,40.76218,-73.95858,2.1760912590556813
2783468,Entire home/apt,150,40.77349,-73.95137,2.1760912590556813
35836317,Entire home/apt,290,40.7449,-73.97888,2.462397997898956
19554598,Entire home/apt,220,40.71809,-73.99811,2.342422680822206
21764576,Entire home/apt,130,40.72336,-73.98079,2.113943352306837
16363923,Entire home/apt,120,40.73021,-74.00663,2.0791812460476247
8885835,Private room,120,40.76285,-73.99159,2.0791812460476247
229367,Private room,90,40.72645,-73.98035,1.954242509439325
6647114,Private room,140,40.73267,-74.00379,2.146128035678238
13622647,Shared room,80,40.77775,-73.95361,1.9030899869919435
13721612,Entire home/apt,350,40.77857,-73.9539,2.5440680443502757
13099447,Entire home/apt,170,40.76212,-73.9882,2.230448921378274
10244876,Private room,200,40.81052,-73.94008,2.3010299956639813
30792215,Private room,160,40.75568,-73.99661,2.2041199826559246
5052897,Entire home/apt,250,40.76173,-73.96183,2.3979400086720375
20690781,Private room,150,40.72733,-73.9958,2.1760912590556813
19323563,Entire home/apt,260,40.72141,-73.98855,2.4149733479708178
7224484,Entire home/apt,110,40.71992,-73.98822,2.041392685158225
9445501,Entire home/apt,80,40.76376,-73.99323,1.9030899869919435
5760510,Entire home/apt,110,40.72292,-73.99242,2.041392685158225
19913761,Private room,110,40.71136,-73.99391,2.041392685158225
21253783,Entire home/apt,250,40.76858,-73.9847,2.3979400086720375
3772256,Private room,350,40.76514,-73.98058,2.5440680443502757
29681004,Entire home/apt,500,40.73513,-74.0063,2.6989700043360187
2055303,Entire home/apt,140,40.80163,-73.95413,2.146128035678238
7954940,Private room,100,40.72775,-73.9863,2
33904680,Private room,90,40.76537,-73.98767,1.954242509439325
33709466,Entire home/apt,210,40.70751,-74.01059,2.322219294733919
11046443,Entire home/apt,80,40.79736,-73.94203,1.9030899869919435
18273151,Private room,100,40.70438,-74.00894,2
9998154,Private room,130,40.72658,-73.97827,2.113943352306837
35233735,Entire home/apt,930,40.75501,-73.99376,2.9684829485539352
8241378,Private room,110,40.73618,-74.00201,2.041392685158225
10207267,Entire home/apt,140,40.79544,-73.96736,2.146128035678238
30707567,Private room,80,40.83477,-73.94293,1.9030899869919435
24135740,Entire home/apt,650,40.72468,-73.98996,2.8129133566428557
14121045,Entire home/apt,250,40.72461,-74.01136,2.3979400086720375
4000571,Private room,200,40.80452,-73.96393,2.3010299956639813
26499284,Private room,90,40.80624,-73.9634,1.954242509439325
10674243,Private room,70,40.86912,-73.91988,1.845098040014257
6988905,Entire home/apt,190,40.7544,-73.97345,2.278753600952829
19013613,Entire home/apt,1600,40.73983,-74.00586,3.2041199826559246
17591278,Entire home/apt,250,40.74314,-73.99552,2.3979400086720375
3979611,Entire home/apt,1400,40.75592,-73.95515,3.146128035678238
30911300,Entire home/apt,160,40.77382,-73.9535,2.2041199826559246
10509662,Private room,80,40.72302,-74.00487,1.9030899869919435
4016121,Entire home/apt,350,40.72322,-73.99351,2.5440680443502757
9668485,Private room,110,40.79479,-73.94919,2.041392685158225
684808,Entire home/apt,130,40.74888,-73.97828,2.113943352306837
21423426,Entire home/apt,190,40.72171,-73.98307,2.278753600952829
23989379,Entire home/apt,90,40.82847,-73.93701,1.954242509439325
33294992,Private room,120,40.79668,-73.93434,2.0791812460476247
11950302,Shared room,80,40.72982,-73.98823,1.9030899869919435
13170049,Private room,80,40.86709,-73.92962,1.9030899869919435
14556587,Entire home/apt,160,40.80191,-73.9688,2.2041199826559246
33499489,Private room,90,40.76808,-73.98625,1.954242509439325
31153254,Private room,250,40.75017,-73.97241,2.3979400086720375
8082651,Private room,40,40.80557,-73.94618,1.6020599913279623
28308278,Entire home/apt,590,40.71317,-74.00654,2.7708520116421442
34539781,Entire home/apt,250,40.75236,-73.9793,2.3979400086720375
18996206,Entire home/apt,460,40.76269,-73.96053,2.662757831681574
34980397,Entire home/apt,130,40.72657,-73.98796,2.113943352306837
27386339,Entire home/apt,350,40.76191,-73.99818,2.5440680443502757
14446717,Entire home/apt,150,40.77445,-73.98002,2.1760912590556813
4798794,Entire home/apt,250,40.73245,-74.00275,2.3979400086720375
1039983,Entire home/apt,1000,40.72008,-74.0043,3
21305248,Entire home/apt,200,40.76197,-73.98961,2.3010299956639813
30663568,Entire home/apt,240,40.73079,-73.98117,2.380211241711606
33680582,Entire home/apt,180,40.78091,-73.95384,2.255272505103306
28127032,Entire home/apt,300,40.70798,-74.00591,2.4771212547196626
34719445,Entire home/apt,460,40.74125,-73.98297,2.662757831681574
18922939,Entire home/apt,100,40.82843,-73.94672,2
9607952,Entire home/apt,350,40.70835,-74.00702,2.5440680443502757
7886308,Entire home/apt,300,40.73428,-73.98521,2.4771212547196626
24622596,Private room,60,40.71152,-73.99166,1.7781512503836436
29243359,Shared room,80,40.77156,-73.95716,1.9030899869919435
27045165,Shared room,40,40.85671,-73.93011,1.6020599913279623
2243548,Entire home/apt,300,40.72082,-73.99028,2.4771212547196626
13723312,Entire home/apt,110,40.81139,-73.94094,2.041392685158225
17544220,Shared room,40,40.76731,-73.95419,1.6020599913279623
6671082,Entire home/apt,150,40.72865,-73.98023,2.1760912590556813
30591478,Private room,160,40.82428,-73.94854,2.2041199826559246
30776172,Entire home/apt,180,40.7058,-74.01559,2.255272505103306
31947104,Private room,300,40.7549,-73.99679,2.4771212547196626
21589646,Shared room,120,40.72549,-73.99198,2.0791812460476247
29074124,Private room,100,40.76108,-73.99358,2
9561251,Private room,250,40.76928,-73.96163,2.3979400086720375
34041587,Private room,140,40.80536,-73.95469,2.146128035678238
20394608,Private room,50,40.82094,-73.95366,1.6989700043360187
28608920,Entire home/apt,160,40.78581,-73.97179,2.2041199826559246
4719825,Entire home/apt,160,40.79973,-73.9711,2.2041199826559246
21861819,Entire home/apt,140,40.73738,-74.00012,2.146128035678238
13262082,Private room,100,40.72954,-73.98842,2
4623217,Entire home/apt,100,40.726,-73.97773,2
16634534,Private room,50,40.80715,-73.93834,1.6989700043360187
5718935,Entire home/apt,220,40.79589,-73.96187,2.342422680822206
1306966,Entire home/apt,180,40.72805,-73.99871,2.255272505103306
17117602,Private room,70,40.71449,-73.99094,1.845098040014257
33708931,Private room,150,40.75256,-73.99653,2.1760912590556813
34785319,Entire home/apt,250,40.73682,-74.00406,2.3979400086720375
14549287,Entire home/apt,190,40.71906,-73.98836,2.278753600952829
9471893,Entire home/apt,220,40.72772,-74.0013,2.342422680822206
6412693,Private room,60,40.84543,-73.94283,1.7781512503836436
1150594,Entire home/apt,130,40.7252,-73.98261,2.113943352306837
5534192,Entire home/apt,100,40.84347,-73.93406,2
652466,Entire home/apt,100,40.7419,-73.9816,2
11739698,Entire home/apt,130,40.75892,-73.98949,2.113943352306837
35580305,Entire home/apt,220,40.70517,-74.00907,2.342422680822206
28133007,Entire home/apt,200,40.73642,-73.9924,2.3010299956639813
24780232,Entire home/apt,350,40.80937,-73.95881,2.5440680443502757
15511749,Entire home/apt,80,40.72391,-74.00658,1.9030899869919435
36027436,Entire home/apt,270,40.76577,-73.98482,2.4313637641589874
855549,Private room,90,40.79279,-73.97131,1.954242509439325
18034890,Private room,100,40.74701,-73.9914,2
212178,Entire home/apt,230,40.75877,-73.98863,2.361727836017593
2331148,Entire home/apt,180,40.72171,-73.99053,2.255272505103306
14105220,Entire home/apt,300,40.73564,-74.00303,2.4771212547196626
35348877,Entire home/apt,240,40.75217,-73.99828,2.380211241711606
13951783,Entire home/apt,280,40.76463,-73.98855,2.4471580313422194
9237600,Entire home/apt,180,40.71704,-74.0162,2.255272505103306
20438015,Entire home/apt,250,40.78304,-73.97309,2.3979400086720375
24716751,Private room,60,40.8175,-73.95234,1.7781512503836436
23723855,Private room,180,40.79114,-73.9671,2.255272505103306
28812604,Private room,120,40.73596,-73.99614,2.0791812460476247
27108423,Entire home/apt,280,40.72617,-73.97934,2.4471580313422194
25048962,Entire home/apt,450,40.72373,-74.00552,2.6532125137753435
34420423,Entire home/apt,600,40.72592,-73.98701,2.7781512503836434
23039363,Entire home/apt,250,40.77712,-73.95176,2.3979400086720375
12563738,Entire home/apt,380,40.80276,-73.94976,2.57978359661681
34384950,Entire home/apt,270,40.71663,-74.00647,2.4313637641589874
28222556,Private room,70,40.82266,-73.95481,1.845098040014257
24282118,Entire home/apt,100,40.70615,-74.00752,2
2249878,Entire home/apt,380,40.78531,-73.96988,2.57978359661681
19699596,Entire home/apt,150,40.81661,-73.93471,2.1760912590556813
32678726,Private room,100,40.75925,-73.98767,2
2419574,Private room,120,40.76589,-73.98536,2.0791812460476247
1039435,Entire home/apt,220,40.75879,-73.9638,2.342422680822206
21490301,Entire home/apt,250,40.72077,-73.98923,2.3979400086720375
4379307,Entire home/apt,180,40.73858,-74.00145,2.255272505103306
27468323,Private room,110,40.79917,-73.93716,2.041392685158225
34150989,Entire home/apt,300,40.84237,-73.93914,2.4771212547196626
32225197,Entire home/apt,230,40.7075,-74.01023,2.361727836017593
33060504,Entire home/apt,160,40.76213,-73.94893,2.2041199826559246
10561771,Entire home/apt,70,40.80734,-73.94666,1.845098040014257
21041077,Private room,70,40.7844,-73.9485,1.845098040014257
35190131,Entire home/apt,150,40.76157,-73.99278,2.1760912590556813
4600556,Entire home/apt,300,40.78318,-73.94556,2.4771212547196626
18599296,Entire home/apt,170,40.77294,-73.95351,2.230448921378274
11754456,Entire home/apt,160,40.72815,-74.00111,2.2041199826559246
10786240,Private room,80,40.75979,-73.99216,1.9030899869919435
31652254,Entire home/apt,1200,40.72095,-73.997559999999993,3.0791812460476247
11389773,Private room,60,40.74721,-73.98968,1.7781512503836436
23790556,Private room,90,40.73099,-73.98477,1.954242509439325
30513180,Entire home/apt,100,40.76756,-73.96856,2
9971730,Entire home/apt,200,40.73342,-74.00615,2.3010299956639813
27046708,Entire home/apt,1250,40.72367,-73.99868,3.0969100130080562
27909175,Private room,70,40.80672,-73.94993,1.845098040014257
13589297,Private room,90,40.79394,-73.97665,1.954242509439325
15984877,Entire home/apt,250,40.72068,-73.99291,2.3979400086720375
29181504,Entire home/apt,150,40.72941,-73.98094,2.1760912590556813
21370205,Private room,90,40.76587,-73.98527,1.954242509439325
27237606,Entire home/apt,740,40.75269,-73.96678,2.8692317197309762
19914762,Entire home/apt,200,40.72177,-73.99675,2.3010299956639813
22616613,Private room,30,40.86395,-73.92007,1.4771212547196624
23709995,Entire home/apt,80,40.71735,-73.99956,1.9030899869919435
28604409,Entire home/apt,210,40.74653,-73.98481,2.322219294733919
17368006,Private room,80,40.74819,-73.9954,1.9030899869919435
22355018,Private room,130,40.71835,-73.99641,2.113943352306837
1507845,Entire home/apt,160,40.77006,-73.95441,2.2041199826559246
3870294,Entire home/apt,250,40.72471,-73.98673,2.3979400086720375
34228220,Entire home/apt,220,40.75548,-73.99513,2.342422680822206
10021820,Entire home/apt,200,40.72799,-74.00046,2.3010299956639813
10460113,Private room,90,40.82021,-73.95307,1.954242509439325
25871304,Private room,30,40.81205,-73.94309,1.4771212547196624
30562360,Entire home/apt,200,40.74005,-74.00525,2.3010299956639813
20928429,Private room,60,40.8233,-73.94461,1.7781512503836436
8021914,Private room,150,40.80189,-73.96962,2.1760912590556813
8741020,Entire home/apt,240,40.73631,-74.00611,2.380211241711606
29176864,Entire home/apt,80,40.78833,-73.97182,1.9030899869919435
30748041,Private room,80,40.77221,-73.95528,1.9030899869919435
34999950,Entire home/apt,120,40.81508,-73.93742,2.0791812460476247
20678183,Private room,100,40.78602,-73.94977,2
30501806,Entire home/apt,180,40.79283,-73.975,2.255272505103306
4823105,Private room,40,40.84359,-73.94134,1.6020599913279623
8286139,Private room,90,40.71413,-73.9864,1.954242509439325
23091275,Entire home/apt,160,40.7654,-73.98039,2.2041199826559246
7244824,Private room,60,40.82028,-73.95381,1.7781512503836436
34234982,Private room,140,40.81548,-73.94556,2.146128035678238
25815764,Private room,60,40.7557,-73.99563,1.7781512503836436
503529,Entire home/apt,200,40.72701,-74.0011,2.3010299956639813
21785453,Private room,60,40.76424,-73.98713,1.7781512503836436
24676594,Entire home/apt,250,40.72911,-74.00001,2.3979400086720375
28736839,Entire home/apt,300,40.81148,-73.9514,2.4771212547196626
12902467,Entire home/apt,150,40.7266,-73.97872,2.1760912590556813
6384383,Private room,200,40.73249,-73.9887,2.3010299956639813
28367264,Entire home/apt,170,40.7442,-73.97355,2.230448921378274
32308362,Entire home/apt,220,40.77995,-73.98464,2.342422680822206
30466608,Entire home/apt,120,40.80017,-73.96882,2.0791812460476247
32759322,Private room,60,40.79359,-73.9407,1.7781512503836436
11187722,Entire home/apt,180,40.75577,-73.99466,2.255272505103306
2085632,Entire home/apt,300,40.72247,-73.97923,2.4771212547196626
1869432,Entire home/apt,210,40.72838,-74.00462,2.322219294733919
28964081,Entire home/apt,140,40.74377,-73.99905,2.146128035678238
9991319,Entire home/apt,120,40.74604,-73.98555,2.0791812460476247
33309892,Private room,100,40.8003,-73.96436,2
1087215,Entire home/apt,300,40.74877,-73.9994,2.4771212547196626
25180572,Entire home/apt,180,40.77701,-73.97667,2.255272505103306
30644741,Private room,100,40.7086,-74.01376,2
837256,Entire home/apt,280,40.77389,-73.951,2.4471580313422194
7126110,Private room,100,40.72393,-73.98271,2
34543674,Entire home/apt,580,40.77731,-73.97954,2.7634279935629373
555206,Private room,100,40.72718,-73.9812,2
6799957,Private room,160,40.75987,-73.99056,2.2041199826559246
35799708,Entire home/apt,190,40.76783,-73.98847,2.278753600952829
18269285,Shared room,100,40.76013,-73.96566,2
6776711,Entire home/apt,150,40.76966,-73.95319,2.1760912590556813
643591,Entire home/apt,150,40.78455,-73.97352,2.1760912590556813
13124637,Private room,60,40.79613,-73.96658,1.7781512503836436
19118803,Entire home/apt,280,40.70546,-74.01465,2.4471580313422194
6797564,Entire home/apt,120,40.73727,-73.98432,2.0791812460476247
5536560,Entire home/apt,150,40.78257,-73.97681,2.1760912590556813
36450896,Entire home/apt,480,40.70605,-74.01042,2.681241237375587
13912712,Entire home/apt,130,40.76911,-73.95694,2.113943352306837
26075796,Entire home/apt,110,40.80395,-73.96311,2.041392685158225
10017458,Entire home/apt,150,40.74495,-73.97627,2.1760912590556813
31916725,Entire home/apt,800,40.74829,-73.98326,2.9030899869919438
31861939,Entire home/apt,220,40.76655,-73.9891,2.342422680822206
34177117,Entire home/apt,700,40.76118,-73.98635,2.845098040014257
4885569,Entire home/apt,180,40.73055,-74.0007,2.255272505103306
4777597,Entire home/apt,220,40.73932,-73.99264,2.342422680822206
29654002,Entire home/apt,100,40.79112,-73.93606,2
5918053,Private room,140,40.72741,-74.00178,2.146128035678238
15158194,Entire home/apt,70,40.83355,-73.93839,1.845098040014257
33514031,Entire home/apt,110,40.72493,-73.99318,2.041392685158225
22794168,Private room,50,40.81899,-73.94714,1.6989700043360187
17376723,Entire home/apt,180,40.7621,-73.99354,2.255272505103306
24555741,Private room,60,40.79856,-73.97174,1.7781512503836436
22354307,Entire home/apt,190,40.72547,-74.0021,2.278753600952829
9864121,Entire home/apt,140,40.74612,-73.98948,2.146128035678238
735890,Entire home/apt,120,40.72369,-73.9894,2.0791812460476247
24935780,Entire home/apt,180,40.76189,-73.98991,2.255272505103306
11715651,Entire home/apt,160,40.74044,-73.98029,2.2041199826559246
3281606,Private room,160,40.80002,-73.95559,2.2041199826559246
31758029,Entire home/apt,120,40.7221,-73.98304,2.0791812460476247
14202979,Entire home/apt,210,40.78004,-73.98314,2.322219294733919
2020881,Entire home/apt,300,40.73003,-73.98576,2.4771212547196626
16206313,Private room,90,40.77968,-73.94815,1.954242509439325
1974700,Entire home/apt,250,40.81381,-73.94166,2.3979400086720375
26923831,Entire home/apt,120,40.73502,-73.986,2.0791812460476247
22288453,Private room,70,40.83034,-73.94017,1.845098040014257
4352537,Private room,60,40.73541,-73.98061,1.7781512503836436
31292343,Private room,100,40.7297,-73.97959,2
8304576,Entire home/apt,140,40.70698,-74.01383,2.146128035678238
27782635,Entire home/apt,240,40.70628,-74.00654,2.380211241711606
1307723,Private room,150,40.80274,-73.96459,2.1760912590556813
5873309,Shared room,40,40.8034,-73.96832,1.6020599913279623
20679666,Entire home/apt,380,40.76363,-73.98746,2.57978359661681
10134557,Shared room,100,40.72423,-73.98327,2
21227009,Entire home/apt,250,40.7456,-73.99771,2.3979400086720375
13562635,Entire home/apt,220,40.76646,-73.98649,2.342422680822206
22266234,Entire home/apt,330,40.76405,-73.98877,2.5185139398778875
23250710,Entire home/apt,190,40.72923,-73.98197,2.278753600952829
15205915,Private room,800,40.7521,-73.972,2.9030899869919438
33716700,Entire home/apt,130,40.77116,-73.95776,2.113943352306837
35384172,Entire home/apt,300,40.74363,-73.9773,2.4771212547196626
3727861,Private room,200,40.80257,-73.9548,2.3010299956639813
32466179,Entire home/apt,200,40.74898,-73.97534,2.3010299956639813
35454095,Entire home/apt,800,40.76254,-73.96223,2.9030899869919438
6610244,Entire home/apt,130,40.82536,-73.94383,2.113943352306837
23748179,Private room,150,40.80849,-73.94244,2.1760912590556813
18057747,Private room,60,40.80674,-73.95616,1.7781512503836436
4152752,Private room,100,40.76444,-73.98965,2
9855028,Entire home/apt,240,40.76482,-73.98216,2.380211241711606
35874052,Private room,50,40.80413,-73.96556,1.6989700043360187
29410763,Entire home/apt,500,40.76094,-73.99778,2.6989700043360187
9592655,Private room,80,40.81026,-73.95279,1.9030899869919435
9679935,Private room,220,40.75328,-73.97212,2.342422680822206
28052259,Private room,150,40.74123,-73.97559,2.1760912590556813
20362110,Private room,80,40.81876,-73.93974,1.9030899869919435
25694039,Entire home/apt,200,40.70819,-74.00662,2.3010299956639813
775280,Entire home/apt,280,40.81381,-73.94314,2.4471580313422194
8166218,Entire home/apt,220,40.73921,-73.99717,2.342422680822206
8428777,Entire home/apt,120,40.84747,-73.94279,2.0791812460476247
24938183,Entire home/apt,330,40.7258,-73.97963,2.5185139398778875
32125944,Private room,60,40.72764,-73.9906,1.7781512503836436
12084205,Private room,60,40.72966,-73.98476,1.7781512503836436
19051760,Private room,80,40.84733,-73.93445,1.9030899869919435
20135169,Entire home/apt,120,40.85213,-73.9336,2.0791812460476247
21810960,Entire home/apt,600,40.7513,-73.98333,2.7781512503836434
28135177,Private room,140,40.73039,-74.00208,2.146128035678238
25426171,Private room,60,40.7551,-73.99651,1.7781512503836436
10090735,Entire home/apt,180,40.74156,-74.00037,2.255272505103306
9999351,Entire home/apt,170,40.76438,-73.95871,2.230448921378274
12556300,Entire home/apt,300,40.76253,-73.98939,2.4771212547196626
26713367,Private room,110,40.72382,-73.97683,2.041392685158225
16725879,Entire home/apt,500,40.72182,-74.00033,2.6989700043360187
23549904,Entire home/apt,250,40.73709,-73.98027,2.3979400086720375
9945496,Entire home/apt,150,40.76443,-73.98728,2.1760912590556813
6403485,Entire home/apt,100,40.80645,-73.95261,2
814327,Private room,80,40.77171,-73.95042,1.9030899869919435
25030446,Entire home/apt,220,40.71854,-74.00352,2.342422680822206
30739837,Entire home/apt,500,40.79167,-73.97864,2.6989700043360187
26665387,Entire home/apt,500,40.74493,-73.9824,2.6989700043360187
5903889,Private room,80,40.71758,-73.99201,1.9030899869919435
8407963,Entire home/apt,180,40.74268,-73.98401,2.255272505103306
28807852,Private room,100,40.72458,-74.00312,2
28785322,Entire home/apt,180,40.71064,-74.00754,2.255272505103306
212109,Private room,80,40.73854,-74.00821,1.9030899869919435
33342049,Entire home/apt,210,40.76581,-73.98745,2.322219294733919
15620823,Entire home/apt,210,40.7365,-73.99751,2.322219294733919
17512277,Entire home/apt,150,40.74916,-73.98115,2.1760912590556813
6467905,Private room,60,40.82948,-73.94876,1.7781512503836436
34335188,Entire home/apt,340,40.7265,-73.9822,2.531478917042255
13000527,Private room,100,40.71098,-73.99296,2
17281121,Private room,60,40.85369,-73.93237,1.7781512503836436
17005665,Private room,80,40.78568,-73.94868,1.9030899869919435
34491611,Private room,100,40.76097,-73.98181,2
1704798,Private room,80,40.75224,-73.99487,1.9030899869919435
31427366,Private room,50,40.85085,-73.94134,1.6989700043360187
21432084,Private room,140,40.75873,-73.99041,2.146128035678238
26810428,Private room,240,40.76475,-73.9932,2.380211241711606
13209514,Entire home/apt,150,40.70433,-74.00706,2.1760912590556813
31988004,Private room,60,40.79901,-73.96135,1.7781512503836436
35719162,Entire home/apt,400,40.72076,-73.98843,2.6020599913279625
6806165,Private room,80,40.8334,-73.93913,1.9030899869919435
11049502,Entire home/apt,200,40.7264,-73.97889,2.3010299956639813
9477359,Entire home/apt,180,40.72311,-73.98389,2.255272505103306
26074006,Private room,50,40.81217,-73.94406,1.6989700043360187
17383253,Entire home/apt,140,40.79584,-73.96242,2.146128035678238
15475362,Entire home/apt,120,40.79284,-73.96858,2.0791812460476247
9757018,Private room,50,40.87663,-73.91041,1.6989700043360187
13466302,Entire home/apt,320,40.77981,-73.98499,2.505149978319906
15509546,Private room,80,40.72576,-74.00381,1.9030899869919435
12002288,Entire home/apt,240,40.76497,-73.98201,2.380211241711606
11651980,Entire home/apt,160,40.75605,-73.96503,2.2041199826559246
222304,Entire home/apt,200,40.74233,-73.99865,2.3010299956639813
23106013,Entire home/apt,300,40.72651,-73.99196,2.4771212547196626
26275643,Entire home/apt,220,40.76776,-73.95214,2.342422680822206
30429469,Private room,200,40.75472,-73.99713,2.3010299956639813
4350495,Private room,70,40.79008,-73.94766,1.845098040014257
23485307,Entire home/apt,130,40.70234,-74.01047,2.113943352306837
33944826,Private room,60,40.83588,-73.93978,1.7781512503836436
27903031,Private room,140,40.76399,-73.98077,2.146128035678238
20746887,Private room,60,40.86339,-73.92045,1.7781512503836436
7084621,Entire home/apt,350,40.73634,-74.00485,2.5440680443502757
27237586,Entire home/apt,740,40.75451,-73.96708,2.8692317197309762
26606648,Private room,60,40.82763,-73.94404,1.7781512503836436
5067348,Entire home/apt,250,40.75977,-73.98981,2.3979400086720375
2194382,Entire home/apt,300,40.78731,-73.97805,2.4771212547196626
4203460,Entire home/apt,270,40.7444,-73.98031,2.4313637641589874
5594883,Private room,80,40.80672,-73.95404,1.9030899869919435
35005499,Shared room,60,40.74673,-73.98305,1.7781512503836436
20235849,Entire home/apt,130,40.78078,-73.95301,2.113943352306837
23170204,Private room,80,40.74405,-73.97596,1.9030899869919435
28860105,Entire home/apt,300,40.70734,-74.00837,2.4771212547196626
9840355,Entire home/apt,120,40.73113,-74.00314,2.0791812460476247
15709537,Entire home/apt,160,40.71983,-73.98196,2.2041199826559246
27869100,Private room,150,40.76043,-73.97075,2.1760912590556813
7403721,Entire home/apt,390,40.76441,-73.98058,2.591064607026499
22208315,Private room,80,40.78309,-73.97831,1.9030899869919435
22019711,Private room,40,40.85677,-73.92986,1.6020599913279623
13265710,Private room,70,40.81834,-73.93929,1.845098040014257
21669322,Entire home/apt,180,40.73014,-73.98152,2.255272505103306
15675274,Entire home/apt,120,40.7754,-73.95236,2.0791812460476247
26252069,Shared room,80,40.76389,-73.9871,1.9030899869919435
13157343,Entire home/apt,100,40.86383,-73.92905,2
31794109,Entire home/apt,240,40.75194,-73.99501,2.380211241711606
18239917,Entire home/apt,400,40.72448,-73.99247,2.6020599913279625
10032495,Private room,50,40.80195,-73.96714,1.6989700043360187
2804557,Private room,100,40.80504,-73.96454,2
22658582,Shared room,30,40.8024,-73.93735,1.4771212547196624
9437085,Private room,50,40.83907,-73.94256,1.6989700043360187
35315486,Entire home/apt,300,40.74625,-74,2.4771212547196626
33717828,Private room,90,40.80004,-73.96838,1.954242509439325
21951184,Entire home/apt,130,40.77084,-73.94956,2.113943352306837
29703465,Entire home/apt,250,40.80602,-73.95627,2.3979400086720375
9429015,Entire home/apt,280,40.78198,-73.97803,2.4471580313422194
30580793,Private room,150,40.72189,-73.99133,2.1760912590556813
13431961,Entire home/apt,180,40.7847,-73.97155,2.255272505103306
16616522,Entire home/apt,180,40.79465,-73.94021,2.255272505103306
34245023,Private room,50,40.79527,-73.96666,1.6989700043360187
24204582,Entire home/apt,120,40.82008,-73.95523,2.0791812460476247
13623700,Entire home/apt,280,40.73577,-73.98057,2.4471580313422194
1864061,Entire home/apt,520,40.75562,-73.99736,2.716003343634799
16360002,Private room,100,40.79677,-73.94823,2
4422602,Entire home/apt,250,40.72801,-73.98336,2.3979400086720375
12593389,Entire home/apt,120,40.7998,-73.96098,2.0791812460476247
7699516,Entire home/apt,110,40.8508,-73.94004,2.041392685158225
31622417,Entire home/apt,200,40.74125,-73.99876,2.3010299956639813
2895820,Private room,110,40.73362,-73.9892,2.041392685158225
14094480,Entire home/apt,150,40.78992,-73.94888,2.1760912590556813
26472079,Entire home/apt,90,40.80998,-73.95756,1.954242509439325
13098452,Entire home/apt,130,40.85073,-73.93851,2.113943352306837
3602739,Private room,90,40.71445,-73.99287,1.954242509439325
15506908,Entire home/apt,230,40.72021,-73.99592,2.361727836017593
35167097,Private room,120,40.74421,-73.99093,2.0791812460476247
33740789,Private room,50,40.81482,-73.95192,1.6989700043360187
34705589,Entire home/apt,250,40.72904,-74.00119,2.3979400086720375
15860051,Private room,70,40.72524,-73.97777,1.845098040014257
4530432,Entire home/apt,70,40.83488,-73.93843,1.845098040014257
25340516,Entire home/apt,1000,40.76516,-73.96562,3
30232726,Private room,70,40.83001,-73.94925,1.845098040014257
986727,Entire home/apt,160,40.80626,-73.94009,2.2041199826559246
18873930,Entire home/apt,180,40.7496,-73.97609,2.255272505103306
3439207,Private room,60,40.82186,-73.95672,1.7781512503836436
20119459,Private room,80,40.71375,-73.98988,1.9030899869919435
34516657,Private room,100,40.85584,-73.93364,2
266155,Entire home/apt,170,40.78304,-73.97447,2.230448921378274
29509608,Private room,150,40.70626,-74.00481,2.1760912590556813
24000030,Entire home/apt,100,40.72921,-73.98629,2
16333020,Entire home/apt,900,40.78467,-73.98192,2.9542425094393248
22715506,Entire home/apt,380,40.74907,-74.00374,2.57978359661681
29463258,Entire home/apt,250,40.76964,-73.98615,2.3979400086720375
33292956,Entire home/apt,280,40.72345,-73.98152,2.4471580313422194
5261913,Private room,140,40.76432,-73.98599,2.146128035678238
21982618,Private room,40,40.8262,-73.95035,1.6020599913279623
17510128,Entire home/apt,200,40.75766,-73.99089,2.3010299956639813
32309292,Private room,140,40.80521,-73.95137,2.146128035678238
13411035,Entire home/apt,180,40.76327,-73.98937,2.255272505103306
13016411,Entire home/apt,260,40.70519,-74.0082,2.4149733479708178
35830404,Entire home/apt,160,40.75229,-73.96953,2.2041199826559246
32518218,Private room,90,40.77705,-73.96038,1.954242509439325
16479344,Entire home/apt,120,40.8116,-73.943,2.0791812460476247
14594286,Private room,60,40.82957,-73.94535,1.7781512503836436
29261640,Private room,100,40.86261,-73.92295,2
22469509,Entire home/apt,100,40.71659,-73.99222,2
32138615,Entire home/apt,200,40.7629,-73.96157,2.3010299956639813
34184923,Entire home/apt,300,40.74624,-73.9725,2.4771212547196626
1782872,Entire home/apt,180,40.71481,-74.00934,2.255272505103306
12549290,Private room,40,40.70592,-74.00928,1.6020599913279623
23528303,Entire home/apt,380,40.75689,-73.997,2.57978359661681
24376374,Private room,120,40.72433,-73.97688,2.0791812460476247
34428476,Entire home/apt,360,40.70485,-74.00752,2.5563025007672873
34490356,Private room,100,40.75615,-73.98803,2
15027024,Entire home/apt,180,40.72693,-73.98385,2.255272505103306
8563025,Shared room,80,40.76389,-73.99072,1.9030899869919435
33524882,Entire home/apt,240,40.72347,-74.00463,2.380211241711606
35155541,Entire home/apt,120,40.70797,-74.00534,2.0791812460476247
12914749,Private room,70,40.82125,-73.95,1.845098040014257
17287645,Private room,60,40.83705,-73.94083,1.7781512503836436
32664976,Entire home/apt,130,40.73379,-73.98605,2.113943352306837
2663296,Entire home/apt,200,40.73657,-73.98019,2.3010299956639813
2033224,Entire home/apt,150,40.81858,-73.9559,2.1760912590556813
34602589,Private room,100,40.7804,-73.94556,2
2563611,Private room,100,40.8029,-73.95694,2
19954751,Private room,110,40.76122,-73.99129,2.041392685158225
6966985,Private room,70,40.801,-73.96647,1.845098040014257
32201182,Entire home/apt,250,40.75828,-73.96829,2.3979400086720375
34836737,Entire home/apt,800,40.81157,-73.94654,2.9030899869919438
13234352,Entire home/apt,200,40.7626,-73.96031,2.3010299956639813
16960859,Private room,70,40.8236,-73.93755,1.845098040014257
7255577,Private room,100,40.75834,-73.99277,2
35654692,Entire home/apt,300,40.74673,-73.9792,2.4771212547196626
15095408,Private room,80,40.7083,-74.01406,1.9030899869919435
34087750,Entire home/apt,160,40.70722,-74.00499,2.2041199826559246
29858389,Entire home/apt,160,40.79,-73.94728,2.2041199826559246
3201696,Entire home/apt,340,40.82931,-73.94358,2.531478917042255
9445342,Entire home/apt,80,40.75591,-73.99499,1.9030899869919435
30934007,Entire home/apt,280,40.71581,-73.99056,2.4471580313422194
652371,Entire home/apt,90,40.75743,-73.96939,1.954242509439325
11057550,Entire home/apt,450,40.73134,-74.00215,2.6532125137753435
26895166,Private room,50,40.79424,-73.9429,1.6989700043360187
18386307,Entire home/apt,90,40.74988,-73.99553,1.954242509439325
1911641,Entire home/apt,180,40.75876,-73.96854,2.255272505103306
9910133,Entire home/apt,140,40.7415,-73.98354,2.146128035678238
7364374,Private room,150,40.74627,-73.99142,2.1760912590556813
16037130,Entire home/apt,140,40.72796,-74.00154,2.146128035678238
21774455,Entire home/apt,160,40.74295,-73.97392,2.2041199826559246
35125511,Entire home/apt,300,40.76277,-73.99594,2.4771212547196626
21973767,Entire home/apt,250,40.73936,-73.99753,2.3979400086720375
1479283,Entire home/apt,100,40.75028,-73.99533,2
30199043,Private room,150,40.74453,-73.99196,2.1760912590556813
22656618,Entire home/apt,200,40.76973,-73.9848,2.3010299956639813
31230933,Entire home/apt,120,40.70777,-74.00676,2.0791812460476247
31020087,Entire home/apt,370,40.73236,-74.00213,2.568201724066995
7602442,Entire home/apt,400,40.74334,-73.99204,2.6020599913279625
33137479,Entire home/apt,380,40.74699,-73.97301,2.57978359661681
26489955,Private room,100,40.71515,-73.99827,2
4715740,Entire home/apt,120,40.79973,-73.95541,2.0791812460476247
17515547,Entire home/apt,160,40.71942,-73.99694,2.2041199826559246
20645320,Entire home/apt,230,40.77068,-73.98674,2.361727836017593
31206409,Entire home/apt,100,40.76314,-73.94864,2
19342315,Private room,40,40.85678,-73.92696,1.6020599913279623
22514661,Entire home/apt,150,40.72181,-73.98146,2.1760912590556813
35132345,Entire home/apt,170,40.76127,-73.99234,2.230448921378274
5883159,Entire home/apt,140,40.76813,-73.95354,2.146128035678238
21845780,Private room,120,40.76564,-73.99118,2.0791812460476247
25319356,Private room,60,40.83271,-73.94145,1.7781512503836436
27403622,Private room,100,40.71873,-73.98553,2
7398507,Entire home/apt,180,40.79933,-73.95949,2.255272505103306
33787438,Entire home/apt,120,40.74469,-73.98037,2.0791812460476247
22203719,Entire home/apt,150,40.73607,-74.00373,2.1760912590556813
34490362,Private room,100,40.75513,-73.98784,2
3783639,Private room,80,40.82217,-73.94149,1.9030899869919435
2723554,Entire home/apt,110,40.73942,-73.99629,2.041392685158225
10470258,Entire home/apt,120,40.80985,-73.93838,2.0791812460476247
23342782,Entire home/apt,120,40.80381,-73.95055,2.0791812460476247
8650854,Private room,60,40.85289,-73.93508,1.7781512503836436
13880697,Private room,100,40.7868,-73.94269,2
24370001,Entire home/apt,450,40.80569,-73.94848,2.6532125137753435
5276704,Entire home/apt,110,40.76771,-73.95844,2.041392685158225
34337032,Entire home/apt,190,40.77076,-73.98671,2.278753600952829
33397879,Private room,60,40.80564,-73.94198,1.7781512503836436
34973988,Entire home/apt,120,40.72049,-73.98816,2.0791812460476247
593000,Entire home/apt,110,40.77247,-73.94665,2.041392685158225
20989659,Entire home/apt,220,40.7488,-73.97844,2.342422680822206
10729454,Private room,50,40.76797,-73.95369,1.6989700043360187
3962586,Private room,150,40.73371,-73.98576,2.1760912590556813
17682543,Entire home/apt,180,40.73523,-73.99465,2.255272505103306
2268845,Entire home/apt,400,40.74438,-73.97744,2.6020599913279625
14032445,Entire home/apt,100,40.80299,-73.95713,2
4512329,Private room,50,40.83089,-73.94125,1.6989700043360187
34207635,Private room,150,40.74942,-73.99536,2.1760912590556813
8213227,Private room,40,40.8224,-73.95402,1.6020599913279623
20845031,Entire home/apt,310,40.7451,-73.97915,2.4913616938342726
32237692,Entire home/apt,400,40.70767,-74.01061,2.6020599913279625
310796,Entire home/apt,110,40.78443,-73.97399,2.041392685158225
29835357,Entire home/apt,220,40.73022,-73.97998,2.342422680822206
25810632,Private room,60,40.75393,-73.99558,1.7781512503836436
7246757,Entire home/apt,180,40.7201,-73.9841,2.255272505103306
35709825,Entire home/apt,250,40.74335,-73.98287,2.3979400086720375
3645284,Entire home/apt,160,40.76043,-73.95992,2.2041199826559246
10322621,Private room,80,40.75168,-73.99376,1.9030899869919435
27462063,Entire home/apt,190,40.73495,-74.00402,2.278753600952829
30158735,Entire home/apt,130,40.72141,-73.98111,2.113943352306837
4621217,Entire home/apt,140,40.73346,-73.98216,2.146128035678238
26692070,Entire home/apt,130,40.70496,-74.00639,2.113943352306837
33189755,Private room,400,40.75475,-73.97243,2.6020599913279625
16466819,Entire home/apt,80,40.75072,-73.97023,1.9030899869919435
26772477,Private room,110,40.72271,-73.99412,2.041392685158225
11587997,Private room,50,40.71303,-73.98645,1.6989700043360187
21915201,Entire home/apt,400,40.72067,-74.00024,2.6020599913279625
98330,Entire home/apt,120,40.73877,-73.97707,2.0791812460476247
14429513,Private room,140,40.75066,-73.99944,2.146128035678238
9920607,Entire home/apt,200,40.73383,-73.99899,2.3010299956639813
7572534,Private room,90,40.75894,-73.9915,1.954242509439325
21959796,Entire home/apt,200,40.74661,-73.97698,2.3010299956639813
30023607,Private room,80,40.72122,-73.98652,1.9030899869919435
4783738,Entire home/apt,100,40.7574,-73.99361,2
30369751,Private room,100,40.78384,-73.97696,2
27011736,Shared room,40,40.7111,-73.98689,1.6020599913279623
21204708,Entire home/apt,140,40.7269,-73.9847,2.146128035678238
3112872,Entire home/apt,220,40.77573,-73.98264,2.342422680822206
60164,Entire home/apt,500,40.72003,-74.00262,2.6989700043360187
16087249,Private room,800,40.75356,-73.97155,2.9030899869919438
34928299,Entire home/apt,190,40.76022,-74.00117,2.278753600952829
35914591,Entire home/apt,310,40.78439,-73.97746,2.4913616938342726
28510491,Private room,200,40.76825,-73.98743,2.3010299956639813
10231620,Entire home/apt,160,40.76124,-73.98897,2.2041199826559246
9530079,Entire home/apt,290,40.80542,-73.9623,2.462397997898956
6619797,Entire home/apt,120,40.81287,-73.95186,2.0791812460476247
9426526,Entire home/apt,70,40.76465,-73.99499,1.845098040014257
9390729,Entire home/apt,460,40.78758,-73.95026,2.662757831681574
4795088,Private room,100,40.82796,-73.9505,2
27874671,Private room,100,40.72099,-73.99921,2
22230454,Private room,70,40.82816,-73.94957,1.845098040014257
2201491,Entire home/apt,160,40.73776,-73.99996,2.2041199826559246
9795958,Entire home/apt,150,40.76223,-73.99296,2.1760912590556813
16991994,Entire home/apt,140,40.77743,-73.94977,2.146128035678238
22504678,Private room,70,40.80115,-73.96524,1.845098040014257
33900104,Private room,100,40.78995,-73.94603,2
6329973,Private room,120,40.75731,-73.98479,2.0791812460476247
34172912,Entire home/apt,250,40.72786,-74.00158,2.3979400086720375
24758512,Private room,70,40.75417,-73.99435,1.845098040014257
31130,Private room,130,40.76754,-73.98399,2.113943352306837
21922407,Entire home/apt,90,40.80853,-73.96352,1.954242509439325
21192364,Entire home/apt,150,40.74877,-73.977,2.1760912590556813
17637673,Entire home/apt,220,40.73756,-73.99111,2.342422680822206
16212767,Entire home/apt,220,40.78361,-73.9732,2.342422680822206
1971540,Private room,150,40.77021,-73.98721,2.1760912590556813
28637994,Private room,60,40.8072,-73.94513,1.7781512503836436
26260516,Private room,90,40.71778,-73.99801,1.954242509439325
13881317,Entire home/apt,110,40.77906,-73.98507,2.041392685158225
1923153,Entire home/apt,450,40.72709,-73.98442,2.6532125137753435
9365176,Entire home/apt,250,40.75103,-73.98349,2.3979400086720375
542203,Entire home/apt,200,40.76304,-73.9888,2.3010299956639813
6004200,Private room,60,40.82846,-73.94492,1.7781512503836436
747605,Entire home/apt,180,40.72699,-73.97969,2.255272505103306
34013223,Private room,90,40.81597,-73.94114,1.954242509439325
15701663,Entire home/apt,100,40.81407,-73.95092,2
21899241,Private room,160,40.71325,-73.99009,2.2041199826559246
19502079,Private room,100,40.76615,-73.98829,2
14092722,Entire home/apt,260,40.7349,-74.0005,2.4149733479708178
35465106,Entire home/apt,220,40.76397,-73.99078,2.342422680822206
36235186,Private room,80,40.75512,-73.99437,1.9030899869919435
20783811,Entire home/apt,440,40.74641,-74.0051,2.6434526764861874
3624380,Private room,60,40.7942,-73.94136,1.7781512503836436
205043,Private room,150,40.75895,-73.9883,2.1760912590556813
14282356,Private room,80,40.76249,-73.99103,1.9030899869919435
15218699,Private room,800,40.75375,-73.97295,2.9030899869919438
21435076,Entire home/apt,140,40.74866,-73.97755,2.146128035678238
25104274,Private room,60,40.80403,-73.96479,1.7781512503836436
28890542,Private room,140,40.72699,-73.98548,2.146128035678238
33653706,Entire home/apt,290,40.77139,-73.95651,2.462397997898956
13123883,Shared room,100,40.70883,-74.00764,2
20432615,Private room,60,40.79574,-73.96312,1.7781512503836436
21550105,Private room,80,40.80967,-73.95781,1.9030899869919435
9470554,Private room,80,40.72911,-73.98151,1.9030899869919435
33526039,Entire home/apt,120,40.74535,-73.9764,2.0791812460476247
18507671,Shared room,80,40.77244,-73.98204,1.9030899869919435
10115542,Entire home/apt,100,40.74091,-73.98271,2
22277909,Entire home/apt,140,40.78178,-73.97928,2.146128035678238
34233364,Entire home/apt,450,40.78161,-73.94852,2.6532125137753435
808705,Entire home/apt,140,40.76704,-73.98345,2.146128035678238
12132427,Entire home/apt,180,40.73375,-73.98704,2.255272505103306
6226327,Entire home/apt,180,40.75531,-73.966,2.255272505103306
11868495,Entire home/apt,250,40.73354,-74.00549,2.3979400086720375
24387440,Entire home/apt,180,40.75418,-73.9664,2.255272505103306
20008527,Private room,50,40.80305,-73.9403,1.6989700043360187
12095501,Entire home/apt,240,40.75915,-73.99932,2.380211241711606
33362477,Entire home/apt,170,40.85482,-73.93137,2.230448921378274
32225207,Private room,260,40.70727,-74.01072,2.4149733479708178
20182193,Entire home/apt,180,40.73686,-73.99349,2.255272505103306
34156010,Entire home/apt,540,40.7421,-73.97404,2.7323937598229686
25483095,Private room,110,40.76983,-73.98734,2.041392685158225
26557068,Private room,300,40.7521,-73.97334,2.4771212547196626
10885211,Entire home/apt,140,40.75598,-73.96664,2.146128035678238
10101765,Private room,100,40.76256,-73.9632,2
31465521,Private room,40,40.83397,-73.94541,1.6020599913279623
4836986,Private room,80,40.78712,-73.95365,1.9030899869919435
19069649,Private room,100,40.76398,-73.986,2
21651023,Private room,100,40.76291,-73.98976,2
14409723,Entire home/apt,130,40.76099,-73.96158,2.113943352306837
160609,Entire home/apt,200,40.77724,-73.98109,2.3010299956639813
16673954,Entire home/apt,250,40.73898,-74.00415,2.3979400086720375
35505287,Shared room,300,40.80069,-73.96431,2.4771212547196626
30812691,Private room,80,40.80269,-73.96459,1.9030899869919435
34258598,Private room,40,40.80249,-73.96729,1.6020599913279623
30393414,Entire home/apt,270,40.77506,-73.95678,2.4313637641589874
6397592,Private room,100,40.71193,-73.99454,2
6971141,Entire home/apt,320,40.76222,-73.9603,2.505149978319906
7470216,Private room,80,40.72261,-73.99333,1.9030899869919435
29295191,Entire home/apt,320,40.79325,-73.97237,2.505149978319906
1704560,Entire home/apt,120,40.7189,-73.99177,2.0791812460476247
29805732,Shared room,80,40.77695,-73.95519,1.9030899869919435
18456975,Entire home/apt,200,40.76547,-73.98216,2.3010299956639813
4421826,Entire home/apt,250,40.77371,-73.95007,2.3979400086720375
68735,Entire home/apt,200,40.78971,-73.9729,2.3010299956639813
19820148,Private room,120,40.79652,-73.93323,2.0791812460476247
12085680,Entire home/apt,240,40.76666,-73.98306,2.380211241711606
10677426,Entire home/apt,200,40.7276,-74.00075,2.3010299956639813
24820939,Entire home/apt,550,40.78118,-73.98122,2.7403626894942437
31214157,Private room,110,40.74384,-73.97852,2.041392685158225
9922513,Private room,60,40.76684,-73.98766,1.7781512503836436
9679310,Private room,160,40.73429,-73.98689,2.2041199826559246
978062,Entire home/apt,250,40.73359,-74.00524,2.3979400086720375
786955,Entire home/apt,210,40.73403,-74.00298,2.322219294733919
19019325,Private room,60,40.74736,-73.97838,1.7781512503836436
24849342,Entire home/apt,250,40.72923,-74.00176,2.3979400086720375
14536245,Entire home/apt,190,40.70782,-74.01525,2.278753600952829
13714244,Private room,100,40.7188,-73.99458,2
20758288,Entire home/apt,170,40.72894,-74.00018,2.230448921378274
6460927,Private room,300,40.73235,-73.98392,2.4771212547196626
32225188,Entire home/apt,230,40.70644,-74.01214,2.361727836017593
1440363,Entire home/apt,120,40.81623,-73.94907,2.0791812460476247
8734174,Entire home/apt,120,40.80864,-73.95007,2.0791812460476247
30937764,Entire home/apt,250,40.74845,-73.97458,2.3979400086720375
16364666,Private room,40,40.82112,-73.95482,1.6020599913279623
19518453,Entire home/apt,350,40.74731,-73.98167,2.5440680443502757
29381358,Private room,160,40.75358,-73.99707,2.2041199826559246
8444115,Entire home/apt,250,40.71978,-73.98705,2.3979400086720375
30857071,Entire home/apt,280,40.76547,-73.99032,2.4471580313422194
19619159,Entire home/apt,160,40.74118,-73.999,2.2041199826559246
29675374,Entire home/apt,110,40.79793,-73.94334,2.041392685158225
9381315,Entire home/apt,180,40.72847,-73.98579,2.255272505103306
16164264,Private room,100,40.71916,-73.99229,2
28843143,Private room,60,40.85157,-73.93936,1.7781512503836436
4294969,Entire home/apt,450,40.73175,-73.99518,2.6532125137753435
32635717,Entire home/apt,230,40.7057,-74.01221,2.361727836017593
31022861,Private room,150,40.71687,-73.99074,2.1760912590556813
32470732,Private room,30,40.8647,-73.92353,1.4771212547196624
26947761,Private room,50,40.75503,-73.99724,1.6989700043360187
30101694,Entire home/apt,800,40.75884,-73.99208,2.9030899869919438
27237625,Entire home/apt,740,40.75459,-73.96707,2.8692317197309762
1118031,Private room,90,40.72212,-73.99676,1.954242509439325
34096836,Private room,430,40.75603,-73.99511,2.6334684555795866
19542512,Private room,70,40.71206,-73.99055,1.845098040014257
33406274,Private room,170,40.70842,-74.00519,2.230448921378274
32805038,Entire home/apt,140,40.74655,-74.00134,2.146128035678238
30103053,Entire home/apt,500,40.72418,-73.99978,2.6989700043360187
6493181,Entire home/apt,200,40.77025,-73.95491,2.3010299956639813
22247923,Entire home/apt,240,40.72188,-73.97957,2.380211241711606
24327950,Entire home/apt,250,40.7977,-73.93493,2.3979400086720375
16558246,Entire home/apt,220,40.76794,-73.95712,2.342422680822206
3611813,Private room,150,40.73755,-73.98595,2.1760912590556813
27338569,Private room,100,40.79832,-73.9398,2
35939585,Private room,60,40.80701,-73.96619,1.7781512503836436
16243676,Entire home/apt,250,40.73873,-73.98714,2.3979400086720375
23305380,Private room,80,40.72765,-73.99881,1.9030899869919435
28542484,Entire home/apt,380,40.74299,-73.99436,2.57978359661681
32923358,Private room,180,40.78812,-73.97091,2.255272505103306
21057757,Entire home/apt,120,40.77478,-73.97986,2.0791812460476247
8569534,Private room,100,40.72249,-73.98042,2
30334838,Private room,60,40.80384,-73.95754,1.7781512503836436
14948249,Entire home/apt,160,40.76495,-73.98964,2.2041199826559246
1983188,Private room,80,40.79859,-73.96078,1.9030899869919435
14366918,Private room,100,40.73036,-73.98633,2
33579691,Shared room,60,40.76461,-73.98745,1.7781512503836436
30686973,Private room,180,40.7189,-73.98263,2.255272505103306
21200993,Private room,140,40.7198,-73.98209,2.146128035678238
33098823,Entire home/apt,200,40.7068,-74.00632,2.3010299956639813
26157426,Entire home/apt,750,40.76031,-73.9739,2.8750612633917
27088944,Entire home/apt,250,40.73894,-74.00108,2.3979400086720375
33681005,Entire home/apt,150,40.86725,-73.92726,2.1760912590556813
17326533,Private room,100,40.76189,-73.99751,2
30408787,Private room,30,40.82631,-73.95201,1.4771212547196624
13184939,Entire home/apt,100,40.72926,-73.98915,2
1688914,Entire home/apt,110,40.8174,-73.94629,2.041392685158225
16179502,Private room,60,40.79275,-73.94191,1.7781512503836436
5011693,Entire home/apt,80,40.81419,-73.95033,1.9030899869919435
13246278,Entire home/apt,200,40.71258,-73.9901,2.3010299956639813
30015731,Entire home/apt,250,40.78105,-73.97633,2.3979400086720375
7047808,Entire home/apt,850,40.74068,-73.98999,2.929418925714293
19138221,Entire home/apt,350,40.7462,-74.00222,2.5440680443502757
9979707,Private room,130,40.77208,-73.98907,2.113943352306837
19691853,Entire home/apt,100,40.81143,-73.94935,2
18648243,Private room,80,40.8042,-73.95669,1.9030899869919435
34487373,Private room,100,40.76547,-73.98252,2
5875384,Shared room,40,40.8538,-73.93197,1.6020599913279623
20133862,Entire home/apt,170,40.74119,-73.99941,2.230448921378274
34324284,Private room,40,40.79395,-73.94153,1.6020599913279623
19734117,Entire home/apt,180,40.76864,-73.95427,2.255272505103306
30169470,Private room,100,40.71501,-73.98478,2
25964053,Private room,110,40.80352,-73.95212,2.041392685158225
16543032,Entire home/apt,200,40.74067,-74.00013,2.3010299956639813
23055816,Private room,150,40.81064,-73.95734,2.1760912590556813
24376945,Entire home/apt,110,40.82934,-73.94269,2.041392685158225
31773898,Private room,80,40.7276,-74.00275,1.9030899869919435
3533777,Private room,70,40.82233,-73.93779,1.845098040014257
12672036,Entire home/apt,90,40.76747,-73.98613,1.954242509439325
23437788,Entire home/apt,220,40.76483,-73.96675,2.342422680822206
32546587,Private room,70,40.72106,-73.99501,1.845098040014257
33914381,Private room,40,40.83266,-73.9414,1.6020599913279623
33529491,Private room,80,40.72705,-73.9846,1.9030899869919435
12917057,Entire home/apt,140,40.72118,-73.98697,2.146128035678238
27833243,Entire home/apt,240,40.70797,-74.0055,2.380211241711606
17848298,Entire home/apt,140,40.81473,-73.96217,2.146128035678238
24246704,Private room,60,40.84103,-73.94063,1.7781512503836436
5545560,Private room,250,40.79093,-73.9678,2.3979400086720375
54860,Private room,100,40.79958,-73.94275,2
34571306,Entire home/apt,220,40.77702,-73.98052,2.342422680822206
13941308,Private room,70,40.81922,-73.95276,1.845098040014257
35700408,Entire home/apt,130,40.78991,-73.94816,2.113943352306837
35510673,Private room,60,40.82817,-73.94598,1.7781512503836436
32306053,Entire home/apt,140,40.76218,-73.96633,2.146128035678238
36201203,Entire home/apt,160,40.77883,-73.98146,2.2041199826559246
8838861,Entire home/apt,220,40.79221,-73.96588,2.342422680822206
34016570,Private room,60,40.82361,-73.94599,1.7781512503836436
7330488,Private room,100,40.80243,-73.9706,2
29188542,Entire home/apt,100,40.71722,-73.99242,2
34999766,Entire home/apt,220,40.74442,-73.9717,2.342422680822206
2243984,Entire home/apt,1500,40.73295,-74.00755,3.1760912590556813
10086029,Entire home/apt,800,40.73191,-74.00493,2.9030899869919438
34373538,Entire home/apt,400,40.76956,-73.95632,2.6020599913279625
35379882,Private room,100,40.79147,-73.96644,2
10270377,Private room,60,40.80338,-73.95734,1.7781512503836436
13495012,Entire home/apt,100,40.70566,-74.00865,2
34279945,Private room,50,40.71815,-73.997559999999993,1.6989700043360187
35465165,Private room,350,40.74942,-74.00335,2.5440680443502757
26609429,Private room,70,40.79577,-73.97403,1.845098040014257
33168966,Entire home/apt,120,40.71171,-73.99077,2.0791812460476247
13064382,Entire home/apt,180,40.72791,-73.98916,2.255272505103306
33114243,Private room,70,40.8159,-73.9396,1.845098040014257
9010782,Private room,180,40.71067,-73.98695,2.255272505103306
23818526,Entire home/apt,400,40.71989,-74.00113,2.6020599913279625
3832863,Entire home/apt,260,40.72912,-74.00298,2.4149733479708178
35875685,Private room,80,40.80549,-73.95136,1.9030899869919435
30429620,Private room,200,40.75508,-73.99696,2.3010299956639813
30942047,Entire home/apt,150,40.75914,-73.9798,2.1760912590556813
10808086,Entire home/apt,200,40.72088,-73.98533,2.3010299956639813
32047248,Entire home/apt,400,40.72813,-73.99258,2.6020599913279625
19120410,Entire home/apt,130,40.80563,-73.96362,2.113943352306837
7802198,Entire home/apt,150,40.77059,-73.95686,2.1760912590556813
6400482,Entire home/apt,120,40.839,-73.94543,2.0791812460476247
17979046,Private room,100,40.84345,-73.9422,2
28958147,Entire home/apt,150,40.71895,-73.98922,2.1760912590556813
35858194,Private room,120,40.81436,-73.95399,2.0791812460476247
15495132,Entire home/apt,100,40.78815,-73.9436,2
17572926,Entire home/apt,130,40.77984,-73.94725,2.113943352306837
24798693,Entire home/apt,190,40.76293,-73.99347,2.278753600952829
24475331,Private room,80,40.71585,-73.99492,1.9030899869919435
237127,Entire home/apt,200,40.73833,-73.98186,2.3010299956639813
13532767,Private room,60,40.71429,-73.98755,1.7781512503836436
45393,Entire home/apt,150,40.73423,-74.0046,2.1760912590556813
22263855,Entire home/apt,3000,40.72605,-74.00572,3.4771212547196626
23108877,Private room,100,40.79728,-73.97348,2
472052,Entire home/apt,180,40.77137,-73.98943,2.255272505103306
13899190,Entire home/apt,120,40.72611,-73.97905,2.0791812460476247
30963889,Shared room,80,40.76481,-73.98724,1.9030899869919435
25348802,Shared room,160,40.75815,-73.96489,2.2041199826559246
2659183,Entire home/apt,2300,40.76791,-73.96509,3.361727836017593
33673436,Entire home/apt,250,40.71565,-73.99211,2.3979400086720375
34152348,Entire home/apt,320,40.7465,-73.9981,2.505149978319906
4462491,Entire home/apt,180,40.71331,-73.98189,2.255272505103306
23262857,Private room,90,40.79701,-73.96933,1.954242509439325
27215273,Entire home/apt,290,40.75524,-73.96382,2.462397997898956
11844556,Private room,60,40.83039,-73.94532,1.7781512503836436
6259928,Private room,80,40.72745,-73.98362,1.9030899869919435
20993138,Private room,60,40.81248,-73.9526,1.7781512503836436
3440135,Entire home/apt,220,40.73232,-74.0002,2.342422680822206
855462,Private room,90,40.72034,-73.98585,1.954242509439325
34890465,Entire home/apt,590,40.74381,-73.98492,2.7708520116421442
26911755,Entire home/apt,110,40.71536,-73.98951,2.041392685158225
8440352,Private room,70,40.71323,-73.9878,1.845098040014257
8799559,Private room,150,40.80109,-73.93887,2.1760912590556813
18179365,Entire home/apt,200,40.76318,-73.99462,2.3010299956639813
22322326,Private room,60,40.76384,-73.99309,1.7781512503836436
14858544,Entire home/apt,90,40.75005,-73.99898,1.954242509439325
25872636,Entire home/apt,550,40.79889,-73.97182,2.7403626894942437
16846366,Entire home/apt,1000,40.7843,-73.98262,3
22704461,Entire home/apt,170,40.7861,-73.97097,2.230448921378274
35879296,Private room,110,40.80245,-73.9583,2.041392685158225
3923128,Entire home/apt,120,40.77237,-73.95536,2.0791812460476247
32587884,Entire home/apt,120,40.71919,-73.99654,2.0791812460476247
9860670,Entire home/apt,240,40.76064,-73.98554,2.380211241711606
5193421,Entire home/apt,140,40.72669,-73.98275,2.146128035678238
30563760,Private room,140,40.74511,-73.99468,2.146128035678238
11191242,Entire home/apt,120,40.73598,-73.98161,2.0791812460476247
24509757,Entire home/apt,150,40.85081,-73.9368,2.1760912590556813
30971850,Entire home/apt,180,40.72918,-73.98154,2.255272505103306
1182844,Entire home/apt,200,40.76636,-73.9855,2.3010299956639813
9792323,Entire home/apt,80,40.75185,-73.97001,1.9030899869919435
21633295,Entire home/apt,260,40.81296,-73.94625,2.4149733479708178
28052106,Private room,50,40.84521,-73.9416,1.6989700043360187
4013339,Private room,100,40.72023,-73.99693,2
10096515,Entire home/apt,120,40.72962,-73.98078,2.0791812460476247
6091224,Entire home/apt,100,40.80386,-73.95369,2
12897616,Private room,80,40.80288,-73.96629,1.9030899869919435
33041216,Private room,90,40.715,-73.98633,1.954242509439325
4093511,Entire home/apt,120,40.72651,-74.00014,2.0791812460476247
2074653,Private room,100,40.73033,-73.98742,2
35741268,Entire home/apt,380,40.76218,-73.98002,2.57978359661681
2118102,Entire home/apt,200,40.73236,-74.00353,2.3010299956639813
2700596,Private room,80,40.80697,-73.95203,1.9030899869919435
19577620,Private room,90,40.78413,-73.97779,1.954242509439325
34184572,Entire home/apt,310,40.7436,-73.9768,2.4913616938342726
31283533,Entire home/apt,110,40.75414,-73.96595,2.041392685158225
4714854,Entire home/apt,100,40.78171,-73.94617,2
33519952,Entire home/apt,800,40.76485,-73.99229,2.9030899869919438
266437,Entire home/apt,220,40.74139,-74.0005,2.342422680822206
17849234,Shared room,340,40.75538,-74.00441,2.531478917042255
16821,Private room,100,40.72298,-73.98474,2
840594,Entire home/apt,400,40.73126,-74.00502,2.6020599913279625
35125528,Entire home/apt,400,40.76449,-73.98445,2.6020599913279625
11881208,Entire home/apt,200,40.76078,-73.99864,2.3010299956639813
35828913,Entire home/apt,280,40.74833,-73.97253,2.4471580313422194
36109805,Entire home/apt,150,40.79098,-73.97384,2.1760912590556813
30347708,Entire home/apt,230,40.70743,-74.00443,2.361727836017593
24801968,Entire home/apt,90,40.77882,-73.95054,1.954242509439325
33049134,Entire home/apt,170,40.72583,-73.97945,2.230448921378274
35236040,Private room,150,40.74614,-74.00168,2.1760912590556813
20997574,Entire home/apt,320,40.72169,-73.9965,2.505149978319906
199195,Private room,80,40.82922,-73.94174,1.9030899869919435
35614773,Entire home/apt,200,40.79976,-73.96549,2.3010299956639813
587740,Entire home/apt,200,40.72372,-74.00277,2.3010299956639813
33336699,Entire home/apt,250,40.79755,-73.94413,2.3979400086720375
16897115,Private room,50,40.79241,-73.97262,1.6989700043360187
36282108,Entire home/apt,100,40.70974,-74.01774,2
5048535,Private room,80,40.73718,-73.98373,1.9030899869919435
35673061,Entire home/apt,450,40.76374,-73.98844,2.6532125137753435
16498335,Private room,60,40.85365,-73.93298,1.7781512503836436
26593733,Private room,90,40.74573,-73.98323,1.954242509439325
406926,Entire home/apt,270,40.7234,-73.99439,2.4313637641589874
25807815,Private room,40,40.82375,-73.94426,1.6020599913279623
525412,Entire home/apt,150,40.72246,-73.99552,2.1760912590556813
11730504,Entire home/apt,150,40.81613,-73.94622,2.1760912590556813
25803743,Private room,80,40.80364,-73.95025,1.9030899869919435
27694593,Entire home/apt,160,40.72658,-73.97753,2.2041199826559246
30785849,Entire home/apt,250,40.7385,-74.00014,2.3979400086720375
24222051,Entire home/apt,290,40.76127,-74.00235,2.462397997898956
1740311,Entire home/apt,300,40.72105,-73.98519,2.4771212547196626
8474260,Private room,40,40.80773,-73.95977,1.6020599913279623
6478214,Entire home/apt,200,40.73992,-73.99888,2.3010299956639813
4784741,Private room,120,40.72333,-73.97948,2.0791812460476247
15370219,Private room,90,40.80887,-73.94889,1.954242509439325
34835522,Entire home/apt,200,40.78345,-73.94751,2.3010299956639813
16601748,Private room,70,40.7229,-73.98476,1.845098040014257
26809805,Entire home/apt,150,40.74068,-73.98227,2.1760912590556813
31054975,Entire home/apt,160,40.72199,-73.99534,2.2041199826559246
11865398,Entire home/apt,130,40.73062,-73.98524,2.113943352306837
4795029,Private room,60,40.81004,-73.95231,1.7781512503836436
23109325,Entire home/apt,70,40.84693,-73.94205,1.845098040014257
525523,Private room,50,40.80762,-73.94017,1.6989700043360187
4329728,Private room,110,40.74751,-74.00086,2.041392685158225
947810,Private room,50,40.77464,-73.95695,1.6989700043360187
2135754,Entire home/apt,210,40.72934,-73.99983,2.322219294733919
27573767,Entire home/apt,400,40.73762,-74.002,2.6020599913279625
14178226,Entire home/apt,220,40.80326,-73.935,2.342422680822206
35318863,Entire home/apt,140,40.7635,-73.9878,2.146128035678238
30020524,Entire home/apt,450,40.71762,-73.98606,2.6532125137753435
19603487,Private room,40,40.81232,-73.94112,1.6020599913279623
36105607,Private room,150,40.73835,-73.98121,2.1760912590556813
30146882,Private room,60,40.80521,-73.95592,1.7781512503836436
31069988,Entire home/apt,200,40.77391,-73.98874,2.3010299956639813
7500228,Private room,100,40.71011,-74.01457,2
16323239,Entire home/apt,130,40.76284,-73.98849,2.113943352306837
12798141,Private room,80,40.81127,-73.95922,1.9030899869919435
32225189,Entire home/apt,190,40.70624,-74.01076,2.278753600952829
13491951,Entire home/apt,220,40.74494,-74.00116,2.342422680822206
20173955,Entire home/apt,140,40.72013,-73.9922,2.146128035678238
7560291,Entire home/apt,100,40.794,-73.97632,2
22545036,Private room,40,40.80034,-73.96127,1.6020599913279623
8036524,Private room,200,40.7484,-73.97298,2.3010299956639813
11554224,Entire home/apt,140,40.77872,-73.98025,2.146128035678238
4204302,Entire home/apt,180,40.73293,-73.99782,2.255272505103306
34489569,Entire home/apt,210,40.77424,-73.95322,2.322219294733919
29126779,Entire home/apt,230,40.71148,-74.01283,2.361727836017593
22376956,Entire home/apt,330,40.75462,-73.9864,2.5185139398778875
11295457,Private room,60,40.80296,-73.94399,1.7781512503836436
24397824,Private room,100,40.80385,-73.96499,2
28340606,Private room,120,40.706,-74.0077,2.0791812460476247
23565947,Entire home/apt,120,40.79167,-73.97421,2.0791812460476247
9507112,Entire home/apt,200,40.72292,-73.99307,2.3010299956639813
27707196,Entire home/apt,280,40.80147,-73.94432,2.4471580313422194
21961462,Entire home/apt,150,40.80485,-73.96345,2.1760912590556813
16352250,Private room,60,40.78983,-73.94419,1.7781512503836436
12089889,Entire home/apt,240,40.7663,-73.98359,2.380211241711606
33453326,Private room,140,40.81141,-73.94051,2.146128035678238
5902510,Private room,60,40.76799,-73.98644,1.7781512503836436
5505918,Private room,70,40.73305,-73.98255,1.845098040014257
2101349,Private room,150,40.77747,-73.980950000000007,2.1760912590556813
9614969,Private room,60,40.79651,-73.93184,1.7781512503836436
18691948,Private room,80,40.85115,-73.93703,1.9030899869919435
3060745,Private room,40,40.79245,-73.94563,1.6020599913279623
13987302,Entire home/apt,160,40.76488,-73.98597,2.2041199826559246
12472883,Private room,150,40.73631,-73.98525,2.1760912590556813
34305085,Entire home/apt,590,40.79641,-73.96253,2.7708520116421442
13436088,Entire home/apt,220,40.76569,-73.98281,2.342422680822206
5735323,Entire home/apt,150,40.78519,-73.97032,2.1760912590556813
18193397,Private room,50,40.85354,-73.93095,1.6989700043360187
31929775,Entire home/apt,300,40.77438,-73.98717,2.4771212547196626
21461901,Private room,80,40.81953,-73.94717,1.9030899869919435
12949937,Entire home/apt,220,40.71981,-73.99154,2.342422680822206
7094112,Entire home/apt,200,40.73022,-73.98893,2.3010299956639813
24727745,Private room,120,40.74943,-73.97279,2.0791812460476247
27002733,Shared room,80,40.76462,-73.9886,1.9030899869919435
26338854,Entire home/apt,140,40.82154,-73.94925,2.146128035678238
23385746,Private room,40,40.82781,-73.94405,1.6020599913279623
9576812,Entire home/apt,250,40.81246,-73.94506,2.3979400086720375
9512372,Private room,50,40.82243,-73.95447,1.6989700043360187
3928525,Entire home/apt,280,40.70563,-74.00878,2.4471580313422194
35648056,Entire home/apt,420,40.76164,-73.99218,2.6232492903979003
33998291,Private room,260,40.70756,-74.01107,2.4149733479708178
2451110,Entire home/apt,280,40.72908,-73.9965,2.4471580313422194
4310501,Private room,110,40.72627,-73.98915,2.041392685158225
25482581,Private room,140,40.77471,-73.98955,2.146128035678238
9588699,Private room,60,40.81613,-73.94546,1.7781512503836436
27194554,Private room,60,40.80279,-73.96325,1.7781512503836436
24654607,Private room,100,40.72607,-73.97631,2
30934310,Entire home/apt,130,40.7243,-73.98255,2.113943352306837
44212,Private room,120,40.72518,-73.98034,2.0791812460476247
15647143,Entire home/apt,180,40.79039,-73.96789,2.255272505103306
31669717,Entire home/apt,120,40.79385,-73.96351,2.0791812460476247
30908379,Entire home/apt,160,40.80239,-73.9425,2.2041199826559246
30387838,Entire home/apt,390,40.72988,-74.00341,2.591064607026499
14926631,Private room,130,40.76793,-73.98561,2.113943352306837
30421561,Entire home/apt,240,40.77135,-73.95035,2.380211241711606
26664580,Private room,80,40.72242,-73.99463,1.9030899869919435
26108336,Private room,60,40.75587,-73.99724,1.7781512503836436
32380547,Private room,100,40.77422,-73.97778,2
343971,Private room,90,40.83177,-73.95,1.954242509439325
20204751,Entire home/apt,900,40.72553,-74.00002,2.9542425094393248
30854157,Entire home/apt,180,40.76238,-73.99259,2.255272505103306
20682663,Entire home/apt,180,40.86306,-73.92896,2.255272505103306
35304831,Entire home/apt,120,40.75949,-73.98825,2.0791812460476247
16353229,Entire home/apt,140,40.75527,-73.98507,2.146128035678238
29393117,Entire home/apt,670,40.74549,-73.99066,2.8260748027008264
12962798,Entire home/apt,200,40.72859,-73.98348,2.3010299956639813
31339548,Private room,80,40.72262,-73.98515,1.9030899869919435
19877695,Private room,50,40.81566,-73.93914,1.6989700043360187
13460534,Entire home/apt,190,40.74375,-73.97774,2.278753600952829
12342979,Private room,100,40.74566,-73.9834,2
23598012,Private room,50,40.82325,-73.95243,1.6989700043360187
18585546,Shared room,350,40.78974,-73.9425,2.5440680443502757
15910664,Private room,100,40.81676,-73.96069,2
17433572,Private room,500,40.80825,-73.95004,2.6989700043360187
13963326,Private room,50,40.82323,-73.9467,1.6989700043360187
35132016,Entire home/apt,590,40.78578,-73.97678,2.7708520116421442
34042443,Private room,50,40.84405,-73.93714,1.6989700043360187
20331468,Entire home/apt,290,40.7856,-73.97539,2.462397997898956
7572103,Entire home/apt,170,40.71379,-73.99112,2.230448921378274
25962847,Private room,80,40.80387,-73.95164,1.9030899869919435
6939638,Entire home/apt,700,40.715,-74.0094,2.845098040014257
18704805,Entire home/apt,240,40.73334,-73.9897,2.380211241711606
16396640,Private room,70,40.77848,-73.9486,1.845098040014257
741154,Entire home/apt,210,40.71778,-74.00452,2.322219294733919
16883282,Entire home/apt,210,40.73249,-74.00854,2.322219294733919
13122932,Entire home/apt,250,40.72554,-73.98245,2.3979400086720375
24279771,Entire home/apt,300,40.76008,-73.98846,2.4771212547196626
2586484,Private room,80,40.80546,-73.95221,1.9030899869919435
4174115,Entire home/apt,500,40.7244,-73.99763,2.6989700043360187
27425828,Entire home/apt,180,40.79026,-73.97304,2.255272505103306
31389838,Private room,110,40.73169,-74.00214,2.041392685158225
35153334,Entire home/apt,150,40.76591,-73.99155,2.1760912590556813
6025389,Private room,100,40.83413,-73.94297,2
8053024,Entire home/apt,150,40.78451,-73.94939,2.1760912590556813
33404876,Entire home/apt,280,40.76325,-73.98592,2.4471580313422194
1672977,Entire home/apt,200,40.76703,-73.98874,2.3010299956639813
30310012,Private room,40,40.80385,-73.96305,1.6020599913279623
24308589,Entire home/apt,260,40.78243,-73.97265,2.4149733479708178
11457577,Private room,120,40.76071,-73.99188,2.0791812460476247
10434806,Entire home/apt,150,40.76486,-73.99479,2.1760912590556813
12561681,Entire home/apt,400,40.76532,-73.9615,2.6020599913279625
29733220,Private room,280,40.77828,-73.95492,2.4471580313422194
29236294,Entire home/apt,180,40.72858,-73.99141,2.255272505103306
9096630,Private room,90,40.71544,-73.99106,1.954242509439325
34900746,Shared room,150,40.75671,-73.96228,2.1760912590556813
21597684,Private room,80,40.72625,-73.98404,1.9030899869919435
1780748,Private room,140,40.74881,-73.97234,2.146128035678238
1164101,Private room,90,40.73804,-74.00416,1.954242509439325
23702317,Private room,100,40.81304,-73.9456,2
25232614,Private room,100,40.72941,-74.00317,2
17860607,Entire home/apt,220,40.70464,-74.00715,2.342422680822206
31333606,Private room,110,40.79554,-73.94835,2.041392685158225
5649623,Entire home/apt,2000,40.77306,-73.98637,3.3010299956639813
2447868,Entire home/apt,60,40.8049,-73.96315,1.7781512503836436
21999647,Private room,60,40.8009,-73.94333,1.7781512503836436
11867573,Entire home/apt,100,40.78967,-73.94741,2
33216589,Entire home/apt,310,40.76428,-73.98083,2.4913616938342726
27754177,Private room,150,40.73202,-74.00348,2.1760912590556813
35037973,Private room,60,40.84176,-73.93738,1.7781512503836436
20844601,Private room,50,40.71364,-73.99153,1.6989700043360187
21379957,Shared room,50,40.73666,-73.98544,1.6989700043360187
30392874,Entire home/apt,320,40.75963,-73.98595,2.505149978319906
16403353,Entire home/apt,180,40.72249,-73.98145,2.255272505103306
21012649,Entire home/apt,200,40.73247,-73.98297,2.3010299956639813
7385568,Private room,40,40.81355,-73.94407,1.6020599913279623
239766,Entire home/apt,100,40.71693,-73.98948,2
10031933,Entire home/apt,150,40.76501,-73.95862,2.1760912590556813
30159757,Private room,100,40.78572,-73.94468,2
9736600,Private room,80,40.80569,-73.96333,1.9030899869919435
21173148,Entire home/apt,160,40.81138,-73.95442,2.2041199826559246
12538440,Private room,40,40.81498,-73.95078,1.6020599913279623
19179558,Private room,90,40.71522,-73.99355,1.954242509439325
19567629,Private room,70,40.72714,-73.98279,1.845098040014257
8225210,Entire home/apt,250,40.81243,-73.9392,2.3979400086720375
25291991,Private room,100,40.81626,-73.95862,2
32744206,Shared room,40,40.7423,-73.98016,1.6020599913279623
925075,Entire home/apt,140,40.75893,-73.99014,2.146128035678238
27524608,Private room,80,40.73047,-73.98048,1.9030899869919435
9998091,Private room,100,40.71346,-73.99592,2
33064746,Entire home/apt,150,40.79943,-73.95376,2.1760912590556813
6813226,Entire home/apt,460,40.79866,-73.9681,2.662757831681574
4941141,Entire home/apt,160,40.78096,-73.9475,2.2041199826559246
9144999,Private room,140,40.74526,-73.99545,2.146128035678238
9235437,Entire home/apt,300,40.7602,-73.99868,2.4771212547196626
3559515,Entire home/apt,310,40.76524,-73.98018,2.4913616938342726
23859194,Private room,80,40.79806,-73.97416,1.9030899869919435
32661875,Entire home/apt,120,40.76125,-73.98849,2.0791812460476247
4916323,Entire home/apt,250,40.77716,-73.94779,2.3979400086720375
32821769,Entire home/apt,490,40.76649,-73.98727,2.690196080028514
5031539,Entire home/apt,350,40.76263,-73.9887,2.5440680443502757
20483744,Private room,120,40.76093,-73.99103,2.0791812460476247
29982941,Private room,80,40.74283,-73.99273,1.9030899869919435
35374230,Entire home/apt,350,40.75508,-73.96707,2.5440680443502757
33446054,Entire home/apt,240,40.72394,-73.99583,2.380211241711606
6249050,Private room,70,40.85228,-73.93498,1.845098040014257
2644321,Entire home/apt,80,40.8098,-73.95722,1.9030899869919435
2940007,Entire home/apt,200,40.71615,-73.98478,2.3010299956639813
35507713,Entire home/apt,160,40.76453,-73.95867,2.2041199826559246
16725924,Private room,80,40.79453,-73.94543,1.9030899869919435
18719477,Private room,60,40.80393,-73.95674,1.7781512503836436
13446050,Entire home/apt,120,40.80289,-73.96741,2.0791812460476247
16735133,Entire home/apt,120,40.71789,-73.98308,2.0791812460476247
18173198,Shared room,30,40.80026,-73.9546,1.4771212547196624
9396442,Private room,110,40.77772,-73.98514,2.041392685158225
31328877,Private room,180,40.788,-73.953,2.255272505103306
30937756,Entire home/apt,260,40.74871,-73.97446,2.4149733479708178
8371626,Private room,60,40.78583,-73.9768,1.7781512503836436
23668731,Entire home/apt,120,40.74805,-73.9868,2.0791812460476247
13589110,Entire home/apt,120,40.72154,-73.99577,2.0791812460476247
6373379,Entire home/apt,250,40.75506,-73.96887,2.3979400086720375
435776,Private room,140,40.77548,-73.95183,2.146128035678238
10488505,Entire home/apt,280,40.79783,-73.96405,2.4471580313422194
12318604,Private room,40,40.77398,-73.94607,1.6020599913279623
4201905,Entire home/apt,160,40.70956,-74.01341,2.2041199826559246
9184688,Entire home/apt,250,40.79644,-73.96135,2.3979400086720375
5060771,Private room,90,40.73345,-74.00302,1.954242509439325
17234955,Entire home/apt,190,40.77747,-73.95193,2.278753600952829
34793874,Entire home/apt,110,40.77932,-73.95343,2.041392685158225
26603881,Entire home/apt,300,40.80269,-73.94687,2.4771212547196626
24874467,Private room,50,40.83827,-73.93976,1.6989700043360187
3905849,Entire home/apt,120,40.7364,-73.98436,2.0791812460476247
22489858,Entire home/apt,140,40.76014,-73.96098,2.146128035678238
34483434,Private room,500,40.76476,-73.9762,2.6989700043360187
32109093,Entire home/apt,220,40.73028,-74.00015,2.342422680822206
34508183,Entire home/apt,280,40.73011,-74.00401,2.4471580313422194
28051505,Private room,50,40.84519,-73.941,1.6989700043360187
19569016,Entire home/apt,100,40.7662,-73.9574,2
20292523,Entire home/apt,350,40.72206,-73.99497,2.5440680443502757
12782370,Entire home/apt,240,40.76153,-73.98915,2.380211241711606
11374387,Entire home/apt,190,40.77271,-73.98811,2.278753600952829
25034878,Entire home/apt,180,40.77277,-73.94965,2.255272505103306
9024874,Entire home/apt,140,40.7232,-73.98561,2.146128035678238
2559129,Private room,100,40.76791,-73.98735,2
24186326,Entire home/apt,160,40.71085,-74.0158,2.2041199826559246
34783887,Entire home/apt,140,40.80535,-73.96307,2.146128035678238
34953317,Entire home/apt,600,40.71872,-73.98174,2.7781512503836434
17286647,Entire home/apt,150,40.72645,-73.98591,2.1760912590556813
20557463,Private room,50,40.80389,-73.96541,1.6989700043360187
32240966,Entire home/apt,500,40.7062,-74.01192,2.6989700043360187
33189664,Entire home/apt,140,40.75183,-73.99633,2.146128035678238
11452070,Private room,130,40.73133,-74.00459,2.113943352306837
25869269,Private room,70,40.79822,-73.93468,1.845098040014257
16310798,Private room,800,40.75198,-73.97266,2.9030899869919438
12832227,Private room,100,40.8032,-73.96495,2
34415448,Entire home/apt,160,40.70471,-74.0087,2.2041199826559246
11581737,Entire home/apt,100,40.78638,-73.97004,2
27022896,Entire home/apt,100,40.79371,-73.93995,2
8553287,Entire home/apt,150,40.72623,-73.98452,2.1760912590556813
25870547,Private room,60,40.72433,-73.9789,1.7781512503836436
32858895,Entire home/apt,150,40.75658,-73.99734,2.1760912590556813
8709068,Entire home/apt,450,40.79494,-73.96545,2.6532125137753435
18875994,Entire home/apt,170,40.79166,-73.97319,2.230448921378274
6628193,Private room,90,40.78602,-73.97729,1.954242509439325
6370032,Private room,100,40.78775,-73.94891,2
22073638,Entire home/apt,80,40.82771,-73.94699,1.9030899869919435
22215258,Entire home/apt,220,40.7652,-73.98174,2.342422680822206
10156574,Entire home/apt,230,40.70524,-74.01278,2.361727836017593
24426350,Entire home/apt,130,40.81448,-73.93714,2.113943352306837
5470350,Private room,80,40.81574,-73.94877,1.9030899869919435
24153494,Private room,120,40.76956,-73.98804,2.0791812460476247
18792188,Private room,100,40.73016,-74.00137,2
2942732,Entire home/apt,60,40.83549,-73.94765,1.7781512503836436
289703,Entire home/apt,250,40.7253,-73.99916,2.3979400086720375
3241858,Entire home/apt,200,40.7659,-73.96611,2.3010299956639813
24824820,Entire home/apt,160,40.78136,-73.98225,2.2041199826559246
9093261,Entire home/apt,190,40.732,-73.98518,2.278753600952829
21630186,Private room,80,40.72112,-73.98493,1.9030899869919435
16749235,Private room,180,40.71723,-73.99162,2.255272505103306
15355243,Entire home/apt,240,40.72652,-74.00032,2.380211241711606
27237570,Entire home/apt,700,40.75243,-73.9654,2.845098040014257
708374,Private room,100,40.79854,-73.96089,2
4068216,Private room,100,40.77462,-73.95461,2
33118582,Private room,80,40.78536,-73.97116,1.9030899869919435
12964763,Entire home/apt,150,40.76504,-73.99491,2.1760912590556813
35745348,Private room,120,40.73638,-74.00057,2.0791812460476247
18566324,Entire home/apt,50,40.86835,-73.91958,1.6989700043360187
12252205,Private room,110,40.72553,-73.98831,2.041392685158225
26954,Entire home/apt,200,40.74294,-73.98009,2.3010299956639813
25443451,Entire home/apt,300,40.71725,-74.00524,2.4771212547196626
1426529,Private room,100,40.72418,-73.98283,2
32674139,Entire home/apt,120,40.76916,-73.95365,2.0791812460476247
34116613,Entire home/apt,160,40.70845,-74.00472,2.2041199826559246
20934581,Private room,60,40.84594,-73.94039,1.7781512503836436
32678725,Private room,250,40.75976,-73.98761,2.3979400086720375
17692837,Private room,90,40.82837,-73.94854,1.954242509439325
20773211,Private room,50,40.85663,-73.93564,1.6989700043360187
9652413,Entire home/apt,90,40.80407,-73.95762,1.954242509439325
35618225,Entire home/apt,140,40.75249,-73.9689,2.146128035678238
99070,Shared room,60,40.79406,-73.94102,1.7781512503836436
12034085,Private room,60,40.75857,-73.98942,1.7781512503836436
29825538,Entire home/apt,150,40.75971,-73.99076,2.1760912590556813
17589815,Private room,60,40.71569,-73.99076,1.7781512503836436
14111975,Entire home/apt,120,40.72677,-73.98194,2.0791812460476247
30387064,Entire home/apt,350,40.72976,-74.00387,2.5440680443502757
35968862,Entire home/apt,420,40.72782,-73.99759,2.6232492903979003
15886369,Private room,60,40.71622,-73.9912,1.7781512503836436
5623799,Private room,50,40.82417,-73.94496,1.6989700043360187
19911921,Entire home/apt,160,40.72688,-73.98546,2.2041199826559246
2524058,Entire home/apt,160,40.72314,-73.98491,2.2041199826559246
35124153,Entire home/apt,290,40.75048,-74.00281,2.462397997898956
13545733,Private room,60,40.86182,-73.93088,1.7781512503836436
18793633,Entire home/apt,300,40.73193,-73.99931,2.4771212547196626
13954028,Entire home/apt,120,40.79301,-73.97544,2.0791812460476247
8391035,Private room,80,40.83368,-73.94314,1.9030899869919435
25716221,Entire home/apt,220,40.7406,-74.00433,2.342422680822206
1194508,Private room,80,40.71166,-73.9972,1.9030899869919435
13540817,Entire home/apt,260,40.7588,-73.96611,2.4149733479708178
25072401,Entire home/apt,150,40.73075,-73.98114,2.1760912590556813
26165533,Entire home/apt,130,40.72814,-73.98296,2.113943352306837
15249671,Private room,70,40.71333,-73.9916,1.845098040014257
6407534,Entire home/apt,140,40.71983,-73.98801,2.146128035678238
34230593,Entire home/apt,160,40.77712,-73.95164,2.2041199826559246
34341588,Entire home/apt,160,40.74392,-74.00301,2.2041199826559246
35801421,Entire home/apt,190,40.76192,-73.98696,2.278753600952829
34949054,Entire home/apt,140,40.74561,-73.97784,2.146128035678238
8498885,Entire home/apt,200,40.71297,-73.98561,2.3010299956639813
3343299,Entire home/apt,420,40.74369,-73.98153,2.6232492903979003
21621231,Private room,80,40.72179,-73.97904,1.9030899869919435
19892549,Entire home/apt,250,40.80781,-73.95134,2.3979400086720375
15114935,Private room,120,40.83839,-73.93819,2.0791812460476247
32967988,Shared room,60,40.76306,-73.98867,1.7781512503836436
5259407,Entire home/apt,250,40.73226,-74.00644,2.3979400086720375
20357796,Private room,70,40.79148,-73.9446,1.845098040014257
35507424,Entire home/apt,290,40.7428,-73.9956,2.462397997898956
29336271,Private room,420,40.75613,-73.97056,2.6232492903979003
22203739,Entire home/apt,140,40.71724,-74.00446,2.146128035678238
2299633,Entire home/apt,980,40.76096,-73.98646,2.9912260756924947
1089240,Private room,180,40.74197,-73.99702,2.255272505103306
698162,Entire home/apt,60,40.86737,-73.91877,1.7781512503836436
18609316,Private room,60,40.80298,-73.94333,1.7781512503836436
7838854,Entire home/apt,150,40.78718,-73.97521,2.1760912590556813
26832236,Entire home/apt,140,40.77096,-73.95672,2.146128035678238
20092506,Private room,70,40.79074,-73.94232,1.845098040014257
7544709,Entire home/apt,170,40.71281,-73.98705,2.230448921378274
18460119,Private room,100,40.76208,-73.94954,2
2748064,Entire home/apt,200,40.7645,-73.99314,2.3010299956639813
10564616,Entire home/apt,180,40.76467,-73.99422,2.255272505103306
7895157,Entire home/apt,180,40.76449,-73.9934,2.255272505103306
32241600,Entire home/apt,230,40.7062,-74.01092,2.361727836017593
28078309,Private room,60,40.74517,-73.98924,1.7781512503836436
1961288,Entire home/apt,220,40.72139,-73.99271,2.342422680822206
34094976,Private room,50,40.80495,-73.96439,1.6989700043360187
27016768,Entire home/apt,200,40.71389,-74.00484,2.3010299956639813
33407108,Private room,90,40.86256,-73.92887,1.954242509439325
18213280,Entire home/apt,330,40.79967,-73.96251,2.5185139398778875
8427638,Entire home/apt,190,40.80109,-73.97093,2.278753600952829
5040653,Private room,150,40.71723,-73.99164,2.1760912590556813
34205286,Entire home/apt,150,40.7639,-73.96432,2.1760912590556813
35832561,Private room,150,40.81216,-73.95036,2.1760912590556813
4070027,Private room,80,40.7941,-73.94045,1.9030899869919435
1564553,Private room,80,40.72411,-73.99372,1.9030899869919435
9855876,Private room,70,40.71813,-73.98715,1.845098040014257
30398938,Entire home/apt,240,40.74697,-73.98693,2.380211241711606
35603341,Entire home/apt,100,40.78166,-73.94593,2
6018589,Private room,60,40.83741,-73.93928,1.7781512503836436
12344949,Entire home/apt,350,40.80882,-73.94654,2.5440680443502757
28662351,Private room,60,40.79933,-73.94283,1.7781512503836436
9756258,Private room,60,40.78641,-73.97739,1.7781512503836436
4500615,Entire home/apt,320,40.75005,-73.99718,2.505149978319906
35658458,Entire home/apt,200,40.71694,-73.98218,2.3010299956639813
34566104,Entire home/apt,220,40.70598,-74.01069,2.342422680822206
35999335,Private room,70,40.71409,-73.99427,1.845098040014257
34892732,Entire home/apt,290,40.76885,-73.98611,2.462397997898956
249618,Private room,120,40.85099,-73.92822,2.0791812460476247
1291245,Entire home/apt,400,40.71634,-73.99031,2.6020599913279625
17531493,Private room,80,40.79917,-73.96765,1.9030899869919435
21857913,Entire home/apt,100,40.78834,-73.97215,2
9436038,Entire home/apt,70,40.76365,-73.99472,1.845098040014257
34954790,Entire home/apt,140,40.76989,-73.94961,2.146128035678238
35837998,Entire home/apt,250,40.79981,-73.95436,2.3979400086720375
31470025,Private room,60,40.7966,-73.93345,1.7781512503836436
33640884,Entire home/apt,230,40.70799,-74.01113,2.361727836017593
8193127,Entire home/apt,500,40.72095,-74.00918,2.6989700043360187
22382300,Entire home/apt,190,40.73061,-74.00325,2.278753600952829
34169395,Entire home/apt,430,40.71633,-74.00521,2.6334684555795866
6006387,Private room,50,40.82442,-73.95203,1.6989700043360187
34009172,Entire home/apt,270,40.74403,-73.98701,2.4313637641589874
1304181,Private room,50,40.75728,-73.97152,1.6989700043360187
22533436,Entire home/apt,110,40.79005,-73.94929,2.041392685158225
2050406,Entire home/apt,250,40.7552,-73.9724,2.3979400086720375
1604489,Entire home/apt,300,40.74611,-73.99209,2.4771212547196626
20194342,Private room,180,40.78757,-73.95089,2.255272505103306
2224896,Entire home/apt,4000,40.79476,-73.97299,3.6020599913279625
7839972,Entire home/apt,240,40.74645,-73.9853,2.380211241711606
8504873,Private room,150,40.7298,-73.9791,2.1760912590556813
16215826,Entire home/apt,90,40.73565,-73.98056,1.954242509439325
16854181,Private room,100,40.85046,-73.94271,2
34501332,Private room,60,40.8362,-73.94063,1.7781512503836436
18614596,Entire home/apt,210,40.72208,-73.98071,2.322219294733919
24759050,Private room,70,40.795,-73.97479,1.845098040014257
8498999,Entire home/apt,180,40.81646,-73.9369,2.255272505103306
35808103,Entire home/apt,350,40.7875,-73.97511,2.5440680443502757
34485745,Private room,100,40.75491,-73.98507,2
29230470,Entire home/apt,200,40.73092,-73.98146,2.3010299956639813
25548071,Private room,120,40.72092,-74.00018,2.0791812460476247
26080646,Entire home/apt,200,40.72848,-74.0012,2.3010299956639813
4831795,Entire home/apt,100,40.72351,-73.99627,2
823520,Private room,180,40.75284,-74.00138,2.255272505103306
3383662,Private room,80,40.70885,-74.002,1.9030899869919435
27161807,Private room,420,40.72673,-73.98766,2.6232492903979003
16963544,Private room,70,40.73126,-73.98149,1.845098040014257
22797190,Entire home/apt,150,40.73307,-73.98347,2.1760912590556813
33712646,Entire home/apt,200,40.74805,-73.97855,2.3010299956639813
1828063,Entire home/apt,180,40.72982,-73.98532,2.255272505103306
30594645,Private room,80,40.71217,-73.99483,1.9030899869919435
21850364,Entire home/apt,180,40.74044,-73.98777,2.255272505103306
7194538,Entire home/apt,360,40.80595,-73.94882,2.5563025007672873
7679697,Entire home/apt,200,40.76377,-73.98786,2.3010299956639813
32681564,Private room,280,40.7813,-73.97922,2.4471580313422194
2356082,Entire home/apt,200,40.72946,-74.00189,2.3010299956639813
33833596,Entire home/apt,140,40.80238,-73.96737,2.146128035678238
3888752,Entire home/apt,200,40.77571,-73.97757,2.3010299956639813
29961517,Private room,50,40.80004,-73.96088,1.6989700043360187
1354042,Entire home/apt,210,40.72685,-73.97874,2.322219294733919
24575257,Private room,120,40.75885,-73.98147,2.0791812460476247
34366331,Entire home/apt,150,40.7636,-73.96201,2.1760912590556813
32587983,Private room,80,40.82899,-73.94185,1.9030899869919435
6673630,Entire home/apt,150,40.71661,-73.98916,2.1760912590556813
27260962,Private room,50,40.86813,-73.92393,1.6989700043360187
32616255,Entire home/apt,130,40.75616,-73.99408,2.113943352306837
23258639,Entire home/apt,180,40.74482,-73.99882,2.255272505103306
10414065,Private room,100,40.71489,-73.991,2
3468914,Entire home/apt,260,40.79098,-73.96745,2.4149733479708178
5327598,Entire home/apt,200,40.72259,-73.98502,2.3010299956639813
26131606,Entire home/apt,200,40.74969,-73.9774,2.3010299956639813
15986775,Private room,40,40.81668,-73.94511,1.6020599913279623
12856181,Entire home/apt,200,40.73064,-74.00351,2.3010299956639813
25251220,Entire home/apt,110,40.78818,-73.97057,2.041392685158225
28611623,Private room,50,40.82253,-73.95525,1.6989700043360187
9773158,Entire home/apt,700,40.72496,-74.00928,2.845098040014257
23990829,Private room,40,40.81554,-73.94144,1.6020599913279623
26564665,Entire home/apt,120,40.80455,-73.95429,2.0791812460476247
36224509,Private room,150,40.81458,-73.93696,2.1760912590556813
35576264,Private room,70,40.80478,-73.96665,1.845098040014257
26948057,Entire home/apt,250,40.79514,-73.96687,2.3979400086720375
14787406,Private room,60,40.83315,-73.94108,1.7781512503836436
467866,Private room,100,40.73123,-74.00591,2
23839939,Entire home/apt,200,40.73959,-74.00105,2.3010299956639813
17084539,Private room,300,40.75662,-73.98749,2.4771212547196626
3209980,Private room,80,40.7215,-73.97747,1.9030899869919435
31852479,Private room,50,40.79568,-73.93368,1.6989700043360187
19908261,Entire home/apt,320,40.71366,-73.99153,2.505149978319906
684991,Entire home/apt,130,40.74851,-73.97796,2.113943352306837
11981021,Entire home/apt,250,40.74962,-73.97431,2.3979400086720375
5010368,Entire home/apt,150,40.77546,-73.95165,2.1760912590556813
1776732,Entire home/apt,390,40.78852,-73.96746,2.591064607026499
17210810,Entire home/apt,170,40.73532,-74.0031,2.230448921378274
16778903,Private room,140,40.78805,-73.94924,2.146128035678238
2087226,Private room,110,40.72864,-73.98216,2.041392685158225
23827905,Private room,30,40.79368,-73.96373,1.4771212547196624
5525206,Entire home/apt,180,40.77361,-73.97908,2.255272505103306
30389336,Entire home/apt,280,40.73186,-73.98761,2.4471580313422194
26358423,Private room,80,40.78875,-73.9476,1.9030899869919435
2417098,Entire home/apt,180,40.78327,-73.97343,2.255272505103306
655230,Entire home/apt,150,40.71695,-73.99031,2.1760912590556813
5796405,Private room,300,40.75245,-73.97342,2.4771212547196626
7725042,Private room,50,40.80113,-73.96566,1.6989700043360187
3864528,Private room,200,40.76053,-73.99002,2.3010299956639813
30507545,Entire home/apt,260,40.72646,-73.98686,2.4149733479708178
16336497,Entire home/apt,110,40.74753,-74.00396,2.041392685158225
33240867,Private room,80,40.71241,-73.99458,1.9030899869919435
16883813,Entire home/apt,220,40.80495,-73.9556,2.342422680822206
33044053,Private room,100,40.80392,-73.95829,2
10587891,Entire home/apt,220,40.7408,-74.00127,2.342422680822206
27576267,Entire home/apt,150,40.74104,-73.98134,2.1760912590556813
1182187,Private room,120,40.74652,-74.00089,2.0791812460476247
22751525,Shared room,80,40.82881,-73.94309,1.9030899869919435
13359416,Private room,60,40.80286,-73.96561,1.7781512503836436
32163798,Entire home/apt,250,40.74437,-73.98848,2.3979400086720375
33829141,Private room,60,40.79834,-73.96117,1.7781512503836436
11531154,Private room,70,40.74161,-74.00162,1.845098040014257
6845877,Entire home/apt,120,40.77372,-73.94986,2.0791812460476247
19731551,Entire home/apt,160,40.78469,-73.97197,2.2041199826559246
18239623,Entire home/apt,190,40.76392,-73.98187,2.278753600952829
11650863,Entire home/apt,140,40.72093,-73.98493,2.146128035678238
22451363,Entire home/apt,140,40.80414,-73.96498,2.146128035678238
21185183,Entire home/apt,170,40.75121,-73.99812,2.230448921378274
24987915,Entire home/apt,180,40.79438,-73.94463,2.255272505103306
31318780,Private room,300,40.76425,-73.9802,2.4771212547196626
19555750,Private room,60,40.71391,-73.99162,1.7781512503836436
2925138,Entire home/apt,250,40.76761,-73.98497,2.3979400086720375
13391165,Private room,150,40.72768,-73.98739,2.1760912590556813
3402474,Entire home/apt,200,40.70765,-74.00761,2.3010299956639813
27237578,Entire home/apt,740,40.75417,-73.96557,2.8692317197309762
34517666,Private room,350,40.74476,-73.98551,2.5440680443502757
23508191,Entire home/apt,550,40.764,-73.98033,2.7403626894942437
17211246,Private room,120,40.76553,-73.98879,2.0791812460476247
4837865,Private room,80,40.77692,-73.97977,1.9030899869919435
33238238,Entire home/apt,310,40.7643,-73.98199,2.4913616938342726
8170917,Entire home/apt,200,40.75849,-73.9907,2.3010299956639813
32987685,Entire home/apt,300,40.76694,-73.98773,2.4771212547196626
30272649,Entire home/apt,230,40.80855,-73.93841,2.361727836017593
30440427,Entire home/apt,800,40.72124,-73.9801,2.9030899869919438
9668,Private room,50,40.82245,-73.95104,1.6989700043360187
7798930,Entire home/apt,200,40.79882,-73.96382,2.3010299956639813
4766582,Private room,100,40.72494,-74.00839,2
21867710,Private room,120,40.75668,-73.99097,2.0791812460476247
18672921,Private room,60,40.84773,-73.93251,1.7781512503836436
6169897,Entire home/apt,80,40.82135,-73.95521,1.9030899869919435
10156314,Private room,60,40.72314,-73.9797,1.7781512503836436
29832437,Private room,80,40.80307,-73.96386,1.9030899869919435
23754556,Entire home/apt,160,40.75132,-73.96926,2.2041199826559246
22268514,Entire home/apt,400,40.71703,-73.9923,2.6020599913279625
1940534,Private room,50,40.82024,-73.93799,1.6989700043360187
22119373,Entire home/apt,180,40.71629,-73.99066,2.255272505103306
13950233,Entire home/apt,160,40.74096,-73.98055,2.2041199826559246
4220151,Entire home/apt,160,40.74588,-74.00055,2.2041199826559246
16004740,Entire home/apt,260,40.77878,-73.95056,2.4149733479708178
34091327,Entire home/apt,240,40.76512,-73.98674,2.380211241711606
15133923,Private room,150,40.7641,-73.97989,2.1760912590556813
9172067,Entire home/apt,500,40.74809,-73.99272,2.6989700043360187
32784434,Entire home/apt,300,40.74929,-73.9779,2.4771212547196626
34516187,Private room,100,40.7068,-74.01775,2
17633820,Entire home/apt,170,40.72956,-73.99979,2.230448921378274
13077988,Entire home/apt,220,40.74556,-73.98542,2.342422680822206
12167152,Private room,180,40.73971,-73.99829,2.255272505103306
3437101,Private room,100,40.77343,-73.95979,2
13591611,Entire home/apt,160,40.72552,-73.97879,2.2041199826559246
35037976,Private room,120,40.75455,-73.9695,2.0791812460476247
21798589,Entire home/apt,110,40.78639,-73.94869,2.041392685158225
6074676,Private room,100,40.70763,-74.00778,2
35616470,Private room,100,40.78015,-73.94571,2
22940490,Shared room,80,40.77251,-73.95113,1.9030899869919435
21634979,Entire home/apt,400,40.71389,-73.98239,2.6020599913279625
36060344,Entire home/apt,200,40.71276,-73.98488,2.3010299956639813
33749115,Entire home/apt,250,40.75452,-73.97092,2.3979400086720375
12450591,Entire home/apt,500,40.7992,-73.97158,2.6989700043360187
20014895,Entire home/apt,200,40.72338,-73.98293,2.3010299956639813
19416458,Entire home/apt,200,40.73557,-73.98589,2.3010299956639813
15327553,Private room,60,40.71592,-73.99332,1.7781512503836436
21995883,Private room,150,40.74624,-73.99273,2.1760912590556813
9475494,Entire home/apt,180,40.78113,-73.95452,2.255272505103306
35998302,Private room,50,40.84251,-73.94105,1.6989700043360187
27023307,Entire home/apt,140,40.72235,-73.99454,2.146128035678238
30372486,Private room,180,40.76593,-73.99186,2.255272505103306
11573269,Entire home/apt,140,40.74342,-73.97505,2.146128035678238
21251256,Private room,40,40.8068,-73.93932,1.6020599913279623
23855867,Entire home/apt,170,40.73101,-73.97347,2.230448921378274
33959697,Private room,60,40.84542,-73.93945,1.7781512503836436
9026485,Entire home/apt,170,40.70776,-74.01514,2.230448921378274
21967378,Entire home/apt,350,40.73025,-73.9861,2.5440680443502757
32485922,Entire home/apt,310,40.76193,-73.98573,2.4913616938342726
22339967,Private room,60,40.77817,-73.95096,1.7781512503836436
35001013,Entire home/apt,200,40.74458,-73.97146,2.3010299956639813
7089639,Private room,80,40.72382,-73.98171,1.9030899869919435
4791389,Entire home/apt,250,40.73877,-73.98707,2.3979400086720375
20712652,Private room,100,40.77237,-73.95275,2
13466084,Entire home/apt,80,40.82289,-73.9511,1.9030899869919435
6573055,Private room,100,40.72854,-73.98118,2
23647298,Entire home/apt,110,40.78268,-73.94977,2.041392685158225
7457099,Entire home/apt,330,40.76205,-73.96382,2.5185139398778875
36279030,Private room,70,40.7401,-73.98256,1.845098040014257
2858010,Private room,110,40.80005,-73.95212,2.041392685158225
30006770,Entire home/apt,320,40.70425,-74.00856,2.505149978319906
11335874,Private room,40,40.78626,-73.94429,1.6020599913279623
9358718,Entire home/apt,180,40.75505,-73.99354,2.255272505103306
31980794,Entire home/apt,380,40.79144,-73.97909,2.57978359661681
30323806,Entire home/apt,180,40.76168,-73.98969,2.255272505103306
28542784,Entire home/apt,250,40.7425,-73.99427,2.3979400086720375
9042254,Private room,90,40.72737,-73.98605,1.954242509439325
16120840,Entire home/apt,500,40.76409,-73.9791,2.6989700043360187
14054091,Entire home/apt,240,40.75966,-73.96828,2.380211241711606
24604281,Private room,80,40.81639,-73.94223,1.9030899869919435
30340538,Entire home/apt,420,40.72113,-73.99595,2.6232492903979003
17366414,Entire home/apt,250,40.7443,-73.97925,2.3979400086720375
21577773,Private room,120,40.76914,-73.98757,2.0791812460476247
6541532,Private room,90,40.79909,-73.9602,1.954242509439325
14959161,Entire home/apt,250,40.7608,-73.96032,2.3979400086720375
23668732,Entire home/apt,120,40.74677,-73.98698,2.0791812460476247
36146672,Private room,560,40.76687,-73.98644,2.7481880270062002
188674,Entire home/apt,160,40.732170000000004,-73.98801,2.2041199826559246
10612067,Entire home/apt,180,40.77032,-73.95268,2.255272505103306
29897019,Entire home/apt,300,40.72841,-74.00045,2.4771212547196626
35001433,Entire home/apt,200,40.7431,-73.9719,2.3010299956639813
14994367,Entire home/apt,180,40.76748,-73.98609,2.255272505103306
9901706,Entire home/apt,180,40.77789,-73.97701,2.255272505103306
7826411,Private room,100,40.72184,-73.9868,2
8012976,Private room,120,40.70726,-74.00593,2.0791812460476247
24158722,Entire home/apt,140,40.76179,-73.99989,2.146128035678238
29484503,Entire home/apt,260,40.7374,-74.00409,2.4149733479708178
9573876,Entire home/apt,110,40.71752,-73.99077,2.041392685158225
369671,Entire home/apt,550,40.72899,-73.97792,2.7403626894942437
14086770,Entire home/apt,180,40.77601,-73.95441,2.255272505103306
31874576,Private room,60,40.79884,-73.95983,1.7781512503836436
9379983,Entire home/apt,200,40.75572,-73.98531,2.3010299956639813
30088359,Entire home/apt,100,40.80218,-73.95904,2
6799895,Private room,160,40.76146,-73.99109,2.2041199826559246
9682617,Entire home/apt,300,40.74695,-73.98062,2.4771212547196626
13857003,Entire home/apt,130,40.73201,-74.0032,2.113943352306837
24808062,Entire home/apt,340,40.80393,-73.95205,2.531478917042255
11121739,Entire home/apt,180,40.72683,-73.99328,2.255272505103306
31217760,Entire home/apt,100,40.79158,-73.95168,2
12972320,Entire home/apt,350,40.80077,-73.9681,2.5440680443502757
20943918,Entire home/apt,150,40.76846,-73.94461,2.1760912590556813
29455045,Entire home/apt,110,40.77697,-73.96063,2.041392685158225
17524862,Entire home/apt,150,40.82805,-73.94676,2.1760912590556813
8268849,Private room,200,40.72409,-74.00241,2.3010299956639813
18828803,Entire home/apt,160,40.76136,-73.99309,2.2041199826559246
31104180,Entire home/apt,500,40.72998,-74.00774,2.6989700043360187
20772650,Entire home/apt,120,40.76141,-73.96265,2.0791812460476247
34191165,Entire home/apt,370,40.75338,-73.99822,2.568201724066995
24591995,Shared room,40,40.71098,-73.98696,1.6020599913279623
11484596,Entire home/apt,220,40.76584,-73.98422,2.342422680822206
21313668,Entire home/apt,150,40.78456,-73.97933,2.1760912590556813
35642823,Private room,40,40.8433,-73.93616,1.6020599913279623
32218803,Private room,200,40.70658,-74.01036,2.3010299956639813
32235802,Private room,1000,40.73742,-74.00484,3
17109623,Private room,120,40.72415,-73.97451,2.0791812460476247
13244254,Entire home/apt,170,40.80822,-73.95273,2.230448921378274
34998736,Private room,120,40.74616,-73.97522,2.0791812460476247
7724031,Private room,110,40.84687,-73.94004,2.041392685158225
25129958,Entire home/apt,130,40.80371,-73.94991,2.113943352306837
13614714,Entire home/apt,90,40.83077,-73.94847,1.954242509439325
35868549,Entire home/apt,170,40.7441,-73.97683,2.230448921378274
846871,Private room,130,40.78429,-73.97815,2.113943352306837
16525573,Entire home/apt,100,40.74506,-73.98202,2
21769501,Entire home/apt,130,40.76173,-73.99325,2.113943352306837
3479614,Entire home/apt,180,40.72402,-73.98771,2.255272505103306
14624128,Private room,60,40.78525,-73.94178,1.7781512503836436
9325951,Entire home/apt,190,40.76436,-73.98573,2.278753600952829
22322311,Private room,80,40.79733,-73.93695,1.9030899869919435
21244390,Private room,100,40.75703,-73.99371,2
16543538,Private room,40,40.82097,-73.95282,1.6020599913279623
33197913,Entire home/apt,200,40.77195,-73.9537,2.3010299956639813
36312324,Entire home/apt,320,40.75167,-73.98585,2.505149978319906
12009807,Entire home/apt,140,40.71869,-73.99141,2.146128035678238
16415427,Private room,100,40.76384,-73.98492,2
17847040,Entire home/apt,200,40.76352,-73.9831,2.3010299956639813
13422992,Private room,180,40.72079,-73.98965,2.255272505103306
4873699,Entire home/apt,140,40.71633,-73.99133,2.146128035678238
36445280,Private room,50,40.81951,-73.94161,1.6989700043360187
8335547,Entire home/apt,250,40.72342,-73.98871,2.3979400086720375
4829088,Entire home/apt,180,40.72812,-73.99983,2.255272505103306
13203601,Entire home/apt,160,40.79566,-73.94137,2.2041199826559246
34490360,Private room,100,40.75657,-73.9881,2
18569279,Entire home/apt,150,40.77973,-73.95039,2.1760912590556813
30227502,Entire home/apt,250,40.75339,-73.96765,2.3979400086720375
24779801,Entire home/apt,150,40.73384,-73.99807,2.1760912590556813
12583907,Private room,60,40.80015,-73.93764,1.7781512503836436
25085427,Entire home/apt,120,40.76243,-73.99316,2.0791812460476247
21707762,Entire home/apt,400,40.79069,-73.96614,2.6020599913279625
13444884,Entire home/apt,180,40.74448,-73.97776,2.255272505103306
22050046,Shared room,60,40.74669,-73.98311,1.7781512503836436
23144059,Private room,90,40.79298,-73.97249,1.954242509439325
29063993,Entire home/apt,70,40.75049,-73.99809,1.845098040014257
12004744,Entire home/apt,160,40.71127,-73.99838,2.2041199826559246
18445522,Entire home/apt,90,40.7049,-74.00617,1.954242509439325
1294973,Private room,140,40.79475,-73.976,2.146128035678238
35044981,Entire home/apt,180,40.74392,-73.97741,2.255272505103306
11434339,Private room,100,40.82044,-73.93605,2
27953232,Entire home/apt,160,40.75991,-73.96105,2.2041199826559246
515392,Entire home/apt,200,40.74348,-73.9998,2.3010299956639813
15494796,Private room,250,40.73142,-74.01,2.3979400086720375
7367484,Private room,60,40.83428,-73.94446,1.7781512503836436
3970345,Entire home/apt,230,40.72088,-73.98149,2.361727836017593
35577810,Private room,70,40.80482,-73.96493,1.845098040014257
9858642,Entire home/apt,370,40.76704,-73.98153,2.568201724066995
19942348,Entire home/apt,200,40.71103,-74.00845,2.3010299956639813
9778049,Entire home/apt,140,40.78818,-73.96928,2.146128035678238
11035889,Private room,100,40.72104,-73.98298,2
13763512,Private room,80,40.7282,-73.98001,1.9030899869919435
9906178,Entire home/apt,200,40.73007,-74.00193,2.3010299956639813
25444327,Entire home/apt,120,40.78105,-73.98151,2.0791812460476247
18462291,Entire home/apt,80,40.81752,-73.94162,1.9030899869919435
9975425,Entire home/apt,110,40.82502,-73.95186,2.041392685158225
16405632,Entire home/apt,200,40.74569,-73.9922,2.3010299956639813
22078370,Entire home/apt,400,40.73247,-74.00378,2.6020599913279625
4865377,Entire home/apt,130,40.78335,-73.94822,2.113943352306837
17552955,Private room,80,40.84806,-73.93931,1.9030899869919435
84659,Entire home/apt,140,40.72843,-73.98895,2.146128035678238
13749286,Entire home/apt,110,40.72994,-73.99953,2.041392685158225
36468386,Entire home/apt,140,40.76688,-73.94688,2.146128035678238
19495598,Entire home/apt,140,40.72805,-73.99146,2.146128035678238
17893069,Entire home/apt,250,40.73307,-73.99277,2.3979400086720375
482365,Entire home/apt,80,40.75636,-73.9939,1.9030899869919435
34309557,Entire home/apt,300,40.73002,-73.98356,2.4771212547196626
1325473,Private room,80,40.85677,-73.93727,1.9030899869919435
4031809,Private room,20,40.83456,-73.94344,1.3010299956639813
26947587,Private room,120,40.80681,-73.95119,2.0791812460476247
21253972,Entire home/apt,280,40.763,-73.96044,2.4471580313422194
1731969,Private room,100,40.77084,-73.95811,2
33527778,Entire home/apt,470,40.70763,-74.0105,2.6720978579357175
7579573,Entire home/apt,160,40.78323,-73.97721,2.2041199826559246
22214594,Entire home/apt,80,40.79641,-73.97088,1.9030899869919435
33611142,Entire home/apt,300,40.76091,-73.99126,2.4771212547196626
23075778,Entire home/apt,150,40.72629,-73.98417,2.1760912590556813
7018619,Private room,50,40.81435,-73.94588,1.6989700043360187
15095439,Entire home/apt,100,40.82367,-73.93762,2
14711796,Entire home/apt,180,40.70483,-74.01545,2.255272505103306
35855199,Private room,80,40.80143,-73.93916,1.9030899869919435
33524941,Entire home/apt,150,40.81325,-73.9398,2.1760912590556813
35740468,Entire home/apt,380,40.76303,-73.97896,2.57978359661681
27725392,Entire home/apt,150,40.72264,-73.9912,2.1760912590556813
29740134,Private room,40,40.85155,-73.92967,1.6020599913279623
24714137,Entire home/apt,160,40.7157,-73.98864,2.2041199826559246
19945327,Entire home/apt,100,40.76602,-73.98323,2
32676180,Private room,100,40.74845,-73.99257,2
6476333,Private room,100,40.80182,-73.94014,2
23024656,Entire home/apt,120,40.81767,-73.93771,2.0791812460476247
9435315,Private room,80,40.72117,-73.98126,1.9030899869919435
20176191,Private room,100,40.79938,-73.97057,2
252607,Entire home/apt,200,40.79493,-73.94462,2.3010299956639813
34285226,Entire home/apt,230,40.77796,-73.98191,2.361727836017593
8684082,Private room,100,40.76443,-73.99219,2
16753723,Private room,70,40.73702,-73.99739,1.845098040014257
9364750,Private room,80,40.84864,-73.94046,1.9030899869919435
21851700,Entire home/apt,150,40.74031,-73.9986,2.1760912590556813
17172375,Entire home/apt,180,40.76106,-73.98627,2.255272505103306
17252480,Entire home/apt,150,40.76851,-73.95506,2.1760912590556813
21159450,Private room,100,40.77669,-73.94822,2
6492864,Private room,80,40.72174,-73.98418,1.9030899869919435
1935109,Entire home/apt,250,40.71972,-73.99299,2.3979400086720375
28979690,Private room,140,40.83912,-73.94327,2.146128035678238
681518,Private room,100,40.80114,-73.96378,2
2193902,Entire home/apt,220,40.72422,-73.98211,2.342422680822206
17093180,Entire home/apt,160,40.77058,-73.95358,2.2041199826559246
35783252,Private room,80,40.75061,-73.97233,1.9030899869919435
35229201,Shared room,80,40.76578,-73.99101,1.9030899869919435
21662801,Entire home/apt,240,40.75286,-73.99551,2.380211241711606
22815191,Private room,60,40.86529,-73.92213,1.7781512503836436
11652872,Entire home/apt,130,40.75589,-73.96753,2.113943352306837
3061106,Private room,130,40.73229,-74.004,2.113943352306837
16037576,Private room,80,40.77128,-73.95787,1.9030899869919435
19415979,Entire home/apt,180,40.74444,-74.00068,2.255272505103306
30231632,Private room,360,40.71246,-73.99069,2.5563025007672873
399946,Private room,90,40.72123,-73.98996,1.954242509439325
35909458,Entire home/apt,400,40.75304,-73.96658,2.6020599913279625
4758877,Private room,70,40.72229,-73.9873,1.845098040014257
36109452,Entire home/apt,90,40.73295,-74.00365,1.954242509439325
21549450,Entire home/apt,160,40.73054,-74.0013,2.2041199826559246
29546328,Private room,40,40.84701,-73.93949,1.6020599913279623
2249928,Entire home/apt,1000,40.78574,-73.9764,3
32240812,Entire home/apt,210,40.70619,-74.01065,2.322219294733919
695465,Entire home/apt,70,40.72482,-73.98097,1.845098040014257
35677001,Entire home/apt,350,40.7615,-73.99546,2.5440680443502757
12870344,Private room,140,40.75347,-73.97293,2.146128035678238
1856803,Entire home/apt,220,40.72335,-73.98549,2.342422680822206
30310672,Private room,400,40.78748,-73.94779,2.6020599913279625
33533601,Private room,100,40.71629,-73.98862,2
36320933,Shared room,80,40.74753,-73.9908,1.9030899869919435
34230311,Entire home/apt,200,40.74693,-73.97582,2.3010299956639813
10153654,Private room,80,40.72774,-73.98211,1.9030899869919435
13885829,Entire home/apt,140,40.75965,-73.966309999999993,2.146128035678238
5615835,Private room,80,40.72805,-73.98415,1.9030899869919435
33094281,Private room,380,40.75492,-73.98027,2.57978359661681
20942199,Entire home/apt,240,40.70903,-74.01401,2.380211241711606
19477677,Private room,70,40.82119,-73.95583,1.845098040014257
4471513,Entire home/apt,700,40.75607,-73.98593,2.845098040014257
26550322,Entire home/apt,250,40.85515,-73.93297,2.3979400086720375
9999939,Private room,80,40.78347,-73.97748,1.9030899869919435
30392569,Entire home/apt,260,40.74094,-73.99464,2.4149733479708178
9675061,Entire home/apt,160,40.7718,-73.94916,2.2041199826559246
7694418,Entire home/apt,150,40.791,-73.96809,2.1760912590556813
32667711,Entire home/apt,160,40.74769,-73.97592,2.2041199826559246
9393674,Private room,120,40.75925,-73.99136,2.0791812460476247
12453775,Private room,130,40.80057,-73.9556,2.113943352306837
30349105,Entire home/apt,200,40.73034,-74.01022,2.3010299956639813
21005576,Private room,140,40.77867,-73.97914,2.146128035678238
27869059,Private room,300,40.74813,-74.00478,2.4771212547196626
1349658,Private room,80,40.80998,-73.95898,1.9030899869919435
12300734,Private room,100,40.77992,-73.98046,2
14438244,Entire home/apt,150,40.72919,-73.97894,2.1760912590556813
31986430,Entire home/apt,180,40.71957,-73.98538,2.255272505103306
25049092,Private room,70,40.82996,-73.9449,1.845098040014257
23233925,Private room,100,40.77603,-73.95573,2
29452918,Private room,80,40.74684,-73.98698,1.9030899869919435
7873524,Entire home/apt,130,40.80009,-73.95313,2.113943352306837
29037588,Entire home/apt,300,40.78857,-73.97072,2.4771212547196626
15735305,Private room,370,40.75365,-73.97151,2.568201724066995
19451978,Private room,140,40.73299,-73.99812,2.146128035678238
35468369,Entire home/apt,850,40.74337,-73.97726,2.929418925714293
14592009,Entire home/apt,120,40.73048,-73.98689,2.0791812460476247
31539570,Entire home/apt,350,40.72278,-73.98902,2.5440680443502757
21777252,Entire home/apt,160,40.72833,-73.97926,2.2041199826559246
4437053,Private room,100,40.72144,-73.99435,2
18430686,Private room,80,40.7627,-73.98837,1.9030899869919435
5162578,Private room,120,40.82774,-73.95181,2.0791812460476247
22321252,Private room,90,40.76684,-73.98539,1.954242509439325
35189318,Private room,160,40.81675,-73.93696,2.2041199826559246
13375936,Private room,80,40.80321,-73.9521,1.9030899869919435
2037632,Entire home/apt,140,40.72782,-73.980950000000007,2.146128035678238
29628834,Entire home/apt,400,40.76279,-73.97494,2.6020599913279625
12990172,Entire home/apt,110,40.81488,-73.95886,2.041392685158225
17972466,Private room,90,40.78549,-73.97673,1.954242509439325
8794495,Private room,140,40.75417,-73.97279,2.146128035678238
36475746,Private room,40,40.82233,-73.94687,1.6020599913279623
30144241,Private room,70,40.82293,-73.93958,1.845098040014257
7661020,Entire home/apt,100,40.83436,-73.94735,2
8861269,Entire home/apt,170,40.80519,-73.94974,2.230448921378274
12366408,Entire home/apt,220,40.79505,-73.94361,2.342422680822206
19815527,Entire home/apt,300,40.72361,-73.99467,2.4771212547196626
16424934,Entire home/apt,140,40.72798,-73.97787,2.146128035678238
35793455,Private room,150,40.7319,-73.98981,2.1760912590556813
17423245,Private room,100,40.79877,-73.93964,2
35798549,Entire home/apt,140,40.7518,-73.97158,2.146128035678238
21891982,Entire home/apt,350,40.74864,-73.97383,2.5440680443502757
19363356,Private room,60,40.81783,-73.95346,1.7781512503836436
30421981,Private room,300,40.72065,-73.99282,2.4771212547196626
30068066,Private room,150,40.78006,-73.95046,2.1760912590556813
4707057,Private room,90,40.82502,-73.94404,1.954242509439325
32676181,Private room,100,40.7492,-73.99073,2
25840272,Entire home/apt,300,40.74267,-73.99971,2.4771212547196626
5826700,Entire home/apt,160,40.82505,-73.95294,2.2041199826559246
34206858,Private room,200,40.74914,-73.99471,2.3010299956639813
35370678,Entire home/apt,270,40.74814,-73.99416,2.4313637641589874
3358937,Entire home/apt,300,40.74722,-74.00466,2.4771212547196626
8207003,Entire home/apt,120,40.72555,-73.97713,2.0791812460476247
26183582,Entire home/apt,170,40.7898,-73.94853,2.230448921378274
10115193,Private room,120,40.71886,-73.98881,2.0791812460476247
11639083,Private room,90,40.71936,-73.98878,1.954242509439325
5443318,Entire home/apt,140,40.76615,-73.9879,2.146128035678238
28938631,Entire home/apt,300,40.74552,-74.00021,2.4771212547196626
13699944,Entire home/apt,100,40.71798,-74.01253,2
35916913,Entire home/apt,300,40.7609,-73.96147,2.4771212547196626
13019333,Private room,100,40.76232,-73.97614,2
24833043,Private room,60,40.80848,-73.94271,1.7781512503836436
21399985,Private room,80,40.80999,-73.95484,1.9030899869919435
32663836,Private room,180,40.72681,-73.97955,2.255272505103306
19472085,Entire home/apt,250,40.72901,-73.98621,2.3979400086720375
25949165,Private room,70,40.82571,-73.95016,1.845098040014257
4650123,Entire home/apt,110,40.71927,-73.98511,2.041392685158225
14878046,Entire home/apt,150,40.71534,-73.99918,2.1760912590556813
7724865,Private room,180,40.73999,-73.98122,2.255272505103306
25402549,Private room,120,40.75933,-73.99512,2.0791812460476247
13614923,Entire home/apt,260,40.7205,-73.9986,2.4149733479708178
35097684,Private room,70,40.73232,-73.97784,1.845098040014257
13529607,Entire home/apt,190,40.74992,-73.97223,2.278753600952829
30964065,Entire home/apt,220,40.75878,-73.99011,2.342422680822206
13723345,Entire home/apt,180,40.7427,-73.99837,2.255272505103306
33855937,Private room,160,40.76236,-73.96482,2.2041199826559246
14140552,Entire home/apt,300,40.72872,-73.98267,2.4771212547196626
33138741,Entire home/apt,80,40.81476,-73.94723,1.9030899869919435
20171578,Private room,140,40.76505,-73.98757,2.146128035678238
36176688,Entire home/apt,100,40.85342,-73.93714,2
25101138,Private room,180,40.75184,-73.97302,2.255272505103306
33687456,Private room,600,40.75166,-73.97154,2.7781512503836434
34678758,Entire home/apt,150,40.72757,-73.98336,2.1760912590556813
6515562,Entire home/apt,110,40.72781,-73.9862,2.041392685158225
13098805,Entire home/apt,160,40.76704,-73.95722,2.2041199826559246
28637001,Private room,140,40.76282,-73.98847,2.146128035678238
3945796,Private room,100,40.74533,-73.97956,2
2931595,Entire home/apt,250,40.7241,-74.0042,2.3979400086720375
187488,Private room,100,40.73712,-74.00166,2
35064196,Entire home/apt,160,40.76284,-73.99003,2.2041199826559246
9609800,Private room,50,40.83625,-73.93753,1.6989700043360187
33446557,Entire home/apt,240,40.72044,-73.98335,2.380211241711606
16320612,Entire home/apt,160,40.79942,-73.95128,2.2041199826559246
13843286,Entire home/apt,320,40.73511,-74.0037,2.505149978319906
4430819,Entire home/apt,200,40.72847,-73.98682,2.3010299956639813
8521188,Entire home/apt,280,40.75744,-73.99269,2.4471580313422194
21364703,Entire home/apt,170,40.72706,-74.00476,2.230448921378274
11481037,Shared room,80,40.75321,-73.97215,1.9030899869919435
30527900,Entire home/apt,200,40.73963,-73.98002,2.3010299956639813
31936078,Private room,120,40.76243,-73.98621,2.0791812460476247
8202455,Entire home/apt,120,40.77795,-73.9825,2.0791812460476247
23127964,Entire home/apt,170,40.72605,-74.00072,2.230448921378274
3468942,Entire home/apt,200,40.79219,-73.96862,2.3010299956639813
253623,Private room,80,40.81512,-73.94692,1.9030899869919435
5624616,Private room,120,40.78913,-73.97021,2.0791812460476247
13694129,Private room,90,40.81596,-73.95999,1.954242509439325
19970186,Entire home/apt,120,40.7347,-73.98665,2.0791812460476247
30964891,Private room,120,40.77581,-73.95072,2.0791812460476247
10224998,Private room,200,40.80033,-73.9528,2.3010299956639813
34345976,Entire home/apt,220,40.70896,-74.00695,2.342422680822206
7975360,Entire home/apt,180,40.82215,-73.95601,2.255272505103306
19910725,Private room,100,40.72918,-73.99889,2
14976950,Entire home/apt,300,40.79799,-73.96161,2.4771212547196626
15492561,Entire home/apt,120,40.78057,-73.95734,2.0791812460476247
19843398,Entire home/apt,190,40.77418,-73.98799,2.278753600952829
34314231,Entire home/apt,350,40.73551,-74.00167,2.5440680443502757
22753912,Entire home/apt,160,40.81246,-73.95161,2.2041199826559246
28012942,Entire home/apt,180,40.77936,-73.9518,2.255272505103306
21967332,Entire home/apt,350,40.7209,-73.98909,2.5440680443502757
15282411,Private room,120,40.74853,-73.99593,2.0791812460476247
16360894,Entire home/apt,100,40.82179,-73.94777,2
9992743,Private room,100,40.75199,-73.97193,2
27133123,Entire home/apt,140,40.71936,-73.99229,2.146128035678238
12070985,Entire home/apt,80,40.85496,-73.93406,1.9030899869919435
36024957,Entire home/apt,100,40.80927,-73.9472,2
21994561,Private room,70,40.79917,-73.96795,1.845098040014257
34415309,Private room,60,40.78032,-73.97812,1.7781512503836436
563442,Entire home/apt,200,40.73514,-73.99954,2.3010299956639813
35034410,Private room,100,40.72764,-73.98712,2
30580115,Private room,150,40.72176,-73.98825,2.1760912590556813
741783,Entire home/apt,350,40.73454,-74.00365,2.5440680443502757
9853919,Private room,90,40.7243,-73.97684,1.954242509439325
14068074,Private room,250,40.72339,-73.99461,2.3979400086720375
13030999,Entire home/apt,160,40.70645,-74.01144,2.2041199826559246
36438110,Entire home/apt,140,40.78411,-73.9487,2.146128035678238
6620911,Entire home/apt,150,40.73391,-73.98552,2.1760912590556813
35025851,Entire home/apt,600,40.76796,-73.98891,2.7781512503836434
2043329,Entire home/apt,100,40.76473,-73.98937,2
14309960,Private room,100,40.73226,-73.98688,2
2127382,Entire home/apt,150,40.77924,-73.95092,2.1760912590556813
14041196,Entire home/apt,100,40.76161,-73.98995,2
20624427,Private room,60,40.82736,-73.95292,1.7781512503836436
30795963,Private room,190,40.82591,-73.95144,2.278753600952829
16322134,Private room,300,40.72087,-73.98079,2.4771212547196626
9685104,Private room,80,40.76359,-73.94982,1.9030899869919435
22651509,Entire home/apt,120,40.73991,-74.00211,2.0791812460476247
17702320,Private room,120,40.77571,-73.94803,2.0791812460476247
34790625,Private room,80,40.79632,-73.969,1.9030899869919435
476527,Entire home/apt,90,40.72893,-73.98278,1.954242509439325
21088999,Entire home/apt,150,40.72801,-74.00105,2.1760912590556813
29424138,Entire home/apt,180,40.73531,-74.00303,2.255272505103306
11097962,Entire home/apt,110,40.79733,-73.93955,2.041392685158225
35576863,Entire home/apt,840,40.75438,-73.99378,2.9242792860618816
5848422,Entire home/apt,80,40.72956,-73.98613,1.9030899869919435
19691179,Private room,120,40.72113,-73.9849,2.0791812460476247
22231784,Entire home/apt,220,40.76639,-73.98163,2.342422680822206
34490364,Private room,100,40.75507,-73.98883,2
32757476,Entire home/apt,180,40.80299,-73.95443,2.255272505103306
187986,Entire home/apt,250,40.73862,-73.99758,2.3979400086720375
12753434,Entire home/apt,180,40.75657,-73.9942,2.255272505103306
13881020,Private room,50,40.82903,-73.94502,1.6989700043360187
24521752,Entire home/apt,200,40.78119,-73.95121,2.3010299956639813
22209681,Entire home/apt,110,40.77585,-73.95337,2.041392685158225
30322497,Entire home/apt,170,40.73751,-74.00231,2.230448921378274
3105531,Entire home/apt,750,40.77766,-73.9561,2.8750612633917
32137426,Entire home/apt,180,40.78081,-73.94866,2.255272505103306
454929,Entire home/apt,240,40.72981,-73.98318,2.380211241711606
826764,Private room,60,40.73588,-73.99224,1.7781512503836436
19227538,Private room,50,40.84491,-73.94044,1.6989700043360187
887355,Entire home/apt,500,40.74791,-73.97334,2.6989700043360187
2284454,Entire home/apt,1600,40.76904,-73.95435,3.2041199826559246
21199630,Entire home/apt,120,40.7717,-73.96116,2.0791812460476247
23222680,Entire home/apt,210,40.76163,-73.97113,2.322219294733919
13674338,Entire home/apt,130,40.77467,-73.95533,2.113943352306837
2310008,Private room,80,40.71627,-73.99404,1.9030899869919435
33195320,Private room,100,40.8088,-73.94527,2
19811581,Private room,40,40.80668,-73.93828,1.6020599913279623
8813306,Entire home/apt,180,40.7567,-73.99277,2.255272505103306
23325238,Entire home/apt,300,40.76155,-73.98687,2.4771212547196626
808313,Entire home/apt,200,40.72721,-73.98411,2.3010299956639813
20696525,Entire home/apt,170,40.71946,-73.99761,2.230448921378274
4427442,Entire home/apt,290,40.85083,-73.94093,2.462397997898956
2071873,Entire home/apt,180,40.75053,-73.97747,2.255272505103306
34418130,Private room,130,40.71977,-73.98423,2.113943352306837
34392437,Entire home/apt,150,40.80735,-73.95938,2.1760912590556813
21456,Entire home/apt,140,40.79764,-73.96177,2.146128035678238
21366948,Entire home/apt,350,40.78584,-73.97342,2.5440680443502757
4462553,Entire home/apt,180,40.73066,-74.00371,2.255272505103306
32740475,Entire home/apt,240,40.74835,-73.97612,2.380211241711606
35577860,Entire home/apt,140,40.75692,-73.98373,2.146128035678238
7246609,Entire home/apt,200,40.72259,-73.99311,2.3010299956639813
9137941,Entire home/apt,200,40.77012,-73.95777,2.3010299956639813
31433921,Private room,60,40.81859,-73.93997,1.7781512503836436
12914726,Private room,150,40.73116,-74.00212,2.1760912590556813
32241288,Entire home/apt,220,40.70782,-74.0107,2.342422680822206
7308735,Private room,60,40.82416,-73.94623,1.7781512503836436
12854734,Entire home/apt,100,40.74078,-73.99923,2
18705087,Entire home/apt,180,40.75725,-73.9959,2.255272505103306
13328405,Private room,60,40.82299,-73.94486,1.7781512503836436
29704596,Shared room,150,40.72036,-73.98883,2.1760912590556813
665394,Entire home/apt,220,40.7589,-73.99015,2.342422680822206
4407787,Private room,110,40.71287,-73.98685,2.041392685158225
4431247,Shared room,70,40.74726,-74.00213,1.845098040014257
24729353,Private room,90,40.72783,-74.00102,1.954242509439325
17978997,Private room,70,40.82021,-73.95441,1.845098040014257
35064019,Entire home/apt,150,40.81149,-73.94024,2.1760912590556813
25117612,Private room,50,40.81385,-73.9614,1.6989700043360187
10487548,Entire home/apt,220,40.72315,-73.98251,2.342422680822206
28888147,Entire home/apt,240,40.75896,-73.96251,2.380211241711606
5621141,Entire home/apt,230,40.74406,-73.99551,2.361727836017593
19913783,Private room,80,40.81671,-73.94013,1.9030899869919435
7999409,Shared room,60,40.78129,-73.98572,1.7781512503836436
29550259,Private room,90,40.7229,-73.98698,1.954242509439325
2532068,Private room,60,40.77929,-73.97787,1.7781512503836436
33850661,Private room,100,40.76921,-73.99239,2
26805568,Entire home/apt,160,40.74952,-73.9713,2.2041199826559246
31320905,Private room,100,40.77951,-73.95075,2
560078,Entire home/apt,300,40.72274,-73.97934,2.4771212547196626
9240346,Entire home/apt,120,40.73318,-73.98449,2.0791812460476247
16854754,Entire home/apt,150,40.75562,-73.96539,2.1760912590556813
35991170,Entire home/apt,130,40.75913,-73.96487,2.113943352306837
8388776,Entire home/apt,110,40.74501,-73.99725,2.041392685158225
16315292,Entire home/apt,220,40.72543,-73.99129,2.342422680822206
18755951,Entire home/apt,200,40.73193,-73.98861,2.3010299956639813
12865981,Entire home/apt,900,40.75337,-73.97289,2.9542425094393248
823631,Private room,60,40.80997,-73.93992,1.7781512503836436
36272851,Private room,140,40.73929,-73.98183,2.146128035678238
9712126,Entire home/apt,140,40.73304,-73.9843,2.146128035678238
1091840,Private room,80,40.78859,-73.94715,1.9030899869919435
35483304,Entire home/apt,320,40.74509,-73.99135,2.505149978319906
17555918,Private room,90,40.74899,-74.00403,1.954242509439325
23626799,Entire home/apt,400,40.80765,-73.95244,2.6020599913279625
33080606,Shared room,40,40.74392,-73.98072,1.6020599913279623
16333147,Private room,90,40.72007,-73.98559,1.954242509439325
16976215,Private room,120,40.7429,-73.99344,2.0791812460476247
14648556,Private room,60,40.82663,-73.94624,1.7781512503836436
34096841,Private room,410,40.75702,-73.99382,2.6127838567197355
181972,Entire home/apt,200,40.8296,-73.94651,2.3010299956639813
24287863,Private room,350,40.75512,-73.97155,2.5440680443502757
23765706,Entire home/apt,170,40.75068,-73.99811,2.230448921378274
3317978,Private room,40,40.80048,-73.96621,1.6020599913279623
14553862,Entire home/apt,200,40.79873,-73.96782,2.3010299956639813
21564493,Private room,80,40.83294,-73.94218,1.9030899869919435
32681408,Private room,210,40.78111,-73.97923,2.322219294733919
19265835,Entire home/apt,140,40.80079,-73.95798,2.146128035678238
16793429,Entire home/apt,150,40.71909,-73.99562,2.1760912590556813
22017621,Entire home/apt,80,40.84399,-73.94228,1.9030899869919435
35805262,Entire home/apt,220,40.75993,-73.99074,2.342422680822206
14218548,Private room,100,40.72646,-73.98498,2
27282824,Entire home/apt,120,40.73214,-74.00531,2.0791812460476247
6447797,Private room,90,40.71762,-73.99328,1.954242509439325
30388999,Entire home/apt,240,40.73774,-73.99723,2.380211241711606
33490271,Private room,60,40.85513,-73.93305,1.7781512503836436
24080143,Private room,90,40.74648,-74.00266,1.954242509439325
20235701,Private room,80,40.83103,-73.94653,1.9030899869919435
4798723,Entire home/apt,100,40.75235,-73.96781,2
9384723,Entire home/apt,280,40.74538,-73.98313,2.4471580313422194
30388333,Entire home/apt,240,40.79094,-73.97235,2.380211241711606
25453535,Entire home/apt,180,40.74386,-73.97327,2.255272505103306
26867963,Entire home/apt,200,40.75566,-73.99917,2.3010299956639813
4920912,Entire home/apt,180,40.74244,-73.99854,2.255272505103306
34280267,Entire home/apt,130,40.70808,-74.00561,2.113943352306837
19626464,Private room,110,40.76591,-73.98717,2.041392685158225
975229,Entire home/apt,160,40.73055,-73.98875,2.2041199826559246
13230556,Entire home/apt,140,40.76139,-73.96208,2.146128035678238
22436581,Private room,70,40.82375,-73.95379,1.845098040014257
6422762,Private room,110,40.78396,-73.95218,2.041392685158225
33778352,Private room,120,40.75625,-73.96416,2.0791812460476247
14590476,Entire home/apt,1000,40.74775,-73.99167,3
19495570,Private room,140,40.80232,-73.96977,2.146128035678238
34385166,Private room,140,40.81662,-73.94209,2.146128035678238
11775127,Entire home/apt,100,40.72547,-73.98717,2
4573897,Private room,80,40.86821,-73.92128,1.9030899869919435
1748189,Entire home/apt,200,40.77219,-73.95073,2.3010299956639813
22729984,Private room,90,40.81294,-73.94609,1.954242509439325
31465478,Entire home/apt,400,40.80454,-73.94635,2.6020599913279625
31500127,Shared room,50,40.7814,-73.95206,1.6989700043360187
34956249,Entire home/apt,140,40.77697,-73.95272,2.146128035678238
18456751,Private room,90,40.72598,-73.98934,1.954242509439325
35451636,Private room,90,40.80315,-73.95616,1.954242509439325
10033868,Entire home/apt,170,40.76244,-73.99295,2.230448921378274
10043064,Entire home/apt,150,40.82364,-73.94556,2.1760912590556813
18811557,Entire home/apt,300,40.72007,-73.98385,2.4771212547196626
36027598,Private room,110,40.76769,-73.99129,2.041392685158225
36404972,Entire home/apt,360,40.73206,-73.98776,2.5563025007672873
1839818,Entire home/apt,140,40.73196,-73.97932,2.146128035678238
21739035,Entire home/apt,130,40.81702,-73.93882,2.113943352306837
35795970,Entire home/apt,190,40.75518,-73.96306,2.278753600952829
18999626,Private room,200,40.76199,-73.98758,2.3010299956639813
30249168,Entire home/apt,150,40.77642,-73.97987,2.1760912590556813
149287,Entire home/apt,250,40.78508,-73.95332,2.3979400086720375
33835408,Entire home/apt,350,40.75966,-73.99277,2.5440680443502757
9105223,Entire home/apt,240,40.70358,-74.00824,2.380211241711606
654005,Entire home/apt,350,40.78363,-73.97797,2.5440680443502757
1673040,Entire home/apt,350,40.76671,-73.98666,2.5440680443502757
21981036,Entire home/apt,100,40.73878,-73.9839,2
7858468,Private room,100,40.76425,-73.99162,2
17029482,Entire home/apt,220,40.73452,-74.00825,2.342422680822206
6334808,Private room,170,40.72786,-73.988,2.230448921378274
20091873,Entire home/apt,120,40.73409,-73.98703,2.0791812460476247
26519306,Entire home/apt,150,40.81581,-73.94142,2.1760912590556813
16428888,Private room,100,40.7288,-73.98147,2
36260895,Entire home/apt,400,40.74506,-73.97362,2.6020599913279625
8411226,Private room,50,40.82355,-73.94881,1.6989700043360187
1291561,Entire home/apt,220,40.72948,-73.99957,2.342422680822206
457829,Entire home/apt,210,40.72917,-73.98811,2.322219294733919
24493582,Entire home/apt,140,40.78382,-73.98235,2.146128035678238
4040900,Shared room,60,40.75974,-73.9866,1.7781512503836436
29987114,Entire home/apt,100,40.82437,-73.95177,2
33061453,Private room,80,40.76038,-73.95085,1.9030899869919435
22833112,Entire home/apt,100,40.80106,-73.94503,2
16312966,Entire home/apt,80,40.8471,-73.93501,1.9030899869919435
27385494,Entire home/apt,500,40.76541,-73.98179,2.6989700043360187
28627384,Private room,150,40.76357,-73.98906,2.1760912590556813
16349311,Entire home/apt,400,40.72357,-73.98797,2.6020599913279625
7634327,Entire home/apt,250,40.72178,-73.98212,2.3979400086720375
32638774,Private room,50,40.84389,-73.93688,1.6989700043360187
13395362,Entire home/apt,200,40.76409,-73.99122,2.3010299956639813
35000157,Entire home/apt,600,40.74459,-73.97436,2.7781512503836434
15720449,Private room,90,40.70602,-74.00891,1.954242509439325
8629187,Entire home/apt,500,40.74262,-73.98063,2.6989700043360187
11535506,Private room,190,40.72705,-74.00314,2.278753600952829
22815257,Private room,60,40.81351,-73.95186,1.7781512503836436
100002,Private room,70,40.85295,-73.93361,1.845098040014257
7839096,Entire home/apt,250,40.74926,-73.98201,2.3979400086720375
7367165,Private room,40,40.82681,-73.9426,1.6020599913279623
18412771,Private room,60,40.8398,-73.94384,1.7781512503836436
450577,Entire home/apt,250,40.77555,-73.9767,2.3979400086720375
32699916,Entire home/apt,180,40.80305,-73.94163,2.255272505103306
17981447,Private room,60,40.7503,-74.00473,1.7781512503836436
34029837,Private room,500,40.7574,-73.99395,2.6989700043360187
17266255,Entire home/apt,160,40.73115,-74.00429,2.2041199826559246
7382982,Private room,110,40.72911,-74.00338,2.041392685158225
33430867,Private room,140,40.76389,-73.98872,2.146128035678238
31307385,Entire home/apt,280,40.74412,-73.99684,2.4471580313422194
2193649,Private room,80,40.71735,-73.99095,1.9030899869919435
22100911,Private room,100,40.80309,-73.96568,2
11381288,Entire home/apt,200,40.7213,-73.989,2.3010299956639813
16493057,Entire home/apt,180,40.73795,-74.00139,2.255272505103306
17716237,Entire home/apt,250,40.7701,-73.9589,2.3979400086720375
10031678,Entire home/apt,120,40.71474,-73.99778,2.0791812460476247
29231873,Private room,150,40.71271,-73.99084,2.1760912590556813
32740570,Entire home/apt,240,40.7488,-73.97522,2.380211241711606
16012941,Entire home/apt,250,40.7953,-73.97248,2.3979400086720375
36319687,Entire home/apt,190,40.76887,-73.95894,2.278753600952829
5629953,Private room,80,40.82955,-73.9477,1.9030899869919435
4808745,Entire home/apt,80,40.75427,-73.96689,1.9030899869919435
9684366,Private room,140,40.79499,-73.966309999999993,2.146128035678238
176653,Private room,100,40.72974,-73.98201,2
35709450,Entire home/apt,400,40.72226,-73.99351,2.6020599913279625
35943489,Entire home/apt,120,40.71807,-73.99843,2.0791812460476247
2547198,Entire home/apt,150,40.72224,-73.99491,2.1760912590556813
18899768,Private room,90,40.76615,-73.95427,1.954242509439325
28718446,Private room,140,40.72615,-73.98905,2.146128035678238
4641406,Entire home/apt,100,40.80297,-73.95537,2
35834284,Entire home/apt,200,40.73559,-73.99985,2.3010299956639813
30527466,Entire home/apt,190,40.76411,-73.99019,2.278753600952829
7632731,Entire home/apt,600,40.7874,-73.97381,2.7781512503836434
18390143,Private room,120,40.76537,-73.98855,2.0791812460476247
4690677,Entire home/apt,110,40.744,-73.9907,2.041392685158225
5661080,Entire home/apt,160,40.74924,-73.99784,2.2041199826559246
1113125,Entire home/apt,210,40.72068,-73.99576,2.322219294733919
30429780,Private room,200,40.75541,-73.99634,2.3010299956639813
32449378,Shared room,180,40.74458,-74.00644,2.255272505103306
24336051,Entire home/apt,300,40.77598,-73.98917,2.4771212547196626
24894724,Entire home/apt,120,40.75164,-73.99727,2.0791812460476247
566712,Private room,110,40.72819,-73.97933,2.041392685158225
30393944,Entire home/apt,470,40.7767,-73.98291,2.6720978579357175
819893,Private room,60,40.82233,-73.95568,1.7781512503836436
4296126,Entire home/apt,260,40.7555,-73.99369,2.4149733479708178
19940173,Entire home/apt,220,40.7823,-73.94736,2.342422680822206
842973,Entire home/apt,180,40.76194,-73.99346,2.255272505103306
31405999,Entire home/apt,270,40.70491,-74.00978,2.4313637641589874
22635815,Private room,40,40.83558,-73.9404,1.6020599913279623
22145643,Private room,80,40.78314,-73.94659,1.9030899869919435
10088636,Private room,60,40.82232,-73.95696,1.7781512503836436
8504231,Private room,110,40.80096,-73.96671,2.041392685158225
13164658,Entire home/apt,320,40.71549,-74.00804,2.505149978319906
3664439,Private room,100,40.74911,-73.98202,2
21881602,Private room,50,40.79454,-73.97541,1.6989700043360187
15505535,Entire home/apt,750,40.76053,-73.99809,2.8750612633917
3272201,Entire home/apt,290,40.73504,-74.00658,2.462397997898956
25051166,Private room,50,40.84115,-73.94095,1.6989700043360187
3946288,Entire home/apt,540,40.79365,-73.9349,2.7323937598229686
9334086,Entire home/apt,80,40.84465,-73.93733,1.9030899869919435
5549530,Private room,100,40.7317,-73.98272,2
6674342,Entire home/apt,120,40.76127,-73.99161,2.0791812460476247
28852284,Entire home/apt,70,40.84578,-73.93902,1.845098040014257
33014,Entire home/apt,200,40.72354,-73.98295,2.3010299956639813
21628066,Shared room,60,40.78617,-73.97663,1.7781512503836436
26692402,Entire home/apt,120,40.77668,-73.94587,2.0791812460476247
13016082,Private room,100,40.78804,-73.95382,2
7858096,Private room,90,40.7357,-73.98087,1.954242509439325
4794322,Entire home/apt,200,40.77378,-73.95684,2.3010299956639813
36276575,Entire home/apt,300,40.73477,-74.00246,2.4771212547196626
34629692,Entire home/apt,250,40.71761,-73.98233,2.3979400086720375
23807788,Private room,80,40.82961,-73.9474,1.9030899869919435
16014791,Private room,110,40.75536,-73.9995,2.041392685158225
28513450,Entire home/apt,350,40.76088,-73.98971,2.5440680443502757
167482,Entire home/apt,180,40.77886,-73.98042,2.255272505103306
26420986,Entire home/apt,120,40.79392,-73.97288,2.0791812460476247
34593096,Entire home/apt,310,40.72517,-73.99274,2.4913616938342726
27385411,Entire home/apt,320,40.76634,-73.98155,2.505149978319906
4588689,Entire home/apt,200,40.72556,-73.98504,2.3010299956639813
21812347,Entire home/apt,300,40.71572,-73.99114,2.4771212547196626
6269610,Private room,100,40.75691,-73.9984,2
6642187,Entire home/apt,400,40.76555,-73.95791,2.6020599913279625
36453160,Entire home/apt,350,40.75204,-74.00292,2.5440680443502757
29676417,Shared room,40,40.74319,-73.98074,1.6020599913279623
21896267,Private room,40,40.80296,-73.9369,1.6020599913279623
15778177,Entire home/apt,160,40.76399,-73.98971,2.2041199826559246
31111599,Entire home/apt,290,40.71973,-74.00232,2.462397997898956
36060576,Entire home/apt,120,40.74638,-73.99094,2.0791812460476247
32700870,Entire home/apt,200,40.757,-73.96906,2.3010299956639813
22454397,Private room,80,40.7232,-73.98152,1.9030899869919435
10805767,Entire home/apt,320,40.73117,-73.98593,2.505149978319906
2339096,Private room,70,40.7159,-73.99059,1.845098040014257
32992438,Private room,80,40.79931,-73.96072,1.9030899869919435
24539732,Entire home/apt,220,40.70544,-74.00641,2.342422680822206
24234030,Entire home/apt,220,40.77181,-73.9574,2.342422680822206
29228604,Entire home/apt,280,40.80173,-73.94517,2.4471580313422194
1305346,Entire home/apt,140,40.72098,-73.99869,2.146128035678238
219818,Entire home/apt,200,40.71892,-73.98401,2.3010299956639813
19250742,Entire home/apt,120,40.82287,-73.94509,2.0791812460476247
707736,Entire home/apt,300,40.80748,-73.94869,2.4771212547196626
10401534,Private room,80,40.73013,-74.00172,1.9030899869919435
12657888,Private room,980,40.80183,-73.96373,2.9912260756924947
9250241,Private room,160,40.74702,-73.98778,2.2041199826559246
310325,Private room,80,40.82286,-73.94596,1.9030899869919435
4438029,Entire home/apt,360,40.74635,-73.99604,2.5563025007672873
4438223,Private room,160,40.80743,-73.95663,2.2041199826559246
19161964,Private room,60,40.8107,-73.95842,1.7781512503836436
15396328,Private room,80,40.72718,-73.98238,1.9030899869919435
26167182,Entire home/apt,250,40.7299,-73.98824,2.3979400086720375
4840841,Entire home/apt,200,40.71942,-73.98605,2.3010299956639813
19094358,Entire home/apt,180,40.86665,-73.92695,2.255272505103306
1850695,Entire home/apt,120,40.80738,-73.95855,2.0791812460476247
35662019,Private room,60,40.75625,-73.99357,1.7781512503836436
27432653,Private room,60,40.82771,-73.9499,1.7781512503836436
35191797,Entire home/apt,140,40.77957,-73.95475,2.146128035678238
19159,Entire home/apt,110,40.82915,-73.95136,2.041392685158225
13077215,Entire home/apt,240,40.7382,-73.98301,2.380211241711606
4909438,Entire home/apt,180,40.73037,-73.98268,2.255272505103306
7621629,Private room,40,40.80299,-73.96465,1.6020599913279623
34485281,Private room,100,40.72243,-74.0043,2
4905248,Entire home/apt,130,40.78141,-73.98445,2.113943352306837
9918524,Private room,60,40.80756,-73.96724,1.7781512503836436
21683372,Entire home/apt,120,40.82645,-73.94457,2.0791812460476247
710243,Entire home/apt,180,40.71819,-73.99136,2.255272505103306
25826245,Entire home/apt,120,40.80551,-73.96618,2.0791812460476247
27195566,Entire home/apt,200,40.76035,-73.99524,2.3010299956639813
31043873,Entire home/apt,150,40.79931,-73.95238,2.1760912590556813
30109089,Private room,210,40.70845,-74.01037,2.322219294733919
16506016,Entire home/apt,100,40.8006,-73.94115,2
4129195,Entire home/apt,180,40.75097,-73.99562,2.255272505103306
14247423,Shared room,100,40.74796,-73.97949,2
664047,Entire home/apt,2000,40.77516,-73.98573,3.3010299956639813
12253809,Private room,50,40.8528,-73.94114,1.6989700043360187
25340844,Private room,70,40.74249,-73.99997,1.845098040014257
30506672,Entire home/apt,120,40.77604,-73.94524,2.0791812460476247
29889800,Private room,180,40.76414,-73.949,2.255272505103306
5279925,Entire home/apt,140,40.73279,-73.98746,2.146128035678238
34059931,Entire home/apt,190,40.78537,-73.97456,2.278753600952829
32874495,Private room,200,40.75493,-73.99676,2.3010299956639813
992891,Entire home/apt,120,40.72131,-73.99487,2.0791812460476247
32935877,Entire home/apt,130,40.7269,-73.98368,2.113943352306837
19057479,Entire home/apt,120,40.79632,-73.93387,2.0791812460476247
24608922,Private room,100,40.7069,-74.01388,2
28081740,Entire home/apt,180,40.78162,-73.9753,2.255272505103306
21141704,Private room,110,40.73091,-73.98223,2.041392685158225
21844499,Entire home/apt,100,40.78624,-73.96952,2
20499320,Private room,120,40.81065,-73.9457,2.0791812460476247
36379279,Entire home/apt,300,40.73684,-73.98797,2.4771212547196626
35231242,Entire home/apt,900,40.75348,-73.9986,2.9542425094393248
17635051,Private room,80,40.77699,-73.95193,1.9030899869919435
24630272,Private room,90,40.71313,-74.00681,1.954242509439325
408491,Entire home/apt,140,40.73448,-73.99797,2.146128035678238
21738886,Entire home/apt,500,40.76237,-73.96374,2.6989700043360187
33705120,Entire home/apt,600,40.80879,-73.94174,2.7781512503836434
20485253,Private room,100,40.7105,-74.00641,2
3278436,Entire home/apt,330,40.78206,-73.97797,2.5185139398778875
4455094,Private room,160,40.73014,-74.00754,2.2041199826559246
30744215,Private room,600,40.7654,-73.98202,2.7781512503836434
31043855,Entire home/apt,160,40.85257,-73.94161,2.2041199826559246
5423135,Entire home/apt,110,40.78026,-73.9529,2.041392685158225
6363796,Private room,90,40.85111,-73.93325,1.954242509439325
23039069,Entire home/apt,300,40.77721,-73.94997,2.4771212547196626
19909586,Private room,120,40.73555,-74.00737,2.0791812460476247
36356416,Private room,50,40.80243,-73.96637,1.6989700043360187
22316496,Private room,70,40.72347,-73.99302,1.845098040014257
3663984,Entire home/apt,120,40.77222,-73.95604,2.0791812460476247
564447,Entire home/apt,190,40.75767,-73.99034,2.278753600952829
26814599,Private room,50,40.81747,-73.95249,1.6989700043360187
22417648,Private room,120,40.71291,-73.99463,2.0791812460476247
3359315,Private room,20,40.81742,-73.95358,1.3010299956639813
34489718,Private room,100,40.76237,-73.98442,2
3600496,Entire home/apt,150,40.74596,-73.98411,2.1760912590556813
29549451,Private room,120,40.72576,-73.97685,2.0791812460476247
15497673,Entire home/apt,750,40.7619,-73.99896,2.8750612633917
32164372,Entire home/apt,170,40.76379,-73.9872,2.230448921378274
35718849,Entire home/apt,250,40.73724,-73.99429,2.3979400086720375
5049823,Private room,500,40.7655,-73.98018,2.6989700043360187
10192898,Private room,100,40.7344,-74.00262,2
522081,Private room,170,40.74341,-73.99298,2.230448921378274
454334,Private room,60,40.81669,-73.94267,1.7781512503836436
10080979,Entire home/apt,140,40.73462,-73.98227,2.146128035678238
20803637,Entire home/apt,160,40.74294,-73.98137,2.2041199826559246
33275250,Private room,210,40.76027,-73.99682,2.322219294733919
24751022,Entire home/apt,180,40.70401,-74.00932,2.255272505103306
30768300,Private room,100,40.76448,-73.98632,2
3980487,Entire home/apt,500,40.73923,-73.99827,2.6989700043360187
31291979,Entire home/apt,120,40.71727,-73.98634,2.0791812460476247
22188609,Private room,200,40.74874,-73.98495,2.3010299956639813
23876337,Entire home/apt,180,40.70831,-74.00619,2.255272505103306
31237124,Private room,90,40.82575,-73.95177,1.954242509439325
20137618,Private room,100,40.72717,-73.98064,2
24248735,Private room,80,40.71394,-73.99843,1.9030899869919435
17346379,Private room,70,40.84099,-73.93694,1.845098040014257
23554330,Entire home/apt,140,40.77825,-73.94719,2.146128035678238
33393883,Entire home/apt,300,40.80273,-73.96386,2.4771212547196626
32506530,Entire home/apt,140,40.74757,-73.98564,2.146128035678238
10787042,Entire home/apt,250,40.76371,-73.99306,2.3979400086720375
16630483,Entire home/apt,140,40.73945,-73.98273,2.146128035678238
17497776,Entire home/apt,100,40.8269,-73.93634,2
24630495,Entire home/apt,180,40.77127,-73.98842,2.255272505103306
36285623,Private room,40,40.84762,-73.93898,1.6020599913279623
3915042,Entire home/apt,300,40.74933,-73.9724,2.4771212547196626
30730521,Entire home/apt,200,40.77995,-73.96056,2.3010299956639813
4263488,Entire home/apt,150,40.76842,-73.98589,2.1760912590556813
21411274,Entire home/apt,140,40.77719,-73.9511,2.146128035678238
5679938,Entire home/apt,150,40.70909,-74.00579,2.1760912590556813
6938378,Private room,40,40.81961,-73.93937,1.6020599913279623
12083868,Entire home/apt,240,40.76536,-73.98199,2.380211241711606
34391964,Entire home/apt,340,40.80249,-73.96588,2.531478917042255
34545869,Private room,80,40.79155,-73.94141,1.9030899869919435
33709253,Entire home/apt,470,40.70729,-74.01095,2.6720978579357175
30225291,Entire home/apt,140,40.74779,-73.98859,2.146128035678238
33343579,Private room,90,40.77886,-73.95139,1.954242509439325
28464787,Entire home/apt,60,40.84241,-73.94087,1.7781512503836436
9588828,Entire home/apt,120,40.78007,-73.94677,2.0791812460476247
21992083,Private room,300,40.75289,-73.99403,2.4771212547196626
36391615,Entire home/apt,240,40.72013,-73.98769,2.380211241711606
33242964,Private room,80,40.71309,-73.99626,1.9030899869919435
24104871,Private room,70,40.83163,-73.94615,1.845098040014257
32739824,Entire home/apt,110,40.77313,-73.94824,2.041392685158225
21406187,Private room,80,40.80839,-73.95269,1.9030899869919435
2103480,Entire home/apt,560,40.77822,-73.98016,2.7481880270062002
35257756,Private room,100,40.73129,-74.00661,2
22192877,Entire home/apt,600,40.77838,-73.97851,2.7781512503836434
12738473,Entire home/apt,120,40.77873,-73.94917,2.0791812460476247
21738018,Entire home/apt,180,40.76123,-73.99022,2.255272505103306
33900911,Entire home/apt,300,40.77318,-73.98836,2.4771212547196626
30389224,Entire home/apt,360,40.76087,-73.99563,2.5563025007672873
6347713,Private room,100,40.74169,-73.9933,2
7048418,Entire home/apt,500,40.71845,-74.01183,2.6989700043360187
18123185,Private room,80,40.79974,-73.96432,1.9030899869919435
10371643,Private room,40,40.79988,-73.9612,1.6020599913279623
30955020,Shared room,100,40.76389,-73.98671,2
11888497,Entire home/apt,150,40.77384,-73.95619,2.1760912590556813
6328175,Entire home/apt,120,40.80692,-73.964340000000007,2.0791812460476247
19174466,Private room,150,40.79367,-73.97073,2.1760912590556813
32714417,Entire home/apt,350,40.76168,-73.9996,2.5440680443502757
34008808,Entire home/apt,380,40.74546,-73.98679,2.57978359661681
3083899,Entire home/apt,120,40.78087,-73.97812,2.0791812460476247
15825854,Entire home/apt,180,40.74665,-73.98042,2.255272505103306
27461602,Entire home/apt,350,40.71882,-73.99652,2.5440680443502757
9978606,Private room,80,40.7237,-73.98223,1.9030899869919435
28075828,Private room,590,40.73928,-73.985830000000007,2.7708520116421442
30182093,Entire home/apt,200,40.74057,-73.99908,2.3010299956639813
16465690,Private room,90,40.7232,-73.98223,1.954242509439325
8103766,Entire home/apt,130,40.71475,-73.99257,2.113943352306837
7824018,Private room,100,40.76222,-73.99088,2
4401193,Entire home/apt,130,40.80699,-73.95937,2.113943352306837
30793116,Private room,80,40.84245,-73.93886,1.9030899869919435
16363434,Entire home/apt,290,40.75092,-73.98636,2.462397997898956
17511694,Entire home/apt,120,40.74896,-73.98277,2.0791812460476247
837430,Entire home/apt,130,40.7225,-73.98267,2.113943352306837
32039742,Private room,130,40.79967,-73.96109,2.113943352306837
30859838,Entire home/apt,190,40.73245,-74.00328,2.278753600952829
278631,Entire home/apt,250,40.73729,-74.00807,2.3979400086720375
21351641,Private room,160,40.76602,-73.98795,2.2041199826559246
7349421,Private room,80,40.82606,-73.94659,1.9030899869919435
30526105,Entire home/apt,150,40.71422,-73.98808,2.1760912590556813
8733480,Private room,60,40.81669,-73.96029,1.7781512503836436
9838832,Private room,100,40.78763,-73.97204,2
30815183,Entire home/apt,590,40.78013,-73.96031,2.7708520116421442
14577930,Entire home/apt,220,40.80065,-73.96944,2.342422680822206
23302260,Shared room,60,40.78648,-73.97923,1.7781512503836436
9401601,Entire home/apt,180,40.71271,-73.99512,2.255272505103306
27736749,Private room,90,40.75655,-73.99535,1.954242509439325
28053933,Private room,70,40.85053,-73.93027,1.845098040014257
34686108,Entire home/apt,350,40.80317,-73.95559,2.5440680443502757
9865374,Entire home/apt,200,40.74807,-74.00209,2.3010299956639813
14851292,Entire home/apt,100,40.81506,-73.93567,2
12914082,Private room,80,40.72258,-74.00358,1.9030899869919435
15772473,Entire home/apt,280,40.73296,-73.98884,2.4471580313422194
17151145,Entire home/apt,120,40.73394,-74.00302,2.0791812460476247
6426292,Private room,130,40.75674,-73.99774,2.113943352306837
9578181,Entire home/apt,120,40.74755,-73.98054,2.0791812460476247
7064935,Private room,70,40.8298,-73.94683,1.845098040014257
13058888,Private room,80,40.81569,-73.94622,1.9030899869919435
4156015,Entire home/apt,100,40.79591,-73.93316,2
19224930,Entire home/apt,120,40.7787,-73.94775,2.0791812460476247
28840175,Entire home/apt,290,40.7467,-73.99335,2.462397997898956
20698375,Entire home/apt,350,40.75052,-73.97259,2.5440680443502757
17508709,Entire home/apt,200,40.76589,-73.98434,2.3010299956639813
16322824,Entire home/apt,240,40.8087,-73.95142,2.380211241711606
27784595,Entire home/apt,240,40.74681,-73.98488,2.380211241711606
6528060,Private room,80,40.80625,-73.96176,1.9030899869919435
33398445,Entire home/apt,130,40.78536,-73.97543,2.113943352306837
30429599,Private room,220,40.72316,-73.99329,2.342422680822206
5434197,Private room,60,40.81663,-73.95315,1.7781512503836436
19376872,Entire home/apt,190,40.7291,-73.99246,2.278753600952829
21274914,Private room,250,40.70571,-74.01031,2.3979400086720375
4588273,Entire home/apt,220,40.77926,-73.97877,2.342422680822206
22516361,Entire home/apt,130,40.7316,-73.98507,2.113943352306837
24626439,Private room,120,40.71554,-74.00645,2.0791812460476247
29781238,Private room,100,40.74406,-73.98003,2
17524075,Private room,150,40.72131,-73.98508,2.1760912590556813
22407389,Private room,60,40.85783,-73.93117,1.7781512503836436
32844370,Entire home/apt,170,40.76414,-73.98652,2.230448921378274
1908852,Entire home/apt,190,40.7706,-73.98919,2.278753600952829
24559347,Private room,40,40.84365,-73.93982,1.6020599913279623
29230390,Entire home/apt,220,40.7287,-73.99184,2.342422680822206
19307997,Entire home/apt,390,40.70725,-74.01741,2.591064607026499
33497642,Private room,120,40.77289,-73.94689,2.0791812460476247
8290724,Entire home/apt,230,40.73435,-73.99903,2.361727836017593
11738831,Entire home/apt,140,40.77559,-73.95263,2.146128035678238
7369427,Entire home/apt,170,40.78858,-73.94742,2.230448921378274
1877255,Private room,80,40.7789,-73.95311,1.9030899869919435
28958526,Entire home/apt,240,40.71717,-73.99815,2.380211241711606
13658605,Private room,80,40.75927,-73.98592,1.9030899869919435
19948618,Entire home/apt,130,40.76309,-73.99214,2.113943352306837
30105572,Entire home/apt,120,40.72815,-73.98455,2.0791812460476247
1976123,Entire home/apt,2000,40.72823,-73.98933,3.3010299956639813
9277608,Entire home/apt,650,40.72347,-73.99302,2.8129133566428557
30387960,Entire home/apt,290,40.73899,-73.99749,2.462397997898956
22249641,Entire home/apt,400,40.77774,-73.95711,2.6020599913279625
31877856,Private room,60,40.80008,-73.95926,1.7781512503836436
7740527,Private room,60,40.8127,-73.95004,1.7781512503836436
30706259,Entire home/apt,280,40.72434,-73.98208,2.4471580313422194
34954639,Private room,240,40.73712,-73.98844,2.380211241711606
35122826,Entire home/apt,390,40.76142,-73.99431,2.591064607026499
30773154,Private room,90,40.72297,-73.9852,1.954242509439325
20333200,Private room,90,40.77345,-73.98774,1.954242509439325
36025938,Entire home/apt,150,40.71554,-73.9982,2.1760912590556813
9520489,Entire home/apt,300,40.70702,-74.01676,2.4771212547196626
10163240,Private room,70,40.80348,-73.9632,1.845098040014257
23957636,Entire home/apt,300,40.70902,-74.01686,2.4771212547196626
12003146,Entire home/apt,80,40.80229,-73.96719,1.9030899869919435
21175139,Private room,1500,40.80323,-73.94253,3.1760912590556813
23154138,Entire home/apt,130,40.7216,-73.98959,2.113943352306837
32792849,Private room,30,40.86411,-73.92353,1.4771212547196624
13879611,Entire home/apt,170,40.78593,-73.97284,2.230448921378274
14933893,Private room,80,40.77334,-73.94848,1.9030899869919435
9517131,Private room,100,40.71002,-74.00723,2
20085460,Entire home/apt,220,40.807,-73.96452,2.342422680822206
23131463,Entire home/apt,130,40.74216,-73.99673,2.113943352306837
20089597,Entire home/apt,180,40.75347,-73.98567,2.255272505103306
30005374,Entire home/apt,150,40.77768,-73.95064,2.1760912590556813
21762160,Entire home/apt,120,40.83734,-73.94506,2.0791812460476247
19911716,Entire home/apt,250,40.7252,-73.99805,2.3979400086720375
10863225,Entire home/apt,200,40.77774,-73.97701,2.3010299956639813
14342997,Private room,120,40.72413,-73.99355,2.0791812460476247
23839890,Private room,40,40.8282,-73.94973,1.6020599913279623
28666578,Private room,120,40.75584,-73.995590000000007,2.0791812460476247
1055029,Private room,40,40.85933,-73.92863,1.6020599913279623
1695731,Private room,60,40.74722,-73.97734,1.7781512503836436
28391441,Entire home/apt,450,40.75224,-73.96526,2.6532125137753435
22139932,Private room,100,40.82547,-73.94092,2
33046111,Private room,250,40.72213,-73.97791,2.3979400086720375
20639971,Entire home/apt,100,40.73056,-73.99357,2
29369079,Entire home/apt,250,40.76408,-73.95686,2.3979400086720375
16697657,Entire home/apt,130,40.76242,-73.98813,2.113943352306837
33798718,Entire home/apt,200,40.76124,-74.00059,2.3010299956639813
1041996,Private room,40,40.82943,-73.94728,1.6020599913279623
6473307,Private room,80,40.71864,-73.99753,1.9030899869919435
12471447,Entire home/apt,200,40.77835,-73.97655,2.3010299956639813
35000464,Entire home/apt,150,40.74886,-73.98184,2.1760912590556813
2222428,Entire home/apt,1000,40.74364,-73.98303,3
30764476,Entire home/apt,100,40.78305,-73.94532,2
28632449,Entire home/apt,250,40.74704,-73.97356,2.3979400086720375
34944997,Entire home/apt,190,40.76814,-73.99148,2.278753600952829
26607493,Private room,60,40.71443,-73.99348,1.7781512503836436
1859901,Entire home/apt,150,40.72394,-73.98941,2.1760912590556813
21548054,Entire home/apt,400,40.72834,-73.97907,2.6020599913279625
32737169,Private room,80,40.80102,-73.96528,1.9030899869919435
7679691,Private room,80,40.72014,-73.98498,1.9030899869919435
8174397,Shared room,40,40.76641,-73.94561,1.6020599913279623
15911434,Entire home/apt,220,40.73845,-74.00551,2.342422680822206
20401541,Entire home/apt,170,40.72311,-73.98161,2.230448921378274
9563436,Entire home/apt,300,40.71927,-73.99943,2.4771212547196626
4288361,Entire home/apt,150,40.73046,-73.98808,2.1760912590556813
17508940,Shared room,40,40.85321,-73.93596,1.6020599913279623
29924285,Entire home/apt,140,40.79074,-73.94276,2.146128035678238
23632578,Entire home/apt,180,40.75129,-73.99561,2.255272505103306
28990341,Entire home/apt,130,40.71938,-73.99448,2.113943352306837
35062294,Entire home/apt,180,40.80098,-73.94261,2.255272505103306
11564448,Entire home/apt,100,40.76769,-73.95616,2
24374428,Entire home/apt,220,40.75916,-73.95124,2.342422680822206
18794754,Entire home/apt,160,40.73776,-73.99794,2.2041199826559246
30348944,Entire home/apt,200,40.80623,-73.95343,2.3010299956639813
13017140,Entire home/apt,120,40.81632,-73.96007,2.0791812460476247
21966757,Private room,150,40.81532,-73.95359,2.1760912590556813
16784199,Entire home/apt,200,40.72851,-73.99985,2.3010299956639813
26920890,Private room,70,40.71857,-73.98973,1.845098040014257
29945987,Entire home/apt,300,40.74563,-73.98342,2.4771212547196626
5376069,Entire home/apt,150,40.73666,-74.00691,2.1760912590556813
15851599,Entire home/apt,300,40.73317,-73.99813,2.4771212547196626
118430,Private room,290,40.74412,-74.00208,2.462397997898956
6824996,Private room,60,40.76806,-73.95227,1.7781512503836436
26318555,Entire home/apt,260,40.78343,-73.9823,2.4149733479708178
1099244,Entire home/apt,200,40.78264,-73.97803,2.3010299956639813
8153235,Private room,70,40.72528,-74.00223,1.845098040014257
1628564,Private room,80,40.83942,-73.93855,1.9030899869919435
34464505,Private room,100,40.75865,-73.99,2
23713825,Private room,80,40.80386,-73.93618,1.9030899869919435
22628471,Entire home/apt,80,40.74776,-74.00238,1.9030899869919435
32678246,Private room,100,40.74902,-73.99211,2
26603929,Private room,50,40.79978,-73.96295,1.6989700043360187
1475084,Entire home/apt,180,40.71608,-73.98962,2.255272505103306
16466733,Entire home/apt,190,40.71812,-74.0044,2.278753600952829
29503231,Entire home/apt,180,40.76614,-73.98484,2.255272505103306
28871214,Private room,70,40.78689,-73.945,1.845098040014257
9182754,Entire home/apt,200,40.72603,-73.98614,2.3010299956639813
35007240,Entire home/apt,1100,40.73655,-73.99618,3.041392685158225
26450798,Entire home/apt,190,40.74417,-73.97206,2.278753600952829
11334476,Private room,40,40.86679,-73.92552,1.6020599913279623
19058691,Entire home/apt,580,40.73647,-73.99699,2.7634279935629373
30937597,Entire home/apt,250,40.74884,-73.97589,2.3979400086720375
11282348,Entire home/apt,250,40.77616,-73.98485,2.3979400086720375
2966685,Entire home/apt,160,40.73279,-74.00322,2.2041199826559246
25075529,Entire home/apt,120,40.72228,-73.98584,2.0791812460476247
33915820,Private room,100,40.80712,-73.95686,2
30040019,Entire home/apt,180,40.77717,-73.95404,2.255272505103306
9833953,Entire home/apt,320,40.72804,-73.97638,2.505149978319906
32054910,Entire home/apt,3510,40.78742,-73.97011,3.545307116465824
12758216,Entire home/apt,120,40.784910000000004,-73.97447,2.0791812460476247
2210088,Entire home/apt,900,40.74798,-74.00314,2.9542425094393248
15099669,Entire home/apt,220,40.71975,-73.98608,2.342422680822206
3553679,Private room,70,40.76189,-73.96298,1.845098040014257
19876292,Entire home/apt,150,40.73673,-74.00836,2.1760912590556813
12083016,Entire home/apt,200,40.72716,-73.98264,2.3010299956639813
30928305,Entire home/apt,180,40.72886,-73.99139,2.255272505103306
36228909,Entire home/apt,600,40.72336,-74.00465,2.7781512503836434
7328260,Private room,40,40.83769,-73.94207,1.6020599913279623
9810235,Entire home/apt,500,40.71819,-74.00833,2.6989700043360187
6323445,Entire home/apt,180,40.77032,-73.96161,2.255272505103306
7024138,Entire home/apt,220,40.78402,-73.94974,2.342422680822206
31729652,Entire home/apt,80,40.81207,-73.94335,1.9030899869919435
2100174,Entire home/apt,150,40.77452,-73.94951,2.1760912590556813
20882090,Shared room,120,40.7487,-73.97479,2.0791812460476247
7734176,Entire home/apt,300,40.76444,-73.98592,2.4771212547196626
28188131,Private room,100,40.79863,-73.93461,2
17777286,Entire home/apt,120,40.80623,-73.94047,2.0791812460476247
9857920,Entire home/apt,850,40.71454,-74.00816,2.929418925714293
8052841,Entire home/apt,150,40.75512,-73.96826,2.1760912590556813
32740310,Entire home/apt,260,40.74928,-73.97453,2.4149733479708178
2127767,Entire home/apt,250,40.72476,-73.97643,2.3979400086720375
1752206,Entire home/apt,200,40.74314,-73.9957,2.3010299956639813
18616208,Entire home/apt,2900,40.77978,-73.97598,3.462397997898956
228496,Entire home/apt,220,40.73507,-74.00048,2.342422680822206
35844248,Entire home/apt,120,40.77098,-73.9524,2.0791812460476247
11198278,Entire home/apt,240,40.73455,-73.99171,2.380211241711606
28737860,Entire home/apt,360,40.72205,-74.00121,2.5563025007672873
32020961,Entire home/apt,40,40.86454,-73.9246,1.6020599913279623
24535857,Entire home/apt,260,40.74081,-73.99616,2.4149733479708178
29513249,Entire home/apt,80,40.82267,-73.95044,1.9030899869919435
21647076,Entire home/apt,190,40.76959,-73.95601,2.278753600952829
30857971,Entire home/apt,300,40.779,-73.95298,2.4771212547196626
30394340,Entire home/apt,240,40.71409,-74.00977,2.380211241711606
20016975,Entire home/apt,210,40.75685,-73.96388,2.322219294733919
25582365,Entire home/apt,100,40.8522,-73.93456,2
22283652,Entire home/apt,280,40.74247,-74.00234,2.4471580313422194
13108073,Entire home/apt,160,40.76174,-73.96366,2.2041199826559246
16485273,Entire home/apt,120,40.8698,-73.92255,2.0791812460476247
843499,Private room,80,40.8129,-73.95213,1.9030899869919435
7054824,Entire home/apt,220,40.73489,-74.00182,2.342422680822206
20766398,Entire home/apt,180,40.75014,-73.97001,2.255272505103306
26469342,Private room,80,40.76117,-73.99169,1.9030899869919435
27296868,Entire home/apt,180,40.74688,-73.97342,2.255272505103306
453255,Entire home/apt,220,40.71986,-73.9869,2.342422680822206
13770996,Entire home/apt,140,40.7777,-73.9535,2.146128035678238
7244923,Private room,140,40.72877,-73.98175,2.146128035678238
10489896,Shared room,50,40.74398,-73.99664,1.6989700043360187
7496824,Entire home/apt,120,40.7787,-73.98407,2.0791812460476247
29944850,Private room,50,40.84353,-73.94072,1.6989700043360187
250536,Private room,120,40.81068,-73.94288,2.0791812460476247
19380620,Private room,70,40.84118,-73.93697,1.845098040014257
5823337,Entire home/apt,150,40.8063,-73.96268,2.1760912590556813
22265765,Entire home/apt,150,40.77466,-73.94748,2.1760912590556813
8676240,Entire home/apt,40,40.83401,-73.94254,1.6020599913279623
33001460,Private room,80,40.801,-73.96696,1.9030899869919435
12886345,Private room,90,40.73009,-74.00222,1.954242509439325
35413988,Entire home/apt,650,40.7592,-73.98894,2.8129133566428557
30769959,Private room,140,40.74566,-73.99673,2.146128035678238
13590002,Entire home/apt,170,40.80038,-73.94602,2.230448921378274
9393005,Entire home/apt,300,40.76646,-73.9929,2.4771212547196626
24307110,Entire home/apt,300,40.71426,-73.99175,2.4771212547196626
13424903,Shared room,50,40.71754,-73.9868,1.6989700043360187
30392930,Entire home/apt,330,40.71488,-74.00687,2.5185139398778875
5315796,Entire home/apt,180,40.73075,-74.00233,2.255272505103306
387666,Private room,100,40.83434,-73.94027,2
29963179,Entire home/apt,100,40.79655,-73.96285,2
27406282,Entire home/apt,550,40.76463,-73.99128,2.7403626894942437
35645630,Entire home/apt,140,40.80491,-73.96339,2.146128035678238
530431,Entire home/apt,220,40.80654,-73.95019,2.342422680822206
35920784,Private room,80,40.80321,-73.93781,1.9030899869919435
30387328,Entire home/apt,280,40.77804,-73.98409,2.4471580313422194
29105864,Entire home/apt,160,40.76731,-73.95843,2.2041199826559246
25249692,Entire home/apt,180,40.75439,-73.97339,2.255272505103306
6262339,Private room,90,40.85457,-73.94062,1.954242509439325
24872721,Entire home/apt,150,40.83534,-73.94354,2.1760912590556813
33389423,Shared room,60,40.76459,-73.9888,1.7781512503836436
4274589,Entire home/apt,220,40.71743,-74.00623,2.342422680822206
25324289,Entire home/apt,220,40.75925,-73.99375,2.342422680822206
2557654,Private room,80,40.72939,-73.98319,1.9030899869919435
19068469,Private room,40,40.82088,-73.9523,1.6020599913279623
638898,Private room,60,40.79913,-73.96057,1.7781512503836436
34812586,Entire home/apt,150,40.77176,-73.94903,2.1760912590556813
24693488,Shared room,40,40.79892,-73.95139,1.6020599913279623
23900717,Entire home/apt,340,40.75181,-73.97137,2.531478917042255
25428063,Entire home/apt,170,40.73788,-74.00183,2.230448921378274
13398011,Entire home/apt,300,40.72563,-73.99118,2.4771212547196626
4257572,Entire home/apt,120,40.78245,-73.98163,2.0791812460476247
23485972,Entire home/apt,480,40.76398,-73.96581,2.681241237375587
26065193,Private room,110,40.78052,-73.97567,2.041392685158225
32240488,Entire home/apt,190,40.70757,-74.01111,2.278753600952829
9452124,Entire home/apt,140,40.79382,-73.94334,2.146128035678238
521038,Private room,120,40.82749,-73.9382,2.0791812460476247
16253465,Entire home/apt,130,40.74138,-73.99875,2.113943352306837
23199948,Entire home/apt,150,40.74827,-73.98828,2.1760912590556813
30327469,Entire home/apt,330,40.73734,-73.99327,2.5185139398778875
29798872,Private room,70,40.80183,-73.96542,1.845098040014257
6088910,Entire home/apt,180,40.75749,-73.99657,2.255272505103306
16040229,Private room,100,40.76807,-73.98418,2
28013709,Entire home/apt,460,40.74628,-73.97899,2.662757831681574
24853655,Entire home/apt,220,40.76482,-73.98674,2.342422680822206
23311527,Private room,80,40.76125,-73.96449,1.9030899869919435
34966969,Entire home/apt,150,40.7604,-73.96451,2.1760912590556813
15411988,Private room,110,40.76043,-73.995,2.041392685158225
22284181,Entire home/apt,180,40.76284,-73.99034,2.255272505103306
4081800,Entire home/apt,130,40.80856,-73.94573,2.113943352306837
4782243,Entire home/apt,180,40.71801,-73.99078,2.255272505103306
25672309,Entire home/apt,220,40.73467,-73.98501,2.342422680822206
8957187,Private room,70,40.82647,-73.94747,1.845098040014257
14837884,Private room,50,40.72179,-73.99795,1.6989700043360187
39267,Entire home/apt,100,40.77456,-73.95323,2
22260983,Entire home/apt,120,40.79638,-73.96332,2.0791812460476247
8045421,Entire home/apt,130,40.74465,-73.99253,2.113943352306837
13427968,Entire home/apt,80,40.82291,-73.94958,1.9030899869919435
6717309,Entire home/apt,170,40.77878,-73.94491,2.230448921378274
9866779,Private room,30,40.82976,-73.94663,1.4771212547196624
36487245,Private room,90,40.76404,-73.98933,1.954242509439325
1881846,Private room,130,40.75375,-73.96556,2.113943352306837
13508766,Private room,370,40.73458,-74.0028,2.568201724066995
20861411,Private room,150,40.72411,-73.97826,2.1760912590556813
10101013,Entire home/apt,200,40.7271,-73.99092,2.3010299956639813
34202946,Entire home/apt,280,40.74285,-73.99595,2.4471580313422194
17692964,Entire home/apt,250,40.7192,-74.01022,2.3979400086720375
35832547,Entire home/apt,300,40.73592,-73.98993,2.4771212547196626
19717632,Private room,70,40.72435,-73.98394,1.845098040014257
303462,Entire home/apt,300,40.78012,-73.98439,2.4771212547196626
23896110,Entire home/apt,160,40.7317,-74.00708,2.2041199826559246
20090389,Entire home/apt,150,40.79496,-73.94882,2.1760912590556813
19825552,Entire home/apt,230,40.74073,-73.9791,2.361727836017593
30964040,Shared room,80,40.76333,-73.98806,1.9030899869919435
2057553,Private room,80,40.79981,-73.94048,1.9030899869919435
3715638,Private room,70,40.79508,-73.94895,1.845098040014257
10174662,Entire home/apt,200,40.72299,-73.99251,2.3010299956639813
33961484,Private room,90,40.72811,-73.99893,1.954242509439325
28025050,Entire home/apt,80,40.85461,-73.92668,1.9030899869919435
35410832,Entire home/apt,210,40.74122,-73.98274,2.322219294733919
30394133,Entire home/apt,240,40.745,-73.97942,2.380211241711606
24497815,Entire home/apt,180,40.77458,-73.94769,2.255272505103306
5756464,Entire home/apt,120,40.7729,-73.95587,2.0791812460476247
25187461,Entire home/apt,400,40.70465,-74.00762,2.6020599913279625
34173196,Private room,250,40.727290000000004,-73.97618,2.3979400086720375
7063158,Entire home/apt,500,40.7736,-73.98428,2.6989700043360187
34929016,Private room,90,40.74125,-73.99926,1.954242509439325
6947477,Private room,90,40.79265,-73.97108,1.954242509439325
2634963,Entire home/apt,290,40.80029,-73.95362,2.462397997898956
13019053,Entire home/apt,150,40.72669,-73.98792,2.1760912590556813
24300863,Entire home/apt,250,40.73034,-74.00135,2.3979400086720375
1147507,Entire home/apt,750,40.73032,-73.98469,2.8750612633917
14869260,Private room,60,40.78194,-73.94791,1.7781512503836436
540489,Private room,60,40.72006,-73.99579,1.7781512503836436
32293401,Entire home/apt,120,40.82869,-73.94468,2.0791812460476247
9692090,Private room,60,40.71954,-73.99067,1.7781512503836436
18222186,Private room,90,40.83053,-73.95048,1.954242509439325
34157056,Entire home/apt,500,40.74511,-73.97407,2.6989700043360187
34417846,Entire home/apt,300,40.7447,-73.97959,2.4771212547196626
4720326,Entire home/apt,170,40.73951,-73.9827,2.230448921378274
9410580,Private room,60,40.79668,-73.93379,1.7781512503836436
13374115,Private room,120,40.81551,-73.94916,2.0791812460476247
333323,Private room,80,40.76186,-73.99165,1.9030899869919435
8813547,Private room,230,40.76268,-73.98407,2.361727836017593
36348332,Private room,150,40.80109,-73.94364,2.1760912590556813
34372753,Entire home/apt,450,40.76152,-73.97176,2.6532125137753435
61224,Entire home/apt,500,40.74358,-74.00027,2.6989700043360187
22471620,Private room,70,40.80708,-73.95583,1.845098040014257
3698111,Private room,90,40.77579,-73.9557,1.954242509439325
28778214,Entire home/apt,60,40.80046,-73.93677,1.7781512503836436
14539106,Shared room,60,40.80449,-73.9678,1.7781512503836436
29519083,Entire home/apt,120,40.75464,-73.99542,2.0791812460476247
33244670,Entire home/apt,230,40.73592,-73.99601,2.361727836017593
27704712,Entire home/apt,200,40.71586,-73.98908,2.3010299956639813
9528920,Private room,10000,40.71355,-73.98507,4
4136252,Private room,90,40.80985,-73.94348,1.954242509439325
17118782,Entire home/apt,160,40.72576,-73.97908,2.2041199826559246
34204138,Entire home/apt,180,40.71661,-73.99275,2.255272505103306
33489978,Entire home/apt,70,40.82802,-73.94481,1.845098040014257
8052159,Entire home/apt,110,40.72351,-73.98288,2.041392685158225
29592523,Entire home/apt,260,40.79306,-73.9676,2.4149733479708178
30792566,Entire home/apt,430,40.71981,-73.98895,2.6334684555795866
19605856,Private room,100,40.8023,-73.96688,2
9556028,Entire home/apt,500,40.73068,-73.98949,2.6989700043360187
34543513,Entire home/apt,950,40.77808,-73.9806,2.9777236052888476
33068756,Entire home/apt,200,40.7069,-74.00606,2.3010299956639813
30736279,Entire home/apt,230,40.70563,-74.00835,2.361727836017593
29383019,Private room,80,40.81376,-73.95954,1.9030899869919435
32166672,Private room,180,40.79097,-73.97412,2.255272505103306
35124747,Entire home/apt,180,40.72059,-73.985,2.255272505103306
9823636,Private room,80,40.76057,-73.99038,1.9030899869919435
22295587,Private room,80,40.72454,-73.97573,1.9030899869919435
1871311,Entire home/apt,200,40.76316,-73.99358,2.3010299956639813
1834738,Entire home/apt,300,40.73865,-73.9962,2.4771212547196626
20978416,Entire home/apt,200,40.7301,-73.98841,2.3010299956639813
27925678,Private room,50,40.75537,-73.995,1.6989700043360187
29964348,Entire home/apt,3600,40.76519,-73.96874,3.5563025007672873
20653657,Entire home/apt,500,40.76154,-73.99306,2.6989700043360187
34934431,Entire home/apt,250,40.76233,-73.98707,2.3979400086720375
21095257,Entire home/apt,220,40.72653,-74.00054,2.342422680822206
9919042,Entire home/apt,380,40.72964,-73.980950000000007,2.57978359661681
21629318,Private room,80,40.82587,-73.95102,1.9030899869919435
30885287,Entire home/apt,240,40.74657,-73.98685,2.380211241711606
10332393,Entire home/apt,80,40.79346,-73.94613,1.9030899869919435
2334411,Entire home/apt,80,40.811279999999996,-73.94117,1.9030899869919435
4833671,Private room,80,40.82899,-73.95024,1.9030899869919435
21427176,Entire home/apt,290,40.76893,-73.99654,2.462397997898956
13453271,Private room,120,40.79669,-73.97126,2.0791812460476247
34037737,Entire home/apt,200,40.76255,-73.99026,2.3010299956639813
21767672,Entire home/apt,160,40.74143,-74.00027,2.2041199826559246
13116397,Private room,80,40.72778,-73.97825,1.9030899869919435
20035842,Private room,40,40.71138,-73.99635,1.6020599913279623
13617449,Entire home/apt,100,40.81005,-73.9572,2
19617695,Entire home/apt,150,40.78185,-73.9474,2.1760912590556813
3375998,Private room,400,40.76423,-73.98187,2.6020599913279625
9797293,Entire home/apt,80,40.79617,-73.93452,1.9030899869919435
35842999,Entire home/apt,220,40.71133,-74.00676,2.342422680822206
12696421,Entire home/apt,200,40.76161,-73.96252,2.3010299956639813
24532484,Entire home/apt,120,40.77359,-73.95143,2.0791812460476247
21824864,Private room,90,40.7627,-73.96225,1.954242509439325
3357882,Entire home/apt,200,40.76649,-73.96453,2.3010299956639813
9973134,Entire home/apt,140,40.73299,-74.00444,2.146128035678238
28406990,Entire home/apt,200,40.70498,-74.00992,2.3010299956639813
23682816,Private room,400,40.75311,-73.97306,2.6020599913279625
19764243,Entire home/apt,120,40.77286,-73.94789,2.0791812460476247
31875688,Private room,70,40.72631,-73.98876,1.845098040014257
2046007,Private room,100,40.72148,-73.98823,2
1656539,Private room,140,40.73089,-74.00302,2.146128035678238
26356921,Private room,100,40.7551,-73.99556,2
35193964,Entire home/apt,500,40.74424,-73.9733,2.6989700043360187
29107308,Private room,250,40.76129,-73.9943,2.3979400086720375
9093866,Entire home/apt,160,40.8035,-73.95105,2.2041199826559246
24266025,Private room,70,40.74579,-73.9909,1.845098040014257
36178444,Entire home/apt,150,40.80739,-73.96068,2.1760912590556813
22263267,Entire home/apt,140,40.79598,-73.94838,2.146128035678238
34251212,Entire home/apt,120,40.72325,-73.98776,2.0791812460476247
18091991,Private room,60,40.85516,-73.92863,1.7781512503836436
24017521,Private room,70,40.8003,-73.93829,1.845098040014257
9361349,Entire home/apt,120,40.72787,-73.98718,2.0791812460476247
16036654,Entire home/apt,150,40.7341,-74.00104,2.1760912590556813
27364319,Private room,40,40.81968,-73.93858,1.6020599913279623
31000518,Entire home/apt,100,40.79745,-73.93834,2
33216329,Private room,250,40.76453,-73.98035,2.3979400086720375
32137481,Entire home/apt,1000,40.7312,-74.00025,3
10651757,Entire home/apt,250,40.75685,-73.99569,2.3979400086720375
1752112,Entire home/apt,400,40.78952,-73.98097,2.6020599913279625
17542798,Entire home/apt,150,40.72105,-73.98371,2.1760912590556813
7602826,Entire home/apt,700,40.7457,-73.9939,2.845098040014257
27363157,Entire home/apt,300,40.72862,-74.00054,2.4771212547196626
796370,Entire home/apt,150,40.77043,-73.9515,2.1760912590556813
2309559,Entire home/apt,350,40.73259,-73.98681,2.5440680443502757
1750248,Private room,90,40.80247,-73.94531,1.954242509439325
34323638,Entire home/apt,220,40.75988,-73.98667,2.342422680822206
6292893,Entire home/apt,120,40.72232,-73.98289,2.0791812460476247
32466254,Entire home/apt,200,40.74706,-73.97594,2.3010299956639813
23668849,Private room,400,40.75869,-73.99068,2.6020599913279625
18271282,Entire home/apt,850,40.7239,-73.99678,2.929418925714293
6757821,Private room,70,40.81656,-73.96122,1.845098040014257
1823141,Entire home/apt,90,40.72018,-73.98839,1.954242509439325
12234139,Entire home/apt,140,40.77116,-73.98796,2.146128035678238
16585605,Private room,50,40.81847,-73.93957,1.6989700043360187
30376690,Entire home/apt,120,40.82932,-73.94696,2.0791812460476247
12485134,Entire home/apt,160,40.72804,-73.98867,2.2041199826559246
22420010,Entire home/apt,500,40.71912,-74.0038,2.6989700043360187
2063587,Private room,80,40.74282,-73.9803,1.9030899869919435
24867995,Private room,150,40.74235,-73.97971,2.1760912590556813
36038200,Private room,100,40.75669,-73.96848,2
24287261,Entire home/apt,180,40.81542,-73.94574,2.255272505103306
9614378,Entire home/apt,150,40.75246,-73.97171,2.1760912590556813
24203680,Entire home/apt,100,40.82696,-73.94598,2
2025779,Entire home/apt,180,40.72977,-73.98713,2.255272505103306
7087549,Entire home/apt,200,40.7777,-73.9896,2.3010299956639813
25971425,Private room,70,40.82567,-73.95261,1.845098040014257
6901734,Entire home/apt,90,40.80054,-73.95497,1.954242509439325
19011267,Private room,100,40.72204,-73.97924,2
16673329,Private room,90,40.80674,-73.94146,1.954242509439325
4537389,Private room,400,40.76377,-73.98103,2.6020599913279625
15970276,Entire home/apt,400,40.7612,-73.98631,2.6020599913279625
6698963,Entire home/apt,250,40.7142,-73.99119,2.3979400086720375
31223941,Entire home/apt,190,40.72405,-73.9845,2.278753600952829
7095534,Private room,110,40.72474,-73.98273,2.041392685158225
11065633,Private room,150,40.73788,-73.98103,2.1760912590556813
25462356,Entire home/apt,500,40.76746,-73.98942,2.6989700043360187
7202170,Entire home/apt,160,40.74882,-73.97788,2.2041199826559246
34253217,Entire home/apt,190,40.7432,-73.97703,2.278753600952829
13221528,Entire home/apt,160,40.76264,-73.98569,2.2041199826559246
4930951,Private room,80,40.7282,-74.00165,1.9030899869919435
16439234,Entire home/apt,120,40.81199,-73.95341,2.0791812460476247
19385683,Private room,130,40.7476,-73.99348,2.113943352306837
15344255,Entire home/apt,220,40.74624,-74.00371,2.342422680822206
140973,Entire home/apt,180,40.72274,-73.97581,2.255272505103306
14037459,Private room,160,40.81103,-73.9398,2.2041199826559246
32562943,Private room,700,40.78266,-73.94673,2.845098040014257
34562155,Entire home/apt,170,40.73512,-73.99445,2.230448921378274
25606562,Entire home/apt,220,40.77226,-73.98876,2.342422680822206
23086483,Entire home/apt,360,40.74742,-73.9766,2.5563025007672873
3783016,Entire home/apt,100,40.79253,-73.97378,2
35597268,Entire home/apt,140,40.82623,-73.95271,2.146128035678238
9051314,Private room,110,40.72246,-73.97912,2.041392685158225
12185578,Private room,100,40.80807,-73.94868,2
18070342,Entire home/apt,180,40.74289,-73.98134,2.255272505103306
4768030,Private room,80,40.79588,-73.93646,1.9030899869919435
4137680,Entire home/apt,420,40.77607,-73.98035,2.6232492903979003
36425863,Private room,130,40.78099,-73.95366,2.113943352306837
23586315,Entire home/apt,130,40.75988,-73.95097,2.113943352306837
33743424,Entire home/apt,550,40.76523,-73.98157,2.7403626894942437
9902915,Private room,100,40.80519,-73.95091,2
16096372,Entire home/apt,150,40.809,-73.9661,2.1760912590556813
10339835,Entire home/apt,200,40.73555,-73.98994,2.3010299956639813
21078966,Private room,60,40.80531,-73.94187,1.7781512503836436
8907362,Private room,90,40.72822,-73.98128,1.954242509439325
5518629,Entire home/apt,200,40.72843,-73.97872,2.3010299956639813
11558167,Entire home/apt,190,40.7471,-73.97263,2.278753600952829
6924942,Entire home/apt,110,40.79721,-73.94328,2.041392685158225
2465699,Private room,70,40.79841,-73.95257,1.845098040014257
4874735,Entire home/apt,280,40.76332,-73.9863,2.4471580313422194
29708729,Private room,60,40.72316,-73.98703,1.7781512503836436
33159289,Entire home/apt,180,40.7891,-73.94906,2.255272505103306
35484875,Entire home/apt,200,40.70629,-74.01535,2.3010299956639813
4047751,Entire home/apt,260,40.7908,-73.97723,2.4149733479708178
5238,Entire home/apt,150,40.71344,-73.99037,2.1760912590556813
21281525,Entire home/apt,130,40.73213,-73.99957,2.113943352306837
6425850,Entire home/apt,90,40.79169,-73.97498,1.954242509439325
32564397,Entire home/apt,280,40.77671,-73.95516,2.4471580313422194
33930406,Private room,100,40.76597,-73.9893,2
23964318,Private room,80,40.76516,-73.95841,1.9030899869919435
23312379,Private room,160,40.77839,-73.97613,2.2041199826559246
23252443,Entire home/apt,340,40.75377,-73.97223,2.531478917042255
20175580,Private room,170,40.75747,-73.99039,2.230448921378274
15582096,Private room,120,40.7359,-74.00191,2.0791812460476247
11892476,Entire home/apt,90,40.81487,-73.93937,1.954242509439325
21460444,Private room,100,40.79109,-73.94915,2
27581615,Entire home/apt,160,40.75906,-73.99321,2.2041199826559246
424767,Entire home/apt,320,40.74406,-73.98273,2.505149978319906
9686167,Private room,80,40.80023,-73.96678,1.9030899869919435
15728780,Private room,330,40.72297,-73.98946,2.5185139398778875
19571350,Private room,110,40.72985,-73.99938,2.041392685158225
29464708,Entire home/apt,300,40.72908,-73.98912,2.4771212547196626
16348791,Entire home/apt,2590,40.73726,-74.00085,3.413299764081252
16014578,Private room,350,40.76365,-73.98149,2.5440680443502757
13731019,Private room,90,40.77841,-73.98028,1.954242509439325
32379480,Entire home/apt,1500,40.76262,-73.96443,3.1760912590556813
35533850,Private room,100,40.72109,-73.99972,2
4278084,Entire home/apt,80,40.75062,-73.98247,1.9030899869919435
6909447,Entire home/apt,150,40.78267,-73.97661,2.1760912590556813
510454,Entire home/apt,140,40.73951,-73.98146,2.146128035678238
2322189,Private room,300,40.76225,-73.96165,2.4771212547196626
35710939,Entire home/apt,300,40.76433,-73.993,2.4771212547196626
23644523,Entire home/apt,200,40.73976,-74.00953,2.3010299956639813
24594717,Entire home/apt,270,40.74112,-73.98009,2.4313637641589874
20523979,Entire home/apt,230,40.75751,-73.96464,2.361727836017593
29078405,Entire home/apt,250,40.7105,-74.00845,2.3979400086720375
29923522,Private room,230,40.76402,-73.97453,2.361727836017593
13201687,Entire home/apt,300,40.7661,-73.99053,2.4771212547196626
13576581,Entire home/apt,130,40.80573,-73.94994,2.113943352306837
22406109,Entire home/apt,90,40.81911,-73.93794,1.954242509439325
26897821,Entire home/apt,120,40.77076,-73.94757,2.0791812460476247
30761478,Entire home/apt,190,40.75585,-73.96502,2.278753600952829
31534613,Entire home/apt,600,40.75164,-73.98042,2.7781512503836434
14340328,Shared room,90,40.72245,-73.99416,1.954242509439325
29431738,Entire home/apt,150,40.72849,-73.98002,2.1760912590556813
16100032,Private room,800,40.75362,-73.97332,2.9030899869919438
6438239,Entire home/apt,200,40.76313,-73.96192,2.3010299956639813
16603730,Entire home/apt,220,40.80371,-73.94377,2.342422680822206
8865020,Entire home/apt,250,40.76385,-73.98212,2.3979400086720375
30112272,Entire home/apt,210,40.75693,-73.96583,2.322219294733919
8563124,Entire home/apt,180,40.72271,-73.99545,2.255272505103306
230956,Private room,90,40.72709,-73.98274,1.954242509439325
11419898,Entire home/apt,180,40.70425,-74.00845,2.255272505103306
26190809,Private room,70,40.7975,-73.97099,1.845098040014257
33695141,Shared room,60,40.76436,-73.99153,1.7781512503836436
33682168,Private room,220,40.81708,-73.95059,2.342422680822206
3257345,Entire home/apt,140,40.71338,-73.99226,2.146128035678238
10186876,Private room,80,40.71757,-73.99028,1.9030899869919435
27501755,Entire home/apt,150,40.79287,-73.97333,2.1760912590556813
21727957,Entire home/apt,550,40.7723,-73.98764,2.7403626894942437
9175459,Entire home/apt,180,40.74236,-74.00656,2.255272505103306
9404985,Entire home/apt,160,40.75735,-73.99007,2.2041199826559246
34391029,Entire home/apt,250,40.76256,-73.96389,2.3979400086720375
11837962,Entire home/apt,130,40.7566,-73.96956,2.113943352306837
12494415,Entire home/apt,110,40.80302,-73.96511,2.041392685158225
9783,Private room,50,40.8213,-73.95318,1.6989700043360187
16085206,Entire home/apt,180,40.74128,-73.97863,2.255272505103306
6560257,Entire home/apt,1000,40.79222,-73.96445,3
14339989,Entire home/apt,300,40.74042,-73.98139,2.4771212547196626
34343208,Private room,120,40.76595,-73.98643,2.0791812460476247
29923599,Entire home/apt,280,40.76197,-73.97562,2.4471580313422194
33129033,Private room,350,40.76655,-73.99216,2.5440680443502757
35520176,Entire home/apt,750,40.80621,-73.94877,2.8750612633917
245504,Private room,70,40.85888,-73.92886,1.845098040014257
34317924,Entire home/apt,150,40.76118,-73.98628,2.1760912590556813
34593055,Entire home/apt,380,40.7816,-73.97548,2.57978359661681
17458415,Entire home/apt,250,40.73773,-74.00181,2.3979400086720375
27959548,Entire home/apt,500,40.76543,-73.98871,2.6989700043360187
3265275,Entire home/apt,200,40.7898,-73.9708,2.3010299956639813
20136870,Entire home/apt,190,40.77548,-73.98965,2.278753600952829
19069994,Entire home/apt,100,40.76441,-73.99437,2
34470949,Private room,110,40.74129,-74.00457,2.041392685158225
34196510,Private room,200,40.74948,-73.99506,2.3010299956639813
26247578,Entire home/apt,370,40.76502,-73.98839,2.568201724066995
15341,Entire home/apt,180,40.7221,-73.99775,2.255272505103306
36274037,Entire home/apt,170,40.70583,-74.01038,2.230448921378274
34207474,Private room,150,40.7494,-73.99519,2.1760912590556813
4907206,Private room,220,40.7583,-73.99001,2.342422680822206
30524703,Entire home/apt,280,40.77203,-73.95988,2.4471580313422194
27222175,Private room,1700,40.70662,-74.00562,3.230448921378274
29359403,Entire home/apt,100,40.82361,-73.93926,2
98663,Entire home/apt,130,40.74893,-73.99544,2.113943352306837
21628183,Shared room,30,40.71165,-73.98708,1.4771212547196624
32374666,Private room,300,40.80511,-73.95824,2.4771212547196626
24853574,Entire home/apt,150,40.80013,-73.95907,2.1760912590556813
9756236,Entire home/apt,200,40.76374,-73.96583,2.3010299956639813
18425106,Entire home/apt,200,40.72948,-74.00961,2.3010299956639813
19414813,Entire home/apt,150,40.73392,-74.00354,2.1760912590556813
34485283,Private room,100,40.72172,-74.00436,2
27237510,Entire home/apt,700,40.75299,-73.96659,2.845098040014257
22531696,Entire home/apt,260,40.74317,-73.98605,2.4149733479708178
20788666,Private room,60,40.87519,-73.91245,1.7781512503836436
12003048,Entire home/apt,240,40.76685,-73.98363,2.380211241711606
16374702,Entire home/apt,500,40.72363,-73.97972,2.6989700043360187
4659285,Entire home/apt,450,40.82396,-73.94388,2.6532125137753435
5936796,Private room,80,40.7817,-73.94613,1.9030899869919435
23605375,Entire home/apt,120,40.81453,-73.96141,2.0791812460476247
14371241,Private room,50,40.81853,-73.9472,1.6989700043360187
4720086,Entire home/apt,120,40.81455,-73.94471,2.0791812460476247
2243769,Entire home/apt,1500,40.8002,-73.96045,3.1760912590556813
21154544,Private room,50,40.8152,-73.95175,1.6989700043360187
4837935,Entire home/apt,180,40.72912,-73.97624,2.255272505103306
13100373,Private room,100,40.73627,-73.98986,2
31418014,Entire home/apt,140,40.7627,-73.96422,2.146128035678238
34825113,Entire home/apt,180,40.7185,-73.99824,2.255272505103306
29907751,Entire home/apt,160,40.73646,-74.00761,2.2041199826559246
35432326,Entire home/apt,200,40.70606,-74.00899,2.3010299956639813
32281241,Private room,60,40.79616,-73.93343,1.7781512503836436
13873028,Private room,500,40.76518,-73.98211,2.6989700043360187
35567269,Entire home/apt,120,40.76209,-73.96181,2.0791812460476247
7612100,Private room,170,40.80417,-73.96874,2.230448921378274
1908986,Entire home/apt,350,40.77785,-73.9454,2.5440680443502757
24969653,Entire home/apt,80,40.80954,-73.94257,1.9030899869919435
5651944,Private room,200,40.77789,-73.95731,2.3010299956639813
27106749,Entire home/apt,330,40.74676,-74.00308,2.5185139398778875
9370538,Entire home/apt,250,40.71544,-73.99052,2.3979400086720375
14761949,Private room,80,40.82489,-73.95337,1.9030899869919435
24673382,Private room,80,40.79762,-73.94797,1.9030899869919435
15468038,Shared room,60,40.81674,-73.95292,1.7781512503836436
20674600,Entire home/apt,290,40.7646,-73.98981,2.462397997898956
17092,Private room,50,40.763420000000004,-73.98865,1.6989700043360187
23021573,Entire home/apt,400,40.72169,-73.98279,2.6020599913279625
25480207,Entire home/apt,300,40.72926,-73.99968,2.4771212547196626
8237244,Entire home/apt,220,40.72765,-73.98634,2.342422680822206
193853,Entire home/apt,150,40.74033,-74.00024,2.1760912590556813
35800903,Entire home/apt,300,40.76364,-73.98694,2.4771212547196626
13114443,Entire home/apt,210,40.72527,-73.98347,2.322219294733919
34235450,Entire home/apt,300,40.71333,-73.99419,2.4771212547196626
34902713,Entire home/apt,180,40.76233,-73.96193,2.255272505103306
263232,Entire home/apt,160,40.82151,-73.94516,2.2041199826559246
34774681,Entire home/apt,220,40.7281,-73.98354,2.342422680822206
26668116,Private room,110,40.78394,-73.95137,2.041392685158225
13444490,Entire home/apt,110,40.72471,-73.98891,2.041392685158225
29365566,Entire home/apt,600,40.74327,-73.99663,2.7781512503836434
19701037,Entire home/apt,140,40.73394,-74.0049,2.146128035678238
28045230,Entire home/apt,300,40.77727,-73.9795,2.4771212547196626
13550201,Private room,70,40.81441,-73.9589,1.845098040014257
17893008,Private room,90,40.71816,-73.99538,1.954242509439325
33339676,Entire home/apt,140,40.75191,-73.9698,2.146128035678238
27727321,Private room,80,40.85711,-73.93004,1.9030899869919435
30388225,Entire home/apt,310,40.72232,-73.98543,2.4913616938342726
22066551,Private room,60,40.82393,-73.93947,1.7781512503836436
18429093,Entire home/apt,160,40.77822,-73.95136,2.2041199826559246
8972219,Entire home/apt,130,40.72143,-73.97824,2.113943352306837
25696,Private room,100,40.8092,-73.94421,2
33556100,Private room,100,40.84316,-73.94062,2
30939405,Entire home/apt,240,40.77349,-73.95658,2.380211241711606
2554110,Entire home/apt,130,40.73237,-73.98288,2.113943352306837
31648320,Entire home/apt,120,40.75412,-73.98601,2.0791812460476247
20740322,Entire home/apt,250,40.72372,-73.99318,2.3979400086720375
36333565,Private room,220,40.80995,-73.93801,2.342422680822206
9749211,Entire home/apt,140,40.72613,-73.98621,2.146128035678238
6018325,Entire home/apt,140,40.84245,-73.93918,2.146128035678238
35157163,Private room,60,40.81557,-73.95702,1.7781512503836436
32696766,Private room,100,40.72412,-73.98891,2
34650966,Private room,40,40.82414,-73.95393,1.6020599913279623
31500172,Private room,80,40.8181,-73.94441,1.9030899869919435
18911633,Entire home/apt,180,40.73002,-73.99804,2.255272505103306
802677,Entire home/apt,170,40.78592,-73.97775,2.230448921378274
30909287,Entire home/apt,400,40.72324,-73.9769,2.6020599913279625
20897776,Entire home/apt,120,40.76136,-73.99361,2.0791812460476247
20392393,Entire home/apt,130,40.7433,-73.97919,2.113943352306837
9976190,Entire home/apt,250,40.72537,-73.99054,2.3979400086720375
686696,Private room,250,40.78002,-73.95211,2.3979400086720375
21142363,Private room,110,40.78729,-73.97033,2.041392685158225
32990481,Entire home/apt,150,40.72697,-74.00409,2.1760912590556813
17510140,Entire home/apt,200,40.76485,-73.98436,2.3010299956639813
32681581,Private room,230,40.78313,-73.97953,2.361727836017593
13465546,Entire home/apt,200,40.72627,-73.99145,2.3010299956639813
20515035,Private room,80,40.82325,-73.95122,1.9030899869919435
34343752,Entire home/apt,200,40.74781,-74.00084,2.3010299956639813
33033160,Shared room,80,40.76448,-73.98895,1.9030899869919435
22096640,Private room,80,40.82394,-73.94432,1.9030899869919435
29332969,Entire home/apt,350,40.75947,-73.99335,2.5440680443502757
34207862,Private room,160,40.74913,-73.99513,2.2041199826559246
34020036,Entire home/apt,90,40.73859,-73.98218,1.954242509439325
19929209,Entire home/apt,150,40.74838,-73.97695,2.1760912590556813
12243378,Entire home/apt,370,40.76539,-73.98348,2.568201724066995
2487073,Private room,170,40.70933,-74.00381,2.230448921378274
9610982,Private room,60,40.80508,-73.96262,1.7781512503836436
32848619,Private room,100,40.8022,-73.96483,2
15769652,Entire home/apt,500,40.74407,-73.99366,2.6989700043360187
30439600,Entire home/apt,150,40.76726,-73.9901,2.1760912590556813
28734438,Entire home/apt,220,40.74497,-74.00571,2.342422680822206
30392704,Entire home/apt,300,40.74148,-73.99955,2.4771212547196626
22705059,Private room,100,40.85411,-73.92952,2
35609562,Private room,80,40.7885,-73.95093,1.9030899869919435
22162915,Entire home/apt,200,40.77483,-73.98973,2.3010299956639813
27164116,Entire home/apt,100,40.80136,-73.95158,2
1818411,Entire home/apt,460,40.72569,-73.99227,2.662757831681574
11787290,Entire home/apt,250,40.74773,-73.98079,2.3979400086720375
29096312,Private room,120,40.79006,-73.94969,2.0791812460476247
30091823,Entire home/apt,200,40.72355,-74.0032,2.3010299956639813
27989781,Private room,80,40.82867,-73.94561,1.9030899869919435
9561650,Private room,50,40.72564,-73.98088,1.6989700043360187
1975999,Entire home/apt,190,40.74163,-73.99857,2.278753600952829
1700471,Private room,60,40.81976,-73.94029,1.7781512503836436
19448363,Private room,100,40.76298,-73.99438,2
16477061,Entire home/apt,120,40.76906,-73.95369,2.0791812460476247
13459473,Private room,100,40.75896,-73.96439,2
8984018,Entire home/apt,220,40.74044,-74.00326,2.342422680822206
17923165,Private room,100,40.72999,-74.0034,2
34490377,Private room,100,40.7627,-73.98437,2
29452654,Entire home/apt,120,40.76388,-73.99307,2.0791812460476247
25624101,Private room,80,40.80983,-73.9384,1.9030899869919435
31018438,Private room,400,40.72316,-73.99577,2.6020599913279625
36439761,Entire home/apt,160,40.75343,-74.00208,2.2041199826559246
4187747,Entire home/apt,90,40.77065,-73.95064,1.954242509439325
179670,Private room,120,40.72019,-73.98217,2.0791812460476247
30403397,Entire home/apt,150,40.76331,-73.99128,2.1760912590556813
34608937,Entire home/apt,200,40.75546,-73.99416,2.3010299956639813
1256536,Entire home/apt,120,40.76398,-73.9589,2.0791812460476247
29135797,Entire home/apt,190,40.72876,-73.98655,2.278753600952829
36075606,Entire home/apt,260,40.70411,-74.00909,2.4149733479708178
22389020,Entire home/apt,150,40.76944,-73.95252,2.1760912590556813
1524017,Entire home/apt,140,40.74461,-74.00172,2.146128035678238
35084043,Entire home/apt,200,40.76831,-73.98515,2.3010299956639813
10930279,Entire home/apt,90,40.79583,-73.97493,1.954242509439325
11739168,Entire home/apt,120,40.77034,-73.96257,2.0791812460476247
25872986,Private room,90,40.83373,-73.94182,1.954242509439325
10054894,Private room,90,40.82353,-73.93824,1.954242509439325
9155475,Entire home/apt,130,40.73868,-73.99647,2.113943352306837
31012734,Entire home/apt,310,40.74228,-73.99488,2.4913616938342726
9898894,Entire home/apt,140,40.7687,-73.9556,2.146128035678238
7593985,Private room,120,40.77459,-73.9476,2.0791812460476247
31950886,Entire home/apt,130,40.71839,-73.99729,2.113943352306837
23700385,Entire home/apt,90,40.86302,-73.92982,1.954242509439325
9253823,Entire home/apt,250,40.80118,-73.96642,2.3979400086720375
8864262,Entire home/apt,220,40.73458,-74.00808,2.342422680822206
17365005,Entire home/apt,60,40.76253,-73.95001,1.7781512503836436
15494542,Private room,150,40.74817,-73.97595,2.1760912590556813
398281,Entire home/apt,200,40.78521,-73.95489,2.3010299956639813
25034108,Entire home/apt,400,40.74523,-73.97334,2.6020599913279625
456190,Entire home/apt,170,40.73357,-74.00723,2.230448921378274
15858680,Private room,140,40.77502,-73.95536,2.146128035678238
32446696,Entire home/apt,180,40.76142,-73.98987,2.255272505103306
16269464,Private room,130,40.70858,-74.00599,2.113943352306837
9956933,Private room,50,40.78614,-73.95541,1.6989700043360187
15497821,Entire home/apt,750,40.76045,-73.99929,2.8750612633917
17915565,Private room,100,40.79416,-73.97044,2
30725215,Entire home/apt,150,40.74134,-73.98101,2.1760912590556813
2294594,Private room,600,40.76486,-73.97885,2.7781512503836434
25810952,Private room,80,40.70934,-74.01001,1.9030899869919435
18415952,Private room,60,40.71495,-73.99056,1.7781512503836436
25449154,Entire home/apt,160,40.70561,-74.00669,2.2041199826559246
8883877,Entire home/apt,500,40.72887,-73.98835,2.6989700043360187
2089745,Entire home/apt,220,40.74611,-74.00014,2.342422680822206
35353949,Entire home/apt,340,40.75124,-73.98451,2.531478917042255
4573728,Entire home/apt,240,40.72058,-73.98674,2.380211241711606
34485698,Private room,100,40.76352,-73.9828,2
15363266,Entire home/apt,120,40.83892,-73.94265,2.0791812460476247
652691,Entire home/apt,100,40.76934,-73.98464,2
35230999,Entire home/apt,400,40.74094,-73.9799,2.6020599913279625
21192284,Entire home/apt,150,40.74872,-73.97701,2.1760912590556813
19317196,Entire home/apt,210,40.70716,-74.01036,2.322219294733919
31221092,Private room,60,40.81577,-73.94711,1.7781512503836436
19069381,Private room,100,40.80729,-73.94763,2
35914632,Entire home/apt,220,40.74315,-73.99591,2.342422680822206
4661662,Private room,70,40.81995,-73.94607,1.845098040014257
34446024,Entire home/apt,170,40.77024,-73.99213,2.230448921378274
20330243,Private room,60,40.81545,-73.94613,1.7781512503836436
11863468,Entire home/apt,140,40.74392,-74.00113,2.146128035678238
36315692,Entire home/apt,340,40.7453,-73.99063,2.531478917042255
22108130,Entire home/apt,140,40.78456,-73.98117,2.146128035678238
35765145,Private room,50,40.85988,-73.92703,1.6989700043360187
3933059,Entire home/apt,80,40.85749,-73.93258,1.9030899869919435
13427591,Entire home/apt,240,40.76112,-73.99893,2.380211241711606
17712166,Private room,50,40.85022,-73.92903,1.6989700043360187
31409410,Private room,300,40.75225,-73.97132,2.4771212547196626
6370773,Entire home/apt,100,40.76521,-73.98776,2
828553,Entire home/apt,130,40.7349,-73.98549,2.113943352306837
1844792,Private room,130,40.82097,-73.93765,2.113943352306837
1515692,Entire home/apt,1100,40.73051,-73.99518,3.041392685158225
24635095,Private room,110,40.75516,-73.99603,2.041392685158225
16463598,Entire home/apt,140,40.75993,-73.97054,2.146128035678238
25288200,Private room,80,40.7919,-73.94562,1.9030899869919435
20799032,Entire home/apt,420,40.75341,-73.98504,2.6232492903979003
6965441,Entire home/apt,150,40.74438,-74.00178,2.1760912590556813
24232076,Entire home/apt,280,40.72201,-73.98856,2.4471580313422194
31330713,Entire home/apt,160,40.75483,-73.99405,2.2041199826559246
30378211,Shared room,110,40.73094,-73.999,2.041392685158225
24525249,Private room,60,40.7213,-73.98862,1.7781512503836436
21311946,Entire home/apt,120,40.76037,-73.99085,2.0791812460476247
33972589,Private room,120,40.73193,-73.97971,2.0791812460476247
7083264,Shared room,120,40.76551,-73.98899,2.0791812460476247
34928988,Private room,140,40.75175,-73.97382,2.146128035678238
12322999,Private room,70,40.80464,-73.96418,1.845098040014257
27915673,Private room,100,40.80098,-73.96025,2
9358066,Entire home/apt,120,40.71035,-74.01343,2.0791812460476247
33230211,Private room,100,40.86324,-73.92682,2
34708657,Entire home/apt,350,40.79803,-73.94185,2.5440680443502757
19287758,Private room,60,40.84191,-73.9356,1.7781512503836436
21276361,Entire home/apt,200,40.72655,-74.00466,2.3010299956639813
32743311,Entire home/apt,220,40.73219,-73.98503,2.342422680822206
35487783,Entire home/apt,120,40.77005,-73.95926,2.0791812460476247
8810949,Entire home/apt,1170,40.74867,-73.96734,3.0681858617461617
22766375,Entire home/apt,180,40.74252,-73.9798,2.255272505103306
3762842,Entire home/apt,100,40.80581,-73.95374,2
19142223,Private room,200,40.73355,-73.989,2.3010299956639813
31987512,Entire home/apt,250,40.72609,-74.00035,2.3979400086720375
13974993,Private room,40,40.82097,-73.95473,1.6020599913279623
29828657,Entire home/apt,150,40.80528,-73.95928,2.1760912590556813
33867882,Private room,60,40.76335,-73.99051,1.7781512503836436
4405156,Entire home/apt,120,40.78802,-73.95026,2.0791812460476247
19450121,Private room,50,40.85063,-73.94315,1.6989700043360187
21347381,Private room,90,40.79639,-73.94772,1.954242509439325
22609027,Entire home/apt,180,40.77327,-73.97953,2.255272505103306
36272531,Entire home/apt,250,40.72262,-74.00861,2.3979400086720375
34570002,Entire home/apt,100,40.70658,-74.00684,2
27428046,Entire home/apt,130,40.80329,-73.957,2.113943352306837
27963404,Entire home/apt,210,40.73723,-74.00845,2.322219294733919
4197760,Entire home/apt,90,40.76169,-73.95682,1.954242509439325
17512883,Entire home/apt,140,40.74919,-73.97244,2.146128035678238
24278899,Entire home/apt,100,40.71371,-73.99355,2
15964171,Entire home/apt,160,40.74182,-73.97898,2.2041199826559246
21504818,Entire home/apt,160,40.74484,-73.9789,2.2041199826559246
9092024,Private room,140,40.72558,-74.00195,2.146128035678238
29923537,Private room,230,40.76232,-73.97512,2.361727836017593
34490371,Private room,100,40.76275,-73.98429,2
8845951,Private room,70,40.80769,-73.95497,1.845098040014257
28242697,Entire home/apt,500,40.76217,-73.99911,2.6989700043360187
24945511,Entire home/apt,100,40.79891,-73.9528,2
32572203,Private room,100,40.7616,-73.99042,2
16238620,Entire home/apt,70,40.80103,-73.96546,1.845098040014257
4016791,Private room,40,40.84787,-73.93306,1.6020599913279623
7418874,Entire home/apt,450,40.71864,-73.98346,2.6532125137753435
9181483,Private room,90,40.72403,-73.97741,1.954242509439325
34490373,Private room,300,40.76175,-73.9857,2.4771212547196626
19163801,Private room,40,40.82321,-73.95662,1.6020599913279623
12462634,Entire home/apt,150,40.77775,-73.98169,2.1760912590556813
9211969,Entire home/apt,140,40.78179,-73.947,2.146128035678238
15268792,Entire home/apt,450,40.73322,-74.00853,2.6532125137753435
2451438,Private room,80,40.82349,-73.94193,1.9030899869919435
12685482,Private room,70,40.82617,-73.95173,1.845098040014257
34096837,Private room,160,40.75663,-73.99563,2.2041199826559246
28606376,Private room,360,40.74536,-73.97506,2.5563025007672873
35595716,Entire home/apt,800,40.75519,-73.97011,2.9030899869919438
31064733,Shared room,60,40.80242,-73.94562,1.7781512503836436
14159853,Private room,70,40.7232,-73.9946,1.845098040014257
29515789,Private room,100,40.76464,-73.95831,2
15206836,Private room,500,40.75351,-73.97196,2.6989700043360187
35829544,Entire home/apt,280,40.74964,-73.97203,2.4471580313422194
22409448,Entire home/apt,120,40.80815,-73.95399,2.0791812460476247
491942,Entire home/apt,200,40.79183,-73.97172,2.3010299956639813
29159920,Entire home/apt,200,40.72074,-73.98487,2.3010299956639813
9597111,Private room,100,40.75429,-73.99198,2
30255002,Entire home/apt,210,40.73949,-73.98552,2.322219294733919
27277569,Entire home/apt,350,40.75375,-73.96362,2.5440680443502757
27065834,Entire home/apt,280,40.73264,-74.0062,2.4471580313422194
23449907,Entire home/apt,140,40.71708,-73.99908,2.146128035678238
29777857,Private room,90,40.79927,-73.95384,1.954242509439325
8889423,Entire home/apt,150,40.78671,-73.97825,2.1760912590556813
459066,Entire home/apt,150,40.76719,-73.95303,2.1760912590556813
19389677,Private room,50,40.85471,-73.93016,1.6989700043360187
31543550,Private room,90,40.74562,-74.00538,1.954242509439325
798429,Entire home/apt,120,40.82536,-73.94923,2.0791812460476247
57754,Entire home/apt,300,40.7403,-73.98498,2.4771212547196626
14760567,Private room,30,40.80676,-73.94658,1.4771212547196624
13252064,Shared room,80,40.74487,-74.00277,1.9030899869919435
32681565,Private room,280,40.78128,-73.9796,2.4471580313422194
6301965,Entire home/apt,20,40.7234,-73.99967,1.3010299956639813
35330887,Entire home/apt,220,40.75144,-73.9709,2.342422680822206
20982734,Entire home/apt,250,40.80012,-73.94549,2.3979400086720375
21713419,Entire home/apt,400,40.74025,-74.00066,2.6020599913279625
27137651,Entire home/apt,180,40.73933,-73.9797,2.255272505103306
16755891,Entire home/apt,200,40.71489,-73.99459,2.3010299956639813
18957774,Entire home/apt,200,40.78841,-73.97461,2.3010299956639813
27677746,Private room,120,40.75453,-73.96841,2.0791812460476247
628078,Entire home/apt,100,40.80338,-73.95594,2
15149560,Private room,120,40.72058,-73.99807,2.0791812460476247
33787778,Entire home/apt,160,40.81342,-73.9565,2.2041199826559246
12315833,Private room,70,40.82039,-73.94147,1.845098040014257
10122449,Entire home/apt,250,40.74441,-73.99915,2.3979400086720375
654232,Entire home/apt,100,40.72171,-73.98334,2
7257311,Entire home/apt,120,40.71475,-73.9912,2.0791812460476247
6784908,Entire home/apt,80,40.87211,-73.91544,1.9030899869919435
35114837,Entire home/apt,150,40.74506,-73.99935,2.1760912590556813
7125323,Entire home/apt,140,40.79033,-73.9729,2.146128035678238
2977232,Private room,100,40.79285,-73.944820000000007,2
3496438,Entire home/apt,170,40.80724,-73.94739,2.230448921378274
35790090,Entire home/apt,90,40.74913,-73.99575,1.954242509439325
2473861,Entire home/apt,180,40.80705,-73.94452,2.255272505103306
9879235,Entire home/apt,280,40.76234,-73.98732,2.4471580313422194
22033512,Entire home/apt,300,40.72937,-73.98482,2.4771212547196626
9900120,Private room,40,40.8185,-73.9442,1.6020599913279623
28429583,Entire home/apt,220,40.72617,-73.98869,2.342422680822206
13847278,Entire home/apt,130,40.76927,-73.949,2.113943352306837
273256,Private room,200,40.79793,-73.93612,2.3010299956639813
8845289,Entire home/apt,290,40.81147,-73.9471,2.462397997898956
28607874,Entire home/apt,240,40.74584,-73.98474,2.380211241711606
14117696,Entire home/apt,180,40.73897,-74.0018,2.255272505103306
33495663,Entire home/apt,130,40.70464,-74.0164,2.113943352306837
16490625,Entire home/apt,200,40.74917,-73.97549,2.3010299956639813
30393223,Entire home/apt,270,40.7764,-73.98387,2.4313637641589874
34034553,Entire home/apt,150,40.77507,-73.94785,2.1760912590556813
17496511,Entire home/apt,120,40.72103,-73.99866,2.0791812460476247
15631921,Private room,110,40.72216,-73.97806,2.041392685158225
10770836,Entire home/apt,80,40.79176,-73.97329,1.9030899869919435
21252149,Private room,150,40.78138,-73.98139,2.1760912590556813
20688624,Entire home/apt,220,40.74419,-73.99913,2.342422680822206
33621851,Private room,220,40.72018,-73.98813,2.342422680822206
34402760,Entire home/apt,150,40.76163,-73.96523,2.1760912590556813
6079197,Private room,40,40.80272,-73.96634,1.6020599913279623
28813184,Entire home/apt,120,40.72984,-73.98588,2.0791812460476247
31088862,Entire home/apt,890,40.76451,-73.96249,2.949390006644913
35460496,Private room,70,40.71703,-73.998,1.845098040014257
20387815,Entire home/apt,70,40.81629,-73.94131,1.845098040014257
33241012,Entire home/apt,310,40.76425,-73.9809,2.4913616938342726
13108573,Entire home/apt,230,40.75148,-73.99397,2.361727836017593
26251284,Entire home/apt,310,40.70747,-74.00663,2.4913616938342726
36035142,Entire home/apt,140,40.7836,-73.97511,2.146128035678238
35038426,Entire home/apt,260,40.74781,-73.98769,2.4149733479708178
4792342,Entire home/apt,100,40.82291,-73.94171,2
1221332,Entire home/apt,50,40.79293,-73.94048,1.6989700043360187
20904683,Private room,90,40.73166,-73.98299,1.954242509439325
22584204,Entire home/apt,160,40.71327,-73.98866,2.2041199826559246
34569801,Entire home/apt,300,40.74871,-73.97413,2.4771212547196626
9713626,Entire home/apt,280,40.74186,-74.00528,2.4471580313422194
35772999,Entire home/apt,350,40.74887,-74.00498,2.5440680443502757
20616929,Private room,200,40.85927,-73.92966,2.3010299956639813
7803475,Entire home/apt,370,40.77849,-73.98527,2.568201724066995
13254504,Entire home/apt,240,40.74858,-73.99887,2.380211241711606
18348512,Private room,60,40.76534,-73.9894,1.7781512503836436
1132907,Entire home/apt,200,40.72855,-74.00136,2.3010299956639813
13697770,Entire home/apt,500,40.7293,-73.99479,2.6989700043360187
15968041,Entire home/apt,180,40.75361,-73.97215,2.255272505103306
31536758,Private room,180,40.77714,-73.9881,2.255272505103306
34204602,Entire home/apt,180,40.76166,-73.99691,2.255272505103306
494937,Entire home/apt,500,40.72162,-74.00414,2.6989700043360187
5279902,Entire home/apt,400,40.73861,-73.99482,2.6020599913279625
2243699,Entire home/apt,5250,40.71895,-73.99793,3.720159303405957
19983575,Private room,50,40.80257,-73.93987,1.6989700043360187
12780595,Entire home/apt,100,40.76628,-73.98308,2
34643618,Private room,90,40.76215,-73.95056,1.954242509439325
14383299,Entire home/apt,300,40.76242,-73.96058,2.4771212547196626
13508285,Entire home/apt,140,40.76988,-73.95125,2.146128035678238
657727,Entire home/apt,200,40.78194,-73.98248,2.3010299956639813
24164956,Entire home/apt,180,40.75523,-73.97104,2.255272505103306
11605693,Private room,80,40.71222,-73.99566,1.9030899869919435
1484031,Private room,100,40.80427,-73.95404,2
4047932,Shared room,80,40.77222,-73.98923,1.9030899869919435
14759888,Private room,100,40.73029,-73.98725,2
16393554,Entire home/apt,300,40.71698,-73.99629,2.4771212547196626
35493937,Entire home/apt,190,40.74536,-73.97222,2.278753600952829
9633740,Shared room,80,40.72422,-73.98465,1.9030899869919435
16395800,Private room,100,40.71777,-73.98526,2
28200288,Entire home/apt,260,40.74747,-73.98668,2.4149733479708178
31517652,Private room,80,40.81878,-73.95302,1.9030899869919435
34153683,Entire home/apt,300,40.72555,-73.98499,2.4771212547196626
9772152,Entire home/apt,200,40.74105,-74.00401,2.3010299956639813
26608589,Private room,250,40.75157,-73.97134,2.3979400086720375
1070458,Private room,100,40.72086,-73.99999,2
35892874,Entire home/apt,200,40.80778,-73.94762,2.3010299956639813
22570793,Private room,70,40.82243,-73.94053,1.845098040014257
13156998,Entire home/apt,200,40.76365,-73.97754,2.3010299956639813
32967426,Private room,90,40.80808,-73.9405,1.954242509439325
13097050,Private room,200,40.78843,-73.95504,2.3010299956639813
3302921,Entire home/apt,190,40.72749,-73.990710000000007,2.278753600952829
26258306,Entire home/apt,60,40.85068,-73.9372,1.7781512503836436
17187785,Private room,60,40.72537,-73.97878,1.7781512503836436
1054201,Entire home/apt,120,40.79535,-73.93274,2.0791812460476247
14169266,Private room,50,40.86531,-73.92725,1.6989700043360187
10448095,Private room,60,40.77686,-73.95084,1.7781512503836436
29455559,Entire home/apt,260,40.72185,-73.98451,2.4149733479708178
33340151,Private room,80,40.81749,-73.93875,1.9030899869919435
6114161,Private room,120,40.72191,-73.99587,2.0791812460476247
33399897,Private room,170,40.7065,-74.00503,2.230448921378274
32696852,Private room,70,40.71923,-73.99336,1.845098040014257
36352604,Entire home/apt,250,40.77792,-73.94476,2.3979400086720375
16157387,Entire home/apt,400,40.81588,-73.93984,2.6020599913279625
24250052,Private room,100,40.77988,-73.98605,2
15510233,Private room,50,40.8622,-73.93349,1.6989700043360187
31605060,Private room,80,40.72939,-74.00064,1.9030899869919435
33833636,Entire home/apt,480,40.70709,-74.01037,2.681241237375587
25127253,Entire home/apt,240,40.75888,-73.99102,2.380211241711606
11573292,Private room,110,40.72367,-73.98401,2.041392685158225
32171100,Private room,80,40.83685,-73.94176,1.9030899869919435
15204878,Private room,750,40.75362,-73.97158,2.8750612633917
32065845,Entire home/apt,890,40.76015,-73.98497,2.949390006644913
8405978,Private room,90,40.70963,-74.00759,1.954242509439325
12383067,Private room,90,40.78755,-73.95493,1.954242509439325
3970936,Entire home/apt,150,40.73771,-73.98058,2.1760912590556813
4720460,Entire home/apt,150,40.78657,-73.97161,2.1760912590556813
13621211,Entire home/apt,160,40.74136,-73.98006,2.2041199826559246
2368021,Entire home/apt,200,40.73997,-73.98137,2.3010299956639813
30252034,Private room,90,40.76127,-73.95034,1.954242509439325
31439428,Shared room,250,40.70983,-73.98562,2.3979400086720375
23252265,Entire home/apt,120,40.739,-74.00115,2.0791812460476247
30824786,Private room,80,40.74946,-73.99614,1.9030899869919435
13668941,Entire home/apt,120,40.82022,-73.95358,2.0791812460476247
11569560,Entire home/apt,140,40.74969,-73.97298,2.146128035678238
23040052,Entire home/apt,300,40.77717,-73.95131,2.4771212547196626
6692573,Private room,110,40.72354,-73.9819,2.041392685158225
737075,Private room,80,40.7232,-73.97927,1.9030899869919435
32590674,Entire home/apt,300,40.74892,-73.97571,2.4771212547196626
17431995,Entire home/apt,160,40.73521,-73.98147,2.2041199826559246
14655908,Entire home/apt,750,40.81919,-73.9443,2.8750612633917
12130620,Private room,60,40.826,-73.94314,1.7781512503836436
30131491,Entire home/apt,160,40.76207,-73.98935,2.2041199826559246
28367842,Private room,70,40.80737,-73.95055,1.845098040014257
3836180,Entire home/apt,220,40.73648,-74.00173,2.342422680822206
15715221,Private room,70,40.80102,-73.95401,1.845098040014257
17762733,Private room,100,40.79274,-73.94562,2
4752020,Entire home/apt,220,40.83301,-73.9394,2.342422680822206
59855,Entire home/apt,250,40.7589,-73.96991,2.3979400086720375
32446089,Entire home/apt,150,40.83495,-73.94682,2.1760912590556813
33243396,Entire home/apt,140,40.79702,-73.96256,2.146128035678238
12020835,Entire home/apt,450,40.72296,-73.98322,2.6532125137753435
5897622,Entire home/apt,150,40.80796,-73.95623,2.1760912590556813
3985673,Entire home/apt,300,40.75319,-74.00159,2.4771212547196626
14535633,Private room,30,40.84723,-73.94045,1.4771212547196624
34336328,Entire home/apt,300,40.80036,-73.95598,2.4771212547196626
1759526,Private room,90,40.74563,-73.99325,1.954242509439325
20755255,Private room,60,40.84962,-73.94011,1.7781512503836436
34118644,Entire home/apt,260,40.7056,-74.0119,2.4149733479708178
19081969,Entire home/apt,1200,40.75488,-73.97134,3.0791812460476247
361803,Shared room,120,40.77584,-73.9502,2.0791812460476247
24187794,Entire home/apt,100,40.75592,-73.96957,2
30924783,Entire home/apt,1000,40.76421,-73.97977,3
6794912,Private room,50,40.86623,-73.91993,1.6989700043360187
34490354,Private room,100,40.75513,-73.98772,2
21893129,Entire home/apt,150,40.75033,-73.97546,2.1760912590556813
31591448,Entire home/apt,190,40.71865,-73.99587,2.278753600952829
2739978,Entire home/apt,260,40.73085,-73.99421,2.4149733479708178
13573625,Entire home/apt,260,40.75494,-73.96738,2.4149733479708178
23072631,Entire home/apt,150,40.8045,-73.96383,2.1760912590556813
35715171,Entire home/apt,750,40.83571,-73.94179,2.8750612633917
3782441,Private room,170,40.7311,-74.00014,2.230448921378274
17078612,Private room,60,40.79154,-73.94233,1.7781512503836436
13101260,Entire home/apt,180,40.72487,-73.98125,2.255272505103306
27368472,Entire home/apt,200,40.74272,-73.99599,2.3010299956639813
22951326,Private room,70,40.74658,-73.97782,1.845098040014257
24748187,Private room,80,40.72191,-73.98124,1.9030899869919435
36200103,Entire home/apt,180,40.76358,-73.97825,2.255272505103306
1793091,Entire home/apt,180,40.77631,-73.97953,2.255272505103306
921862,Entire home/apt,190,40.7886,-73.97553,2.278753600952829
823880,Private room,70,40.72125,-73.99272,1.845098040014257
12148215,Private room,40,40.80422,-73.95495,1.6020599913279623
35497728,Private room,50,40.85681,-73.92655,1.6989700043360187
34517661,Private room,500,40.74343,-73.9857,2.6989700043360187
11660015,Entire home/apt,230,40.72616,-74.00102,2.361727836017593
22294283,Entire home/apt,240,40.7771,-73.9502,2.380211241711606
15399008,Private room,100,40.79858,-73.97301,2
9717662,Private room,40,40.82347,-73.93944,1.6020599913279623
31254505,Entire home/apt,100,40.76138,-73.99825,2
6806282,Private room,80,40.72949,-73.98012,1.9030899869919435
10067924,Entire home/apt,180,40.72238,-73.99631,2.255272505103306
11858737,Private room,70,40.72099,-73.97993,1.845098040014257
6071870,Private room,50,40.80465,-73.95827,1.6989700043360187
34939305,Private room,80,40.72276,-73.98741,1.9030899869919435
647580,Entire home/apt,150,40.73045,-73.98541,2.1760912590556813
35642392,Entire home/apt,250,40.72478,-73.98297,2.3979400086720375
25415951,Entire home/apt,120,40.86029,-73.92984,2.0791812460476247
16479076,Private room,40,40.84916,-73.93759,1.6020599913279623
1914381,Private room,40,40.82954,-73.94436,1.6020599913279623
34997828,Entire home/apt,300,40.74334,-73.97213,2.4771212547196626
19862719,Private room,60,40.70498,-74.01063,1.7781512503836436
5420456,Entire home/apt,200,40.77529,-73.98192,2.3010299956639813
18823930,Entire home/apt,280,40.76011,-73.98828,2.4471580313422194
29916697,Private room,310,40.75284,-73.9717,2.4913616938342726
14663344,Private room,120,40.76072,-73.98792,2.0791812460476247
17944219,Private room,300,40.77243,-73.95744,2.4771212547196626
3849347,Entire home/apt,130,40.76236,-73.96642,2.113943352306837
3518682,Private room,80,40.86176,-73.93082,1.9030899869919435
16131672,Entire home/apt,500,40.7687,-73.95596,2.6989700043360187
31098262,Entire home/apt,250,40.75286,-73.99693,2.3979400086720375
27910119,Entire home/apt,180,40.7334,-74.00323,2.255272505103306
36114258,Entire home/apt,300,40.75223,-74.00816,2.4771212547196626
760303,Entire home/apt,160,40.77638,-73.95247,2.2041199826559246
35287808,Private room,80,40.76615,-73.95639,1.9030899869919435
436916,Private room,60,40.82669,-73.94281,1.7781512503836436
3747567,Private room,80,40.79416,-73.93984,1.9030899869919435
23628745,Private room,100,40.80076,-73.96236,2
539160,Entire home/apt,170,40.83064,-73.94076,2.230448921378274
21736808,Entire home/apt,120,40.7192,-73.99011,2.0791812460476247
6597854,Private room,60,40.82606,-73.95075,1.7781512503836436
9685158,Entire home/apt,390,40.72912,-73.97854,2.591064607026499
32467835,Entire home/apt,110,40.8242,-73.95106,2.041392685158225
6775098,Entire home/apt,150,40.72835,-74.00259,2.1760912590556813
26607877,Private room,90,40.80367,-73.94803,1.954242509439325
33399665,Private room,170,40.70569,-74.00403,2.230448921378274
34527330,Entire home/apt,320,40.72381,-73.9905,2.505149978319906
16899058,Entire home/apt,460,40.7255,-74.00258,2.662757831681574
14724015,Entire home/apt,300,40.79371,-73.96708,2.4771212547196626
2055050,Entire home/apt,120,40.77376,-73.95343,2.0791812460476247
36174744,Private room,260,40.71752,-73.99147,2.4149733479708178
19841837,Private room,130,40.75832,-73.99179,2.113943352306837
23713463,Private room,70,40.82065,-73.95444,1.845098040014257
19506194,Private room,150,40.72979,-73.983,2.1760912590556813
13235951,Private room,50,40.81286,-73.93618,1.6989700043360187
32593295,Entire home/apt,220,40.78609,-73.95341,2.342422680822206
11164599,Private room,120,40.74389,-73.98515,2.0791812460476247
30717311,Entire home/apt,150,40.73153,-74.00469,2.1760912590556813
34495704,Entire home/apt,100,40.85747,-73.93439,2
35907876,Entire home/apt,320,40.73085,-73.9837,2.505149978319906
21217698,Private room,50,40.81373,-73.96013,1.6989700043360187
30122474,Private room,80,40.71508,-73.9975,1.9030899869919435
6833000,Entire home/apt,140,40.76716,-73.96366,2.146128035678238
34422468,Entire home/apt,140,40.73731,-74.00929,2.146128035678238
2145599,Private room,140,40.76197,-73.99308,2.146128035678238
9613465,Private room,110,40.79622,-73.97059,2.041392685158225
29186254,Entire home/apt,220,40.72839,-73.99225,2.342422680822206
13113038,Entire home/apt,190,40.81245,-73.94085,2.278753600952829
141890,Entire home/apt,380,40.72255,-73.99346,2.57978359661681
36078121,Entire home/apt,160,40.71755,-73.98967,2.2041199826559246
10548910,Entire home/apt,450,40.73988,-73.97968,2.6532125137753435
29163083,Entire home/apt,320,40.74889,-74.00132,2.505149978319906
13173263,Private room,350,40.73769,-73.99026,2.5440680443502757
6043671,Entire home/apt,170,40.74725,-73.97431,2.230448921378274
7966358,Entire home/apt,340,40.76633,-73.98145,2.531478917042255
19968961,Private room,110,40.74286,-74.001,2.041392685158225
29388858,Entire home/apt,180,40.78793,-73.97261,2.255272505103306
8920816,Private room,40,40.81417,-73.9603,1.6020599913279623
20384987,Private room,140,40.76122,-73.985830000000007,2.146128035678238
35835936,Entire home/apt,150,40.73895,-74.00393,2.1760912590556813
28324221,Entire home/apt,170,40.75278,-73.97107,2.230448921378274
992508,Private room,60,40.79218,-73.95076,1.7781512503836436
24245905,Entire home/apt,150,40.75265,-73.9684,2.1760912590556813
33579775,Private room,250,40.75325,-73.97176,2.3979400086720375
6371191,Entire home/apt,170,40.78576,-73.97629,2.230448921378274
21577679,Entire home/apt,140,40.78737,-73.97293,2.146128035678238
29220176,Private room,80,40.80303,-73.96336,1.9030899869919435
19556174,Private room,300,40.763,-73.98624,2.4771212547196626
30389309,Entire home/apt,310,40.74072,-73.97794,2.4913616938342726
84905,Private room,100,40.71271,-73.99776,2
917058,Entire home/apt,220,40.73356,-73.99876,2.342422680822206
2613864,Entire home/apt,90,40.76608,-73.99203,1.954242509439325
6989258,Entire home/apt,130,40.79243,-73.93952,2.113943352306837
28697632,Entire home/apt,190,40.85428,-73.93204,2.278753600952829
12969014,Entire home/apt,180,40.78116,-73.98104,2.255272505103306
5041891,Entire home/apt,800,40.79693,-73.96348,2.9030899869919438
15495202,Entire home/apt,130,40.75315,-73.97253,2.113943352306837
7140625,Private room,50,40.80712,-73.95323,1.6989700043360187
24834823,Entire home/apt,100,40.80389,-73.96859,2
12895146,Private room,40,40.80476,-73.95416,1.6020599913279623
16673377,Private room,120,40.756,-73.97078,2.0791812460476247
34834531,Entire home/apt,220,40.75406,-73.96436,2.342422680822206
33172245,Entire home/apt,180,40.78909,-73.94956,2.255272505103306
16414744,Private room,150,40.75966,-73.991,2.1760912590556813
6652353,Entire home/apt,150,40.79828,-73.97231,2.1760912590556813
4709252,Private room,150,40.79912,-73.94187,2.1760912590556813
16098020,Private room,650,40.75162,-73.9732,2.8129133566428557
5626601,Private room,60,40.82855,-73.94745,1.7781512503836436
10023629,Private room,100,40.76458,-73.99007,2
29482859,Private room,330,40.75611,-73.97209,2.5185139398778875
32676186,Private room,100,40.74963,-73.99141,2
1281257,Entire home/apt,270,40.70735,-74.00971,2.4313637641589874
30592244,Private room,100,40.82565,-73.94815,2
32190231,Entire home/apt,170,40.76106,-73.98694,2.230448921378274
18857134,Private room,100,40.76387,-73.99117,2
21921608,Entire home/apt,380,40.76996,-73.98551,2.57978359661681
29411009,Private room,330,40.75674,-73.97201,2.5185139398778875
12554945,Private room,50,40.82356,-73.95457,1.6989700043360187
29314975,Private room,270,40.7086,-74.01266,2.4313637641589874
30855529,Private room,80,40.76588,-73.95834,1.9030899869919435
23764185,Entire home/apt,220,40.70747,-74.00436,2.342422680822206
22485639,Entire home/apt,140,40.76221,-73.96726,2.146128035678238
22418899,Private room,110,40.80116,-73.95287,2.041392685158225
35050872,Entire home/apt,400,40.71055,-74.00623,2.6020599913279625
26571135,Private room,40,40.86411,-73.92241,1.6020599913279623
19473132,Entire home/apt,170,40.72292,-73.98732,2.230448921378274
22433291,Private room,60,40.8229,-73.93925,1.7781512503836436
25977386,Private room,220,40.85612,-73.92888,2.342422680822206
8481074,Entire home/apt,250,40.72767,-73.98452,2.3979400086720375
34209596,Private room,140,40.81672,-73.94746,2.146128035678238
30248715,Entire home/apt,150,40.76732,-73.95179,2.1760912590556813
23986569,Private room,60,40.81205,-73.95322,1.7781512503836436
26385006,Private room,60,40.81932,-73.95765,1.7781512503836436
24717470,Entire home/apt,120,40.76291,-73.99327,2.0791812460476247
22668695,Private room,120,40.73612,-74.0041,2.0791812460476247
8770660,Entire home/apt,180,40.84478,-73.94132,2.255272505103306
13156881,Private room,70,40.82267,-73.94677,1.845098040014257
31684570,Entire home/apt,180,40.71382,-73.99609,2.255272505103306
36451481,Private room,80,40.82385,-73.93947,1.9030899869919435
31075136,Entire home/apt,350,40.77893,-73.95221,2.5440680443502757
4325284,Entire home/apt,210,40.78535,-73.94997,2.322219294733919
5390483,Private room,250,40.77461,-73.98899,2.3979400086720375
32857918,Private room,100,40.76926,-73.98746,2
10149453,Entire home/apt,100,40.72542,-74.00158,2
32805414,Private room,340,40.76057,-73.985830000000007,2.531478917042255
13479649,Entire home/apt,160,40.81134,-73.94044,2.2041199826559246
13392941,Private room,80,40.70514,-74.00921,1.9030899869919435
7001872,Entire home/apt,200,40.76425,-73.96811,2.3010299956639813
7508560,Private room,80,40.81211,-73.9378,1.9030899869919435
35463900,Entire home/apt,210,40.76437,-73.99184,2.322219294733919
6867325,Private room,40,40.82443,-73.93843,1.6020599913279623
27480436,Entire home/apt,140,40.76213,-74.00126,2.146128035678238
36133997,Entire home/apt,160,40.72968,-74.00195,2.2041199826559246
5363874,Entire home/apt,250,40.74205,-73.97997,2.3979400086720375
13667739,Entire home/apt,110,40.7224,-73.99604,2.041392685158225
27291757,Entire home/apt,220,40.72159,-73.9962,2.342422680822206
20741446,Entire home/apt,90,40.8608,-73.9281,1.954242509439325
33130688,Entire home/apt,370,40.7739,-73.94937,2.568201724066995
33917759,Private room,100,40.80332,-73.94853,2
36382093,Entire home/apt,450,40.75113,-74.00231,2.6532125137753435
15299748,Private room,250,40.7531,-73.97321,2.3979400086720375
918049,Entire home/apt,250,40.73949,-73.99483,2.3979400086720375
564049,Entire home/apt,90,40.80053,-73.96651,1.954242509439325
32540677,Entire home/apt,140,40.76607,-73.9826,2.146128035678238
5869197,Entire home/apt,250,40.77636,-73.98937,2.3979400086720375
22265878,Entire home/apt,180,40.82025,-73.95206,2.255272505103306
9479348,Entire home/apt,340,40.81319,-73.94423,2.531478917042255
30567064,Entire home/apt,500,40.77394,-73.98955,2.6989700043360187
24751713,Private room,120,40.76592,-73.980950000000007,2.0791812460476247
34439212,Entire home/apt,500,40.73563,-73.99846,2.6989700043360187
34280337,Private room,60,40.71786,-73.9979,1.7781512503836436
2057403,Entire home/apt,200,40.79053,-73.96956,2.3010299956639813
24103404,Entire home/apt,150,40.7378,-74.0062,2.1760912590556813
35163290,Private room,360,40.76401,-73.98051,2.5563025007672873
9136814,Entire home/apt,180,40.75911,-73.98932,2.255272505103306
14577490,Private room,100,40.7991,-73.96963,2
22789426,Private room,50,40.75721,-73.96813,1.6989700043360187
22448088,Private room,80,40.77509,-73.95554,1.9030899869919435
14835065,Entire home/apt,200,40.73293,-73.99846,2.3010299956639813
9352565,Entire home/apt,140,40.74966,-73.98781,2.146128035678238
17044038,Private room,80,40.72429,-73.98784,1.9030899869919435
8531441,Entire home/apt,100,40.75547,-73.96467,2
4656361,Entire home/apt,80,40.85171,-73.92894,1.9030899869919435
33270883,Private room,100,40.74147,-73.99908,2
34943881,Private room,30,40.85873,-73.92937,1.4771212547196624
22186486,Private room,220,40.71871,-73.98218,2.342422680822206
20884271,Private room,50,40.81888,-73.94345,1.6989700043360187
35447708,Private room,90,40.80463,-73.95655,1.954242509439325
29797672,Private room,120,40.79875,-73.93643,2.0791812460476247
24868751,Private room,50,40.84332,-73.94131,1.6989700043360187
12846033,Entire home/apt,220,40.73326,-74.00844,2.342422680822206
4840977,Entire home/apt,300,40.7182,-73.99326,2.4771212547196626
34313143,Entire home/apt,700,40.70724,-74.00614,2.845098040014257
33711735,Entire home/apt,230,40.70793,-74.01043,2.361727836017593
8515213,Entire home/apt,2000,40.75601,-73.98909,3.3010299956639813
19573919,Entire home/apt,140,40.75283,-73.99951,2.146128035678238
35768266,Private room,60,40.79846,-73.93359,1.7781512503836436
36352893,Entire home/apt,200,40.72964,-74.0031,2.3010299956639813
15756248,Private room,120,40.79516,-73.96813,2.0791812460476247
9447274,Entire home/apt,320,40.7411,-73.99978,2.505149978319906
7894907,Entire home/apt,150,40.72395,-73.98001,2.1760912590556813
2185668,Private room,80,40.74106,-74.00262,1.9030899869919435
2237851,Entire home/apt,420,40.74383,-73.97909,2.6232492903979003
34902183,Entire home/apt,90,40.81982,-73.94481,1.954242509439325
16649773,Private room,120,40.8012,-73.95589,2.0791812460476247
28560966,Private room,150,40.73954,-73.98185,2.1760912590556813
24807368,Entire home/apt,180,40.80001,-73.96459,2.255272505103306
19931860,Entire home/apt,350,40.76394,-73.97825,2.5440680443502757
9806799,Entire home/apt,370,40.76681,-73.98365,2.568201724066995
9844892,Entire home/apt,210,40.72969,-74.00117,2.322219294733919
9590519,Entire home/apt,150,40.75435,-73.96729,2.1760912590556813
16189705,Private room,80,40.73052,-73.9778,1.9030899869919435
20614820,Entire home/apt,140,40.71618,-73.99225,2.146128035678238
27088254,Private room,80,40.80714,-73.93747,1.9030899869919435
14834097,Entire home/apt,180,40.76356,-73.96082,2.255272505103306
8989320,Entire home/apt,180,40.80473,-73.94763,2.255272505103306
13514745,Private room,70,40.72628,-73.97952,1.845098040014257
9906415,Entire home/apt,240,40.76109,-73.99417,2.380211241711606
14316284,Entire home/apt,240,40.72921,-74.00345,2.380211241711606
12621050,Private room,40,40.81251,-73.95412,1.6020599913279623
35884220,Entire home/apt,350,40.77122,-73.99356,2.5440680443502757
23955348,Entire home/apt,600,40.72574,-73.98272,2.7781512503836434
30744585,Private room,600,40.76579,-73.98049,2.7781512503836434
28044485,Entire home/apt,210,40.72744,-73.9831,2.322219294733919
14423010,Private room,60,40.76395,-73.99007,1.7781512503836436
34489727,Private room,100,40.76187,-73.98413,2
182095,Entire home/apt,200,40.73631,-73.99977,2.3010299956639813
10482554,Private room,80,40.74973,-73.99515,1.9030899869919435
33635065,Entire home/apt,230,40.7071,-74.01194,2.361727836017593
6799692,Private room,260,40.7618,-73.99093,2.4149733479708178
35604874,Entire home/apt,400,40.74385,-73.97219,2.6020599913279625
33776470,Private room,300,40.76494,-73.97822,2.4771212547196626
3499251,Entire home/apt,200,40.78273,-73.97319,2.3010299956639813
30974737,Entire home/apt,960,40.75393,-73.96646,2.9822712330395684
31226770,Private room,70,40.71685,-73.99074,1.845098040014257
20153406,Private room,70,40.74482,-73.97827,1.845098040014257
22392030,Entire home/apt,70,40.77506,-73.98162,1.845098040014257
25397054,Private room,100,40.82999,-73.94174,2
19313483,Private room,120,40.76892,-73.96906,2.0791812460476247
28735958,Entire home/apt,140,40.70565,-74.00666,2.146128035678238
4125398,Private room,100,40.78732,-73.97489,2
31677408,Entire home/apt,150,40.77974,-73.97973,2.1760912590556813
9005771,Private room,40,40.81999,-73.93933,1.6020599913279623
931642,Private room,120,40.74848,-73.97884,2.0791812460476247
11546806,Private room,60,40.7653,-73.98825,1.7781512503836436
18314459,Private room,190,40.79871,-73.96801,2.278753600952829
29232472,Shared room,100,40.76437,-73.98775,2
25457583,Private room,60,40.83458,-73.94227,1.7781512503836436
17697781,Entire home/apt,220,40.70833,-74.0131,2.342422680822206
31866909,Entire home/apt,90,40.73572,-73.98017,1.954242509439325
9953443,Entire home/apt,140,40.71607,-73.98439,2.146128035678238
25157795,Entire home/apt,90,40.75377,-73.96609,1.954242509439325
14334031,Private room,60,40.83735,-73.94351,1.7781512503836436
21695292,Entire home/apt,220,40.73281,-73.9899,2.342422680822206
20652753,Shared room,50,40.74946,-73.9785,1.6989700043360187
12760088,Private room,50,40.8033,-73.95771,1.6989700043360187
352864,Private room,60,40.78164,-73.94717,1.7781512503836436
4885975,Private room,90,40.75163,-73.9722,1.954242509439325
24915585,Entire home/apt,180,40.73714,-73.98827,2.255272505103306
8444619,Private room,80,40.77564,-73.9533,1.9030899869919435
30065027,Entire home/apt,240,40.73334,-74.00098,2.380211241711606
584122,Private room,120,40.77032,-73.99493,2.0791812460476247
18811187,Private room,50,40.79712,-73.94689,1.6989700043360187
10733505,Entire home/apt,200,40.76504,-73.98856,2.3010299956639813
28129366,Entire home/apt,280,40.74657,-73.97539,2.4471580313422194
28313785,Entire home/apt,270,40.76646,-73.99132,2.4313637641589874
6972046,Private room,150,40.78567,-73.97665,2.1760912590556813
33253620,Entire home/apt,350,40.71948,-73.99603,2.5440680443502757
8522756,Shared room,60,40.72184,-73.98165,1.7781512503836436
4860430,Private room,90,40.78866,-73.96908,1.954242509439325
28913324,Entire home/apt,270,40.80702,-73.95334,2.4313637641589874
32549617,Entire home/apt,120,40.75114,-73.99831,2.0791812460476247
32224211,Entire home/apt,500,40.70645,-74.01203,2.6989700043360187
12833187,Entire home/apt,220,40.76297,-73.96252,2.342422680822206
33612527,Entire home/apt,210,40.76142,-73.98629,2.322219294733919
32790135,Entire home/apt,180,40.7319,-74.00489,2.255272505103306
22446568,Entire home/apt,200,40.72454,-73.98749,2.3010299956639813
17187942,Entire home/apt,100,40.80268,-73.94051,2
21191264,Private room,80,40.72269,-73.98862,1.9030899869919435
33373213,Entire home/apt,140,40.78593,-73.94292,2.146128035678238
33932486,Shared room,20,40.80298,-73.95375,1.3010299956639813
6399305,Entire home/apt,280,40.72361,-73.98775,2.4471580313422194
31595243,Entire home/apt,300,40.7859,-73.9723,2.4771212547196626
9544812,Entire home/apt,350,40.76251,-73.98552,2.5440680443502757
24260244,Private room,100,40.74077,-73.97977,2
22370388,Entire home/apt,270,40.70637,-74.00941,2.4313637641589874
24448560,Private room,40,40.82502,-73.95155,1.6020599913279623
2879157,Entire home/apt,120,40.81153,-73.95856,2.0791812460476247
22077920,Entire home/apt,190,40.80608,-73.96397,2.278753600952829
9904570,Entire home/apt,200,40.75342,-73.98729,2.3010299956639813
34421245,Entire home/apt,90,40.85112,-73.93851,1.954242509439325
2607583,Entire home/apt,100,40.77231,-73.95588,2
9726143,Entire home/apt,200,40.75088,-73.96918,2.3010299956639813
16259629,Private room,350,40.75073,-73.98439,2.5440680443502757
29975548,Entire home/apt,200,40.76651,-73.98289,2.3010299956639813
30130328,Entire home/apt,160,40.72249,-73.99406,2.2041199826559246
2303436,Entire home/apt,220,40.72153,-73.99331,2.342422680822206
28242507,Entire home/apt,200,40.78315,-73.94693,2.3010299956639813
9401453,Entire home/apt,180,40.74081,-74.00296,2.255272505103306
35080969,Entire home/apt,290,40.74125,-73.98125,2.462397997898956
11884931,Private room,60,40.86087,-73.92724,1.7781512503836436
34486925,Private room,100,40.76581,-73.9835,2
30754138,Entire home/apt,550,40.72199,-74.00444,2.7403626894942437
11355476,Shared room,60,40.71987,-73.99729,1.7781512503836436
2671737,Private room,60,40.83677,-73.94314,1.7781512503836436
2100887,Entire home/apt,380,40.72045,-73.99598,2.57978359661681
20175117,Entire home/apt,120,40.77255,-73.95457,2.0791812460476247
14506036,Entire home/apt,140,40.80758,-73.93702,2.146128035678238
4857619,Entire home/apt,140,40.80442,-73.96338,2.146128035678238
25614818,Entire home/apt,250,40.80227,-73.95985,2.3979400086720375
30716192,Private room,70,40.80003,-73.96123,1.845098040014257
5065185,Entire home/apt,160,40.79463,-73.97061,2.2041199826559246
22034112,Entire home/apt,200,40.80589,-73.9414,2.3010299956639813
7899605,Private room,60,40.82861,-73.94127,1.7781512503836436
12600583,Shared room,50,40.78305,-73.95381,1.6989700043360187
13175743,Private room,70,40.85735,-73.9298,1.845098040014257
35154913,Private room,400,40.7642,-73.98035,2.6020599913279625
18549136,Entire home/apt,200,40.77404,-73.99076,2.3010299956639813
26877222,Private room,30,40.81657,-73.94262,1.4771212547196624
12091679,Entire home/apt,120,40.78342,-73.97312,2.0791812460476247
22123603,Private room,130,40.72341,-73.98534,2.113943352306837
29059349,Entire home/apt,120,40.76247,-73.99254,2.0791812460476247
5881122,Private room,120,40.71735,-73.98213,2.0791812460476247
33467371,Private room,950,40.76725,-73.95864,2.9777236052888476
12454556,Private room,80,40.72414,-73.9801,1.9030899869919435
12403816,Entire home/apt,140,40.76058,-73.99603,2.146128035678238
34373985,Private room,80,40.79072,-73.93972,1.9030899869919435
30584948,Entire home/apt,200,40.74374,-73.97998,2.3010299956639813
34805393,Entire home/apt,200,40.71255,-73.99147,2.3010299956639813
6449002,Entire home/apt,180,40.72846,-74.00113,2.255272505103306
28215809,Private room,60,40.80823,-73.94963,1.7781512503836436
15234755,Entire home/apt,200,40.77727,-73.98453,2.3010299956639813
14536003,Private room,180,40.77715,-73.94802,2.255272505103306
6936794,Entire home/apt,900,40.76348,-73.95884,2.9542425094393248
15840527,Private room,40,40.7487,-73.97842,1.6020599913279623
17072544,Private room,60,40.71485,-73.99157,1.7781512503836436
2297192,Entire home/apt,1000,40.70825,-74.00495,3
28223260,Entire home/apt,180,40.77078,-73.98344,2.255272505103306
18616234,Private room,70,40.78886,-73.94324,1.845098040014257
9489073,Entire home/apt,100,40.79351,-73.93388,2
31077566,Entire home/apt,220,40.72435,-73.98715,2.342422680822206
32109492,Entire home/apt,130,40.76165,-73.99351,2.113943352306837
21254718,Entire home/apt,570,40.80647,-73.96576,2.7558748556724915
1793411,Entire home/apt,200,40.7312,-73.98857,2.3010299956639813
36273046,Private room,120,40.77551,-73.95404,2.0791812460476247
11587722,Entire home/apt,300,40.79795,-73.96156,2.4771212547196626
35608298,Entire home/apt,190,40.74424,-73.97272,2.278753600952829
34256514,Private room,70,40.8125,-73.95305,1.845098040014257
35935675,Private room,100,40.76924,-73.95323,2
4605455,Private room,120,40.71205,-73.99463,2.0791812460476247
30137792,Private room,80,40.74337,-73.99423,1.9030899869919435
21308792,Private room,100,40.73905,-73.97353,2
25770975,Entire home/apt,170,40.70626,-74.00565,2.230448921378274
27482124,Entire home/apt,120,40.75135,-73.97197,2.0791812460476247
910976,Private room,160,40.71078,-74.00995,2.2041199826559246
3522539,Entire home/apt,160,40.73041,-73.9896,2.2041199826559246
22231558,Entire home/apt,250,40.72625,-73.97822,2.3979400086720375
24606241,Entire home/apt,150,40.71432,-73.9887,2.1760912590556813
19304453,Entire home/apt,100,40.75544,-73.99406,2
34202304,Entire home/apt,140,40.77435,-73.98761,2.146128035678238
2060768,Entire home/apt,800,40.73246,-74.00854,2.9030899869919438
9211258,Entire home/apt,250,40.75997,-73.99265,2.3979400086720375
16099666,Private room,700,40.7524,-73.97153,2.845098040014257
27855899,Entire home/apt,200,40.72307,-73.98369,2.3010299956639813
4409074,Entire home/apt,300,40.73112,-73.98572,2.4771212547196626
23222091,Entire home/apt,80,40.80086,-73.93979,1.9030899869919435
7555283,Entire home/apt,200,40.79045,-73.97361,2.3010299956639813
32305506,Entire home/apt,140,40.75629,-73.96548,2.146128035678238
20872030,Entire home/apt,160,40.8062,-73.95528,2.2041199826559246
8342200,Entire home/apt,120,40.7816,-73.97638,2.0791812460476247
16530772,Private room,80,40.80999,-73.9415,1.9030899869919435
27624476,Private room,120,40.82923,-73.93764,2.0791812460476247
22881110,Entire home/apt,140,40.78941,-73.97167,2.146128035678238
641768,Entire home/apt,260,40.76206,-73.9998,2.4149733479708178
25752683,Entire home/apt,200,40.74016,-73.99902,2.3010299956639813
2500087,Entire home/apt,150,40.7673,-73.98809,2.1760912590556813
35699079,Entire home/apt,90,40.82339,-73.95106,1.954242509439325
29686576,Private room,100,40.72085,-73.98945,2
13495361,Entire home/apt,200,40.73006,-73.99981,2.3010299956639813
8895019,Entire home/apt,150,40.76392,-73.99514,2.1760912590556813
34532307,Private room,140,40.76412,-73.99141,2.146128035678238
22268101,Entire home/apt,150,40.72847,-74.00068,2.1760912590556813
8743269,Entire home/apt,100,40.81132,-73.94496,2
12001322,Entire home/apt,240,40.76554,-73.98289,2.380211241711606
28317744,Entire home/apt,300,40.73142,-74.00275,2.4771212547196626
31148404,Entire home/apt,110,40.70763,-74.00671,2.041392685158225
16813292,Private room,170,40.7219,-73.98717,2.230448921378274
29799920,Entire home/apt,220,40.74441,-73.97328,2.342422680822206
29495273,Private room,300,40.72584,-73.99306,2.4771212547196626
29183581,Entire home/apt,220,40.71865,-73.99847,2.342422680822206
35816788,Entire home/apt,140,40.72555,-73.98198,2.146128035678238
872210,Private room,200,40.732,-73.98759,2.3010299956639813
36264980,Private room,120,40.75987,-73.99615,2.0791812460476247
33634956,Entire home/apt,230,40.70748,-74.0108,2.361727836017593
7581690,Entire home/apt,120,40.81208,-73.95097,2.0791812460476247
23149641,Entire home/apt,180,40.75546,-73.99582,2.255272505103306
6227027,Entire home/apt,100,40.78302,-73.98057,2
2021742,Entire home/apt,160,40.74873,-73.98827,2.2041199826559246
9766922,Private room,90,40.82083,-73.95407,1.954242509439325
36427098,Private room,80,40.71466,-73.98676,1.9030899869919435
3771845,Private room,100,40.72144,-73.99356,2
35512438,Private room,90,40.80857,-73.93951,1.954242509439325
34784469,Private room,90,40.71716,-73.99716,1.954242509439325
30818914,Entire home/apt,180,40.83109,-73.94714,2.255272505103306
19415114,Entire home/apt,120,40.7794,-73.95427,2.0791812460476247
21844377,Private room,200,40.74116,-74.00053,2.3010299956639813
34997245,Entire home/apt,260,40.71978,-73.99681,2.4149733479708178
1717058,Entire home/apt,180,40.72182,-73.99625,2.255272505103306
22713055,Private room,40,40.82949,-73.94644,1.6020599913279623
21080763,Entire home/apt,180,40.74061,-73.97991,2.255272505103306
2524947,Entire home/apt,180,40.70558,-74.01533,2.255272505103306
16244843,Private room,80,40.72947,-73.9785,1.9030899869919435
8855930,Entire home/apt,120,40.73113,-73.98295,2.0791812460476247
28913606,Private room,180,40.75359,-73.97305,2.255272505103306
36036585,Entire home/apt,180,40.70534,-74.00631,2.255272505103306
20651206,Private room,80,40.72945,-73.98203,1.9030899869919435
18566802,Shared room,100,40.76059,-73.98865,2
6941601,Entire home/apt,180,40.76448,-73.98187,2.255272505103306
29683,Entire home/apt,180,40.72392,-73.99143,2.255272505103306
36037692,Entire home/apt,240,40.76496,-73.98928,2.380211241711606
9409873,Entire home/apt,280,40.72824,-73.99517,2.4471580313422194
7637101,Private room,150,40.81033,-73.95897,2.1760912590556813
1044502,Entire home/apt,200,40.8035,-73.94764,2.3010299956639813
29383021,Private room,90,40.81386,-73.95936,1.954242509439325
9490080,Entire home/apt,100,40.84369,-73.93828,2
11634575,Private room,60,40.84398,-73.94064,1.7781512503836436
33406391,Private room,170,40.70922,-74.00571,2.230448921378274
9550807,Private room,60,40.84005,-73.93735,1.7781512503836436
31881815,Private room,80,40.7882,-73.9405,1.9030899869919435
30389263,Entire home/apt,270,40.74053,-73.97874,2.4313637641589874
21818641,Entire home/apt,200,40.76172,-73.99428,2.3010299956639813
13569725,Entire home/apt,150,40.71661,-73.99144,2.1760912590556813
19803017,Entire home/apt,150,40.72759,-73.98466,2.1760912590556813
11496607,Entire home/apt,160,40.80187,-73.94705,2.2041199826559246
13358265,Entire home/apt,200,40.778,-73.97912,2.3010299956639813
27010728,Entire home/apt,140,40.85419,-73.93013,2.146128035678238
9627513,Private room,60,40.80272,-73.95564,1.7781512503836436
12519645,Private room,40,40.78809,-73.95333,1.6020599913279623
9720768,Private room,120,40.75699,-73.98493,2.0791812460476247
1430650,Private room,100,40.768,-73.98695,2
3585452,Entire home/apt,140,40.809,-73.94263,2.146128035678238
21803004,Private room,100,40.76069,-73.9863,2
30932134,Private room,180,40.74733,-73.98447,2.255272505103306
30674080,Entire home/apt,300,40.76011,-73.99087,2.4771212547196626
12505852,Entire home/apt,120,40.78406,-73.98431,2.0791812460476247
33710554,Entire home/apt,260,40.73593,-74.00438,2.4149733479708178
6742680,Entire home/apt,200,40.77259,-73.95647,2.3010299956639813
13154343,Entire home/apt,220,40.76144,-73.99243,2.342422680822206
667375,Entire home/apt,200,40.74272,-74.00309,2.3010299956639813
1403635,Private room,80,40.82036,-73.95589,1.9030899869919435
30688108,Private room,80,40.79852,-73.93769,1.9030899869919435
13927957,Entire home/apt,130,40.75259,-73.97061,2.113943352306837
21900721,Private room,80,40.777,-73.95771,1.9030899869919435
30913615,Private room,100,40.76568,-73.9876,2
10015195,Entire home/apt,110,40.75093,-73.98096,2.041392685158225
12188651,Entire home/apt,220,40.74369,-73.99571,2.342422680822206
21161707,Private room,70,40.7277,-73.97841,1.845098040014257
3567258,Entire home/apt,220,40.73711,-73.98985,2.342422680822206
16063885,Entire home/apt,160,40.80761,-73.95416,2.2041199826559246
22122723,Private room,50,40.82257,-73.94665,1.6989700043360187
34384453,Entire home/apt,290,40.76059,-73.9965,2.462397997898956
31858749,Entire home/apt,150,40.72749,-73.98674,2.1760912590556813
4519764,Private room,30,40.85181,-73.93824,1.4771212547196624
13622056,Private room,220,40.71617,-74.01468,2.342422680822206
30290307,Entire home/apt,300,40.72607,-74.00166,2.4771212547196626
14091664,Entire home/apt,240,40.74572,-73.98285,2.380211241711606
33161119,Entire home/apt,260,40.77424,-73.98827,2.4149733479708178
16443103,Entire home/apt,150,40.76555,-73.98029,2.1760912590556813
19993470,Entire home/apt,140,40.73,-73.99253,2.146128035678238
7604021,Entire home/apt,110,40.79203,-73.96967,2.041392685158225
24539281,Shared room,60,40.75792,-73.99172,1.7781512503836436
21926844,Private room,40,40.7611,-73.95015,1.6020599913279623
728498,Private room,80,40.80517,-73.95404,1.9030899869919435
21024792,Private room,80,40.7215,-73.99894,1.9030899869919435
21870396,Private room,200,40.7676,-73.9855,2.3010299956639813
9435428,Entire home/apt,150,40.79335,-73.94583,2.1760912590556813
18287688,Entire home/apt,140,40.77138,-73.94973,2.146128035678238
9853884,Private room,40,40.81536,-73.96246,1.6020599913279623
34967678,Entire home/apt,500,40.71801,-73.9943,2.6989700043360187
10058944,Private room,190,40.7278,-73.98041,2.278753600952829
1961937,Entire home/apt,120,40.8233,-73.95591,2.0791812460476247
19784119,Entire home/apt,100,40.82105,-73.94588,2
29425269,Private room,100,40.80903,-73.94307,2
36180945,Entire home/apt,160,40.71387,-73.99427,2.2041199826559246
13669161,Private room,100,40.71881,-73.98882,2
13397316,Entire home/apt,180,40.76413,-73.99301,2.255272505103306
34967770,Entire home/apt,300,40.81872,-73.94363,2.4771212547196626
24133244,Entire home/apt,220,40.76657,-73.98514,2.342422680822206
20189718,Entire home/apt,200,40.76149,-73.97536,2.3010299956639813
28913683,Entire home/apt,360,40.74952,-73.97089,2.5563025007672873
8131285,Entire home/apt,130,40.72573,-73.97926,2.113943352306837
24497265,Entire home/apt,120,40.74651,-73.97868,2.0791812460476247
18252876,Entire home/apt,120,40.80507,-73.96414,2.0791812460476247
8957189,Entire home/apt,230,40.72566,-73.98323,2.361727836017593
34515896,Private room,100,40.70669,-74.0165,2
22907591,Entire home/apt,190,40.72753,-73.98412,2.278753600952829
35153702,Entire home/apt,100,40.78834,-73.94781,2
14721931,Entire home/apt,130,40.76142,-73.99248,2.113943352306837
35482897,Entire home/apt,240,40.74637,-74.0002,2.380211241711606
10209278,Entire home/apt,100,40.7631,-73.98753,2
424192,Entire home/apt,320,40.7559,-73.99469,2.505149978319906
12085008,Entire home/apt,240,40.76567,-73.98308,2.380211241711606
8033860,Entire home/apt,70,40.85563,-73.93509,1.845098040014257
7517614,Entire home/apt,120,40.8327,-73.94486,2.0791812460476247
22704069,Entire home/apt,800,40.72044,-73.9998,2.9030899869919438
34517663,Private room,250,40.74433,-73.98555,2.3979400086720375
33431582,Shared room,50,40.79922,-73.94187,1.6989700043360187
34485740,Private room,100,40.75597,-73.98395,2
31352270,Entire home/apt,520,40.72811,-73.99381,2.716003343634799
5590387,Private room,120,40.72566,-73.98032,2.0791812460476247
28107465,Private room,80,40.79918,-73.9622,1.9030899869919435
19049100,Entire home/apt,150,40.74689,-73.97763,2.1760912590556813
1669149,Entire home/apt,250,40.76464,-73.98749,2.3979400086720375
21979566,Entire home/apt,100,40.71237,-74.00747,2
9864749,Private room,150,40.74501,-73.98574,2.1760912590556813
8837432,Entire home/apt,380,40.76206,-73.9937,2.57978359661681
22792652,Private room,80,40.78096,-73.95412,1.9030899869919435
35202508,Entire home/apt,200,40.76312,-73.99394,2.3010299956639813
33643819,Private room,110,40.71313,-73.99615,2.041392685158225
6525622,Entire home/apt,120,40.72152,-73.97761,2.0791812460476247
5298458,Entire home/apt,40,40.85341,-73.93181,1.6020599913279623
1183667,Entire home/apt,80,40.77938,-73.98721,1.9030899869919435
36227884,Shared room,70,40.74714,-73.99117,1.845098040014257
20912594,Entire home/apt,260,40.76104,-73.99255,2.4149733479708178
8106774,Entire home/apt,160,40.81525,-73.94552,2.2041199826559246
21861551,Private room,160,40.75117,-73.99305,2.2041199826559246
9408218,Entire home/apt,110,40.79417,-73.94331,2.041392685158225
19122483,Entire home/apt,800,40.79343,-73.97274,2.9030899869919438
115678,Entire home/apt,100,40.81822,-73.94095,2
28652436,Private room,70,40.77713,-73.95096,1.845098040014257
13883249,Entire home/apt,150,40.73756,-73.99858,2.1760912590556813
9030997,Entire home/apt,110,40.77029,-73.95812,2.041392685158225
34116575,Entire home/apt,120,40.7786,-73.95028,2.0791812460476247
33255997,Private room,130,40.76258,-73.96809,2.113943352306837
2254817,Entire home/apt,130,40.76886,-73.95877,2.113943352306837
25937108,Entire home/apt,200,40.75058,-73.97746,2.3010299956639813
22084212,Entire home/apt,400,40.73851,-73.99746,2.6020599913279625
27351442,Private room,100,40.72875,-73.98443,2
26871230,Entire home/apt,300,40.74443,-74.0029,2.4771212547196626
12324203,Entire home/apt,200,40.72387,-73.98939,2.3010299956639813
447766,Private room,100,40.73903,-73.97975,2
26085068,Entire home/apt,80,40.86833,-73.92291,1.9030899869919435
6576327,Entire home/apt,120,40.82033,-73.95632,2.0791812460476247
31624862,Entire home/apt,140,40.76455,-73.95646,2.146128035678238
2256519,Entire home/apt,750,40.74344,-73.99826,2.8750612633917
8274516,Private room,100,40.79927,-73.96235,2
33995614,Private room,120,40.72139,-73.9896,2.0791812460476247
26986526,Private room,50,40.82607,-73.95124,1.6989700043360187
24313434,Private room,70,40.80365,-73.96639,1.845098040014257
32418651,Entire home/apt,240,40.72888,-73.98109,2.380211241711606
10100474,Entire home/apt,550,40.71756,-73.99824,2.7403626894942437
4901617,Entire home/apt,180,40.72969,-73.9995,2.255272505103306
15519679,Private room,40,40.81678,-73.93836,1.6020599913279623
6703091,Entire home/apt,100,40.72132,-73.98263,2
4500794,Private room,80,40.83714,-73.93713,1.9030899869919435
26717562,Entire home/apt,270,40.7433,-74.00119,2.4313637641589874
28196106,Private room,150,40.78932,-73.95343,2.1760912590556813
23650259,Private room,350,40.72142,-73.98411,2.5440680443502757
21970259,Private room,130,40.74739,-73.98344,2.113943352306837
13189500,Private room,300,40.73179,-74.00149,2.4771212547196626
9970462,Entire home/apt,150,40.72571,-73.98833,2.1760912590556813
9276587,Entire home/apt,150,40.76639,-73.98727,2.1760912590556813
24521322,Entire home/apt,220,40.70551,-74.00839,2.342422680822206
33448765,Shared room,100,40.7667,-73.98692,2
32126612,Private room,70,40.72689,-73.98906,1.845098040014257
6751450,Entire home/apt,220,40.74642,-73.98516,2.342422680822206
35232920,Entire home/apt,210,40.75347,-73.99883,2.322219294733919
21068818,Entire home/apt,130,40.76269,-73.99364,2.113943352306837
15271897,Private room,80,40.73402,-73.9862,1.9030899869919435
1069266,Entire home/apt,140,40.75783,-73.96383,2.146128035678238
19064354,Private room,60,40.76548,-73.94675,1.7781512503836436
18139095,Entire home/apt,200,40.82168,-73.95161,2.3010299956639813
6898240,Entire home/apt,350,40.74508,-73.97854,2.5440680443502757
9800247,Private room,80,40.72955,-73.98058,1.9030899869919435
30325586,Private room,80,40.7233,-73.97882,1.9030899869919435
30581572,Private room,90,40.72183,-73.99903,1.954242509439325
29760721,Private room,80,40.8043,-73.96342,1.9030899869919435
3344509,Entire home/apt,180,40.74646,-73.99678,2.255272505103306
23668733,Entire home/apt,110,40.74776,-73.98668,2.041392685158225
21948560,Entire home/apt,850,40.71735,-74.00605,2.929418925714293
516461,Entire home/apt,130,40.75086,-73.99776,2.113943352306837
481022,Entire home/apt,120,40.7195,-73.98022,2.0791812460476247
4977744,Entire home/apt,200,40.72076,-73.98925,2.3010299956639813
9987456,Private room,60,40.76059,-73.99475,1.7781512503836436
7310835,Entire home/apt,650,40.72268,-74.00269,2.8129133566428557
29959581,Entire home/apt,100,40.79758,-73.93808,2
14000455,Private room,100,40.80264,-73.9554,2
33072230,Entire home/apt,520,40.70645,-74.01186,2.716003343634799
13115864,Entire home/apt,100,40.7453,-74.00242,2
12723066,Entire home/apt,180,40.7503,-73.98144,2.255272505103306
20707833,Private room,60,40.82444,-73.95112,1.7781512503836436
32439523,Entire home/apt,180,40.80419,-73.96603,2.255272505103306
8814070,Entire home/apt,150,40.78481,-73.97414,2.1760912590556813
27703578,Entire home/apt,250,40.74557,-73.99871,2.3979400086720375
9926599,Private room,120,40.74807,-73.98091,2.0791812460476247
437906,Entire home/apt,350,40.728,-73.97903,2.5440680443502757
19532157,Private room,80,40.76959,-73.95338,1.9030899869919435
4659046,Entire home/apt,230,40.7257,-73.9795,2.361727836017593
7093979,Entire home/apt,450,40.75651,-73.96696,2.6532125137753435
18840866,Private room,190,40.76749,-73.96246,2.278753600952829
2197401,Private room,90,40.84119,-73.939,1.954242509439325
12585015,Entire home/apt,220,40.755,-73.96671,2.342422680822206
455734,Entire home/apt,50,40.86929,-73.92421,1.6989700043360187
1059891,Private room,150,40.76463,-73.98112,2.1760912590556813
2056307,Private room,120,40.80121,-73.95063,2.0791812460476247
22403201,Private room,50,40.76184,-73.94848,1.6989700043360187
16226031,Entire home/apt,110,40.81456,-73.95953,2.041392685158225
16996170,Entire home/apt,240,40.7771,-73.94996,2.380211241711606
21081875,Private room,70,40.80225,-73.94491,1.845098040014257
32691375,Entire home/apt,150,40.75106,-73.99792,2.1760912590556813
9907257,Entire home/apt,180,40.71759,-73.9842,2.255272505103306
13514387,Private room,90,40.74675,-73.99555,1.954242509439325
26774439,Private room,110,40.72315,-73.99454,2.041392685158225
35431400,Entire home/apt,150,40.72812,-73.99963,2.1760912590556813
808476,Private room,80,40.83378,-73.94966,1.9030899869919435
30188200,Private room,130,40.71781,-73.99783,2.113943352306837
21112924,Entire home/apt,130,40.8258,-73.94405,2.113943352306837
19246662,Entire home/apt,150,40.80908,-73.95858,2.1760912590556813
18338709,Private room,100,40.78858,-73.94947,2
7718995,Private room,180,40.77148,-73.98226,2.255272505103306
7966447,Private room,50,40.72251,-73.99957,1.6989700043360187
34999606,Entire home/apt,210,40.74457,-73.97168,2.322219294733919
26450817,Entire home/apt,190,40.70376,-74.00833,2.278753600952829
9424217,Private room,60,40.77557,-73.94615,1.7781512503836436
8797770,Private room,100,40.70867,-74.0003,2
16805921,Private room,100,40.71892,-73.98958,2
24156731,Entire home/apt,390,40.76441,-73.98145,2.591064607026499
9502150,Entire home/apt,160,40.80211,-73.94573,2.2041199826559246
30552566,Private room,120,40.72301,-73.98347,2.0791812460476247
34203595,Entire home/apt,160,40.74455,-73.97162,2.2041199826559246
29946644,Private room,40,40.85359,-73.92982,1.6020599913279623
32314460,Private room,80,40.7127,-73.98854,1.9030899869919435
1551044,Entire home/apt,180,40.72317,-73.9929,2.255272505103306
36044819,Private room,40,40.81842,-73.9391,1.6020599913279623
32864985,Entire home/apt,180,40.78493,-73.97294,2.255272505103306
27494734,Private room,100,40.81382,-73.95939,2
34870313,Entire home/apt,300,40.77374,-73.95153,2.4771212547196626
62903,Entire home/apt,200,40.74238,-73.99567,2.3010299956639813
34565716,Entire home/apt,120,40.79238,-73.94402,2.0791812460476247
159913,Private room,150,40.74346,-73.99882,2.1760912590556813
5353312,Entire home/apt,100,40.77528,-73.95238,2
13734035,Entire home/apt,250,40.72753,-73.97825,2.3979400086720375
12175508,Private room,100,40.73185,-73.98431,2
4144849,Entire home/apt,120,40.74411,-74.00204,2.0791812460476247
35614490,Entire home/apt,220,40.70537,-74.00784,2.342422680822206
28346728,Entire home/apt,180,40.80094,-73.96163,2.255272505103306
1213745,Entire home/apt,180,40.78806,-73.97969,2.255272505103306
19559780,Private room,50,40.79995,-73.94121,1.6989700043360187
22655068,Entire home/apt,100,40.73674,-73.98308,2
25134311,Entire home/apt,250,40.78589,-73.9487,2.3979400086720375
25868383,Private room,30,40.79322,-73.94038,1.4771212547196624
19622700,Private room,180,40.78526,-73.97633,2.255272505103306
3378404,Entire home/apt,90,40.85304,-73.93555,1.954242509439325
14902084,Entire home/apt,240,40.70402,-74.00776,2.380211241711606
24151964,Private room,60,40.81468,-73.93735,1.7781512503836436
544131,Private room,80,40.72987,-74.00082,1.9030899869919435
20820417,Entire home/apt,300,40.79398,-73.94159,2.4771212547196626
31099533,Entire home/apt,160,40.76101,-73.99431,2.2041199826559246
32126629,Entire home/apt,300,40.75483,-73.96991,2.4771212547196626
36347051,Private room,60,40.83225,-73.94496,1.7781512503836436
13862932,Private room,80,40.72976,-73.98802,1.9030899869919435
4840794,Entire home/apt,160,40.71763,-73.99753,2.2041199826559246
5651523,Entire home/apt,160,40.79331,-73.9408,2.2041199826559246
3587219,Entire home/apt,200,40.73002,-74.00653,2.3010299956639813
18750465,Entire home/apt,150,40.74863,-73.9767,2.1760912590556813
30041554,Entire home/apt,180,40.80945,-73.94183,2.255272505103306
31647516,Entire home/apt,250,40.72963,-74.0033,2.3979400086720375
7707274,Entire home/apt,180,40.72448,-73.9895,2.255272505103306
19902776,Entire home/apt,200,40.81033,-73.93874,2.3010299956639813
18682735,Entire home/apt,160,40.70738,-74.01281,2.2041199826559246
13757845,Entire home/apt,200,40.73942,-74.00065,2.3010299956639813
11943700,Entire home/apt,160,40.75519,-73.99331,2.2041199826559246
9476198,Entire home/apt,180,40.72636,-73.98454,2.255272505103306
11176819,Private room,150,40.75925,-73.99427,2.1760912590556813
9334228,Entire home/apt,70,40.72695,-73.99012,1.845098040014257
2252844,Private room,500,40.73046,-73.9921,2.6989700043360187
18504151,Private room,200,40.70766,-74.00153,2.3010299956639813
32676189,Private room,100,40.74851,-73.99062,2
2887761,Entire home/apt,380,40.72965,-74.00397,2.57978359661681
27754773,Private room,150,40.74863,-73.98291,2.1760912590556813
845417,Entire home/apt,260,40.71312,-73.99033,2.4149733479708178
20568215,Entire home/apt,170,40.76638,-73.99079,2.230448921378274
7020776,Entire home/apt,250,40.72795,-73.98503,2.3979400086720375
476570,Entire home/apt,90,40.73009,-73.9827,1.954242509439325
34082709,Entire home/apt,940,40.75634,-73.99445,2.9731278535996988
12708671,Entire home/apt,140,40.76344,-73.9929,2.146128035678238
4784618,Private room,90,40.77321,-73.95175,1.954242509439325
6380761,Entire home/apt,200,40.77643,-73.95086,2.3010299956639813
25780953,Entire home/apt,250,40.73492,-74.00418,2.3979400086720375
8897305,Entire home/apt,120,40.77688,-73.94687,2.0791812460476247
8498323,Entire home/apt,650,40.77532,-73.95132,2.8129133566428557
26708055,Entire home/apt,200,40.79782,-73.97179,2.3010299956639813
27644,Entire home/apt,170,40.82754,-73.94919,2.230448921378274
16145967,Private room,100,40.80397,-73.93499,2
8152985,Private room,90,40.7146,-73.98423,1.954242509439325
4660633,Entire home/apt,170,40.8104,-73.95977,2.230448921378274
23805007,Entire home/apt,50,40.83963,-73.93512,1.6989700043360187
34813955,Private room,70,40.80126,-73.95037,1.845098040014257
25018204,Entire home/apt,2500,40.82263,-73.95181,3.3979400086720375
13248480,Private room,120,40.77983,-73.94798,2.0791812460476247
25184077,Private room,100,40.72759,-73.98047,2
32610834,Entire home/apt,150,40.73767,-73.97384,2.1760912590556813
30105022,Private room,80,40.71436,-73.98856,1.9030899869919435
21660363,Entire home/apt,80,40.80188,-73.95695,1.9030899869919435
31441434,Entire home/apt,150,40.8087,-73.94157,2.1760912590556813
2467680,Entire home/apt,200,40.78792,-73.97758,2.3010299956639813
35869234,Entire home/apt,200,40.70852,-74.0051,2.3010299956639813
261781,Entire home/apt,380,40.73378,-74.00429,2.57978359661681
34081178,Entire home/apt,190,40.76601,-73.98414,2.278753600952829
14007809,Entire home/apt,400,40.72289,-73.99431,2.6020599913279625
3545066,Private room,80,40.71306,-73.98856,1.9030899869919435
35189403,Entire home/apt,120,40.76738,-73.95556,2.0791812460476247
1456352,Entire home/apt,180,40.80028,-73.9618,2.255272505103306
635114,Entire home/apt,220,40.72812,-74.00191,2.342422680822206
15309572,Private room,70,40.7164,-73.99188,1.845098040014257
13730290,Private room,120,40.80477,-73.94797,2.0791812460476247
1408914,Entire home/apt,200,40.74206,-73.99499,2.3010299956639813
9093358,Entire home/apt,250,40.76717,-73.95317,2.3979400086720375
21695845,Entire home/apt,200,40.73057,-74.00458,2.3010299956639813
21784156,Private room,140,40.7301,-73.98239,2.146128035678238
9092331,Private room,40,40.86444,-73.92899,1.6020599913279623
7559243,Entire home/apt,700,40.76372,-73.98081,2.845098040014257
15531089,Private room,50,40.73199,-73.98956,1.6989700043360187
34153891,Private room,60,40.81864,-73.94108,1.7781512503836436
13245721,Entire home/apt,250,40.73506,-74.00518,2.3979400086720375
25780292,Entire home/apt,280,40.74493,-73.97743,2.4471580313422194
34835501,Entire home/apt,190,40.75451,-73.96348,2.278753600952829
4295108,Private room,80,40.80161,-73.94277,1.9030899869919435
19098169,Entire home/apt,290,40.73627,-73.98952,2.462397997898956
20418684,Entire home/apt,180,40.72208,-73.97779,2.255272505103306
7399449,Entire home/apt,230,40.74537,-73.97462,2.361727836017593
144148,Private room,100,40.72217,-73.98419,2
12888849,Entire home/apt,250,40.74513,-73.98475,2.3979400086720375
21056487,Private room,100,40.7228,-73.99799,2
518566,Private room,80,40.77108,-73.95967,1.9030899869919435
1377134,Private room,120,40.72383,-73.9829,2.0791812460476247
13494147,Private room,80,40.81863,-73.95295,1.9030899869919435
29998656,Private room,40,40.72863,-74.00125,1.6020599913279623
34263343,Shared room,60,40.80078,-73.94335,1.7781512503836436
30193344,Entire home/apt,710,40.75443,-73.96594,2.8512583487190755
19389911,Private room,100,40.79503,-73.96715,2
5904098,Entire home/apt,180,40.78935,-73.94788,2.255272505103306
27760207,Entire home/apt,180,40.73384,-74.00011,2.255272505103306
29331513,Private room,60,40.71161,-74.00665,1.7781512503836436
1954495,Entire home/apt,100,40.7281,-73.98671,2
3059273,Private room,120,40.72118,-73.99682,2.0791812460476247
3052904,Private room,60,40.77401,-73.9457,1.7781512503836436
9047417,Entire home/apt,140,40.72176,-73.99345,2.146128035678238
36144903,Entire home/apt,130,40.81121,-73.94124,2.113943352306837
30388449,Entire home/apt,360,40.73806,-73.99744,2.5563025007672873
16830241,Entire home/apt,170,40.72979,-73.98917,2.230448921378274
6609871,Entire home/apt,180,40.78828,-73.9484,2.255272505103306
10087575,Entire home/apt,90,40.82753,-73.94862,1.954242509439325
13545453,Entire home/apt,200,40.76294,-73.98574,2.3010299956639813
32466500,Entire home/apt,200,40.74781,-73.97601,2.3010299956639813
29856590,Private room,90,40.77143,-73.94893,1.954242509439325
7065653,Entire home/apt,200,40.7402,-73.97935,2.3010299956639813
34893564,Entire home/apt,120,40.73684,-73.9842,2.0791812460476247
13346741,Entire home/apt,200,40.79426,-73.96914,2.3010299956639813
27876600,Entire home/apt,250,40.78057,-73.95186,2.3979400086720375
34711249,Entire home/apt,130,40.70679,-74.00689,2.113943352306837
1223230,Entire home/apt,290,40.71908,-74.00546,2.462397997898956
35123753,Entire home/apt,450,40.76024,-74.00046,2.6532125137753435
23041312,Entire home/apt,520,40.76208,-73.99932,2.716003343634799
19678436,Entire home/apt,180,40.71346,-73.99158,2.255272505103306
24086457,Entire home/apt,650,40.71841,-73.99753,2.8129133566428557
646147,Private room,140,40.82732,-73.95112,2.146128035678238
33291866,Shared room,40,40.74225,-73.97943,1.6020599913279623
21982223,Entire home/apt,150,40.7745,-73.94844,2.1760912590556813
7194972,Entire home/apt,190,40.78363,-73.97485,2.278753600952829
30441504,Entire home/apt,280,40.7413,-73.98145,2.4471580313422194
7709293,Private room,60,40.82364,-73.95122,1.7781512503836436
12411737,Entire home/apt,150,40.76657,-73.98207,2.1760912590556813
30496236,Entire home/apt,160,40.73932,-73.97997,2.2041199826559246
17520883,Private room,120,40.8178,-73.93774,2.0791812460476247
26250185,Entire home/apt,220,40.70722,-74.00873,2.342422680822206
2057480,Entire home/apt,270,40.72577,-74.00279,2.4313637641589874
30264608,Entire home/apt,320,40.74277,-74.00204,2.505149978319906
24062588,Entire home/apt,80,40.79719,-73.97097,1.9030899869919435
13341570,Entire home/apt,160,40.77722,-73.94991,2.2041199826559246
20686701,Entire home/apt,180,40.7506,-73.97104,2.255272505103306
6004567,Entire home/apt,500,40.73235,-73.98646,2.6989700043360187
3262238,Entire home/apt,250,40.74436,-73.97977,2.3979400086720375
2254388,Entire home/apt,180,40.78021,-73.95044,2.255272505103306
22619073,Private room,100,40.82246,-73.93817,2
20761404,Entire home/apt,100,40.76354,-73.99283,2
2181941,Entire home/apt,110,40.81562,-73.94426,2.041392685158225
14336338,Entire home/apt,240,40.78025,-73.95183,2.380211241711606
19227562,Entire home/apt,320,40.73526,-74.00476,2.505149978319906
794156,Entire home/apt,210,40.77445,-73.98496,2.322219294733919
22751480,Private room,40,40.85925,-73.9297,1.6020599913279623
19069048,Entire home/apt,300,40.72529,-73.98655,2.4771212547196626
35602964,Entire home/apt,600,40.74293,-73.97923,2.7781512503836434
31929437,Entire home/apt,180,40.86763,-73.92259,2.255272505103306
19315654,Entire home/apt,150,40.82361,-73.93886,2.1760912590556813
25489369,Entire home/apt,320,40.73281,-74.00205,2.505149978319906
16628617,Entire home/apt,180,40.76585,-73.98507,2.255272505103306
8538668,Entire home/apt,120,40.74469,-73.97443,2.0791812460476247
33828501,Entire home/apt,250,40.76996,-73.95771,2.3979400086720375
19327636,Entire home/apt,100,40.79313,-73.94154,2
22690429,Private room,80,40.7214,-73.97787,1.9030899869919435
23496215,Entire home/apt,170,40.74633,-73.98694,2.230448921378274
26808582,Entire home/apt,160,40.70633,-74.00623,2.2041199826559246
12810452,Private room,100,40.71114,-73.99874,2
9130275,Entire home/apt,160,40.7356,-73.99049,2.2041199826559246
27832001,Entire home/apt,180,40.70788,-74.00459,2.255272505103306
30932198,Entire home/apt,220,40.72725,-74.00288,2.342422680822206
17757976,Entire home/apt,320,40.7345,-73.98482,2.505149978319906
4908978,Entire home/apt,380,40.76102,-73.98882,2.57978359661681
25967331,Private room,60,40.85108,-73.93912,1.7781512503836436
302758,Entire home/apt,150,40.7968,-73.93611,2.1760912590556813
36128584,Private room,200,40.72548,-74.0021,2.3010299956639813
29275537,Private room,130,40.71145,-73.99607,2.113943352306837
102995,Entire home/apt,210,40.78558,-73.9696,2.322219294733919
21721946,Entire home/apt,100,40.72411,-73.98872,2
5931824,Private room,50,40.82896,-73.94059,1.6989700043360187
30737182,Entire home/apt,350,40.7773,-73.97736,2.5440680443502757
3574304,Private room,60,40.81464,-73.95351,1.7781512503836436
1635672,Entire home/apt,150,40.7338,-74.00328,2.1760912590556813
13937701,Entire home/apt,140,40.83625,-73.93915,2.146128035678238
29829829,Entire home/apt,60,40.71918,-73.98525,1.7781512503836436
25515325,Entire home/apt,180,40.73265,-74.00252,2.255272505103306
30731674,Entire home/apt,220,40.75634,-73.96519,2.342422680822206
21324522,Entire home/apt,200,40.82296,-73.94545,2.3010299956639813
21068875,Entire home/apt,110,40.79979,-73.94104,2.041392685158225
35966653,Private room,120,40.77297,-73.9553,2.0791812460476247
19441240,Private room,40,40.81611,-73.94419,1.6020599913279623
14672524,Private room,60,40.80048,-73.94864,1.7781512503836436
27566002,Private room,60,40.82789,-73.93812,1.7781512503836436
35154411,Private room,400,40.76593,-73.98087,2.6020599913279625
28501387,Entire home/apt,400,40.72381,-74.00183,2.6020599913279625
9713997,Private room,200,40.72145,-74.00231,2.3010299956639813
35040098,Entire home/apt,130,40.78766,-73.9423,2.113943352306837
35871510,Entire home/apt,140,40.70818,-74.00631,2.146128035678238
6338068,Private room,50,40.77072,-73.95424,1.6989700043360187
31315980,Private room,90,40.7179,-73.98192,1.954242509439325
32826893,Private room,100,40.73885,-73.98786,2
21762969,Private room,80,40.83172,-73.9488,1.9030899869919435
34255740,Entire home/apt,130,40.74475,-74.00108,2.113943352306837
2156111,Private room,130,40.76337,-73.98576,2.113943352306837
31295741,Entire home/apt,260,40.75638,-73.98834,2.4149733479708178
26602955,Private room,80,40.81678,-73.94246,1.9030899869919435
34868182,Entire home/apt,490,40.75978,-73.96629,2.690196080028514
33094220,Private room,120,40.73424,-73.99355,2.0791812460476247
21397638,Entire home/apt,250,40.71954,-73.98914,2.3979400086720375
23683049,Entire home/apt,240,40.82733,-73.94937,2.380211241711606
20051114,Entire home/apt,180,40.78284,-73.97203,2.255272505103306
944049,Entire home/apt,200,40.73194,-74.00189,2.3010299956639813
4563401,Entire home/apt,220,40.76575,-73.99241,2.342422680822206
3952093,Entire home/apt,160,40.79407,-73.97513,2.2041199826559246
2838061,Private room,300,40.78833,-73.94888,2.4771212547196626
35641231,Shared room,400,40.75882,-73.9903,2.6020599913279625
32552274,Private room,70,40.72064,-73.99305,1.845098040014257
17573027,Private room,80,40.70682,-74.00445,1.9030899869919435
7031803,Private room,140,40.81054,-73.94447,2.146128035678238
30038038,Entire home/apt,300,40.75551,-73.99236,2.4771212547196626
18559902,Entire home/apt,350,40.76646,-73.97912,2.5440680443502757
15280873,Entire home/apt,200,40.74699,-73.97659,2.3010299956639813
14467602,Private room,130,40.71073,-73.99311,2.113943352306837
4759906,Entire home/apt,200,40.78032,-73.95249,2.3010299956639813
35610360,Private room,90,40.7846,-73.97636,1.954242509439325
35760845,Private room,150,40.78527,-73.97623,2.1760912590556813
8920794,Entire home/apt,140,40.72189,-73.99187,2.146128035678238
36130876,Entire home/apt,180,40.75584,-73.99304,2.255272505103306
25352456,Private room,80,40.8063,-73.95548,1.9030899869919435
785508,Private room,80,40.84448,-73.93978,1.9030899869919435
18169166,Entire home/apt,120,40.78463,-73.98303,2.0791812460476247
32584290,Private room,80,40.78417,-73.94902,1.9030899869919435
19708955,Entire home/apt,700,40.72227,-74.00804,2.845098040014257
8951480,Entire home/apt,100,40.80356,-73.9698,2
8162214,Private room,90,40.71349,-73.98473,1.954242509439325
299078,Entire home/apt,250,40.72509,-74.00304,2.3979400086720375
51438,Private room,130,40.77333,-73.95199,2.113943352306837
7052026,Entire home/apt,400,40.76807,-73.98342,2.6020599913279625
35945228,Private room,50,40.81524,-73.94168,1.6989700043360187
1221517,Private room,40,40.8035,-73.94041,1.6020599913279623
28104307,Entire home/apt,240,40.7468,-73.98329,2.380211241711606
8470281,Private room,60,40.82497,-73.94595,1.7781512503836436
14215652,Entire home/apt,290,40.73624,-74.00311,2.462397997898956
9968402,Entire home/apt,130,40.70431,-74.0168,2.113943352306837
1336230,Entire home/apt,90,40.75032,-73.99676,1.954242509439325
10546363,Private room,60,40.73331,-73.98229,1.7781512503836436
13857291,Private room,60,40.86836,-73.92827,1.7781512503836436
26494242,Entire home/apt,200,40.72135,-73.98391,2.3010299956639813
35000294,Entire home/apt,220,40.74425,-73.97137,2.342422680822206
9855273,Entire home/apt,280,40.76667,-73.98341,2.4471580313422194
33071794,Entire home/apt,180,40.75032,-73.97143,2.255272505103306
13393092,Entire home/apt,260,40.75186,-73.97062,2.4149733479708178
11894427,Private room,90,40.79556,-73.9325,1.954242509439325
30496077,Entire home/apt,200,40.78549,-73.97535,2.3010299956639813
35082055,Entire home/apt,300,40.71752,-73.99387,2.4771212547196626
33546025,Entire home/apt,220,40.78234,-73.9476,2.342422680822206
36077664,Shared room,70,40.77324,-73.95969,1.845098040014257
13098705,Entire home/apt,180,40.81829,-73.94686,2.255272505103306
23502842,Entire home/apt,160,40.72205,-73.98132,2.2041199826559246
33640885,Entire home/apt,200,40.70579,-74.01245,2.3010299956639813
30914114,Entire home/apt,180,40.7328,-74.00468,2.255272505103306
32987851,Private room,100,40.72042,-73.99622,2
15857334,Entire home/apt,1020,40.76042,-73.97345,3.0086001717619175
28779428,Entire home/apt,500,40.74823,-73.98697,2.6989700043360187
9717766,Entire home/apt,200,40.74987,-73.97293,2.3010299956639813
19583464,Entire home/apt,140,40.74511,-73.97833,2.146128035678238
14464084,Entire home/apt,310,40.794,-73.96734,2.4913616938342726
7134550,Entire home/apt,110,40.71706,-73.99285,2.041392685158225
753399,Entire home/apt,500,40.72408,-73.99823,2.6989700043360187
35796194,Entire home/apt,190,40.72206,-73.99695,2.278753600952829
5771361,Entire home/apt,280,40.72915,-73.98866,2.4471580313422194
33222428,Private room,150,40.76565,-73.98872,2.1760912590556813
23387463,Private room,60,40.81862,-73.95565,1.7781512503836436
12508552,Private room,80,40.71941,-73.99706,1.9030899869919435
10138870,Private room,100,40.72148,-73.99581,2
13378410,Private room,50,40.82429,-73.95225,1.6989700043360187
32701394,Private room,60,40.73018,-73.97981,1.7781512503836436
11866751,Entire home/apt,240,40.76072,-73.99818,2.380211241711606
30310098,Private room,110,40.82251,-73.9512,2.041392685158225
7749818,Private room,90,40.82312,-73.94539,1.954242509439325
6100514,Entire home/apt,200,40.76017,-73.99198,2.3010299956639813
28345080,Private room,120,40.73389,-73.98016,2.0791812460476247
25948942,Private room,80,40.71026,-73.98738,1.9030899869919435
6619187,Private room,100,40.79229,-73.93954,2
1342515,Private room,60,40.82343,-73.94507,1.7781512503836436
11011759,Entire home/apt,250,40.73939,-73.983,2.3979400086720375
33511856,Entire home/apt,130,40.73351,-73.97798,2.113943352306837
15615535,Entire home/apt,120,40.78825,-73.97231,2.0791812460476247
10031336,Entire home/apt,130,40.77668,-73.94819,2.113943352306837
20932707,Private room,60,40.77751,-73.95575,1.7781512503836436
30007850,Entire home/apt,300,40.82358,-73.95178,2.4771212547196626
26689797,Entire home/apt,120,40.8018,-73.9413,2.0791812460476247
14354698,Private room,50,40.81315,-73.95389,1.6989700043360187
33550800,Entire home/apt,950,40.74567,-73.99254,2.9777236052888476
669831,Private room,110,40.79591,-73.94801,2.041392685158225
197155,Entire home/apt,150,40.76415,-73.99067,2.1760912590556813
25342124,Private room,80,40.7687,-73.98742,1.9030899869919435
30557569,Entire home/apt,150,40.73009,-73.98884,2.1760912590556813
7023636,Private room,70,40.84454,-73.94188,1.845098040014257
1438870,Private room,60,40.82407,-73.94434,1.7781512503836436
5033691,Entire home/apt,250,40.78147,-73.98315,2.3979400086720375
13649713,Entire home/apt,160,40.79759,-73.96544,2.2041199826559246
1583335,Entire home/apt,350,40.73078,-74.0104,2.5440680443502757
22598303,Entire home/apt,60,40.81847,-73.95259,1.7781512503836436
25590224,Private room,100,40.82441,-73.95327,2
16274292,Entire home/apt,160,40.74586,-74.00361,2.2041199826559246
4438470,Private room,100,40.72607,-73.98045,2
29943909,Private room,140,40.76423,-73.98891,2.146128035678238
7750,Entire home/apt,190,40.79685,-73.94872,2.278753600952829
19819750,Private room,70,40.78207,-73.94717,1.845098040014257
18404936,Private room,40,40.82359,-73.94433,1.6020599913279623
4155012,Entire home/apt,220,40.72784,-73.99104,2.342422680822206
13926549,Entire home/apt,250,40.78296,-73.97743,2.3979400086720375
5958299,Private room,100,40.74717,-73.99179,2
29486682,Entire home/apt,1500,40.71722,-74.00293,3.1760912590556813
4879530,Entire home/apt,120,40.80732,-73.93972,2.0791812460476247
5075659,Entire home/apt,120,40.77407,-73.95238,2.0791812460476247
7531309,Entire home/apt,190,40.70552,-74.00841,2.278753600952829
20616492,Entire home/apt,180,40.7328,-73.99899,2.255272505103306
34751224,Private room,100,40.74708,-73.98513,2
26344667,Private room,60,40.82081,-73.95474,1.7781512503836436
1977888,Entire home/apt,120,40.72679,-73.98598,2.0791812460476247
13477234,Entire home/apt,100,40.7531,-73.97158,2
33809888,Shared room,80,40.77203,-73.95344,1.9030899869919435
30394274,Entire home/apt,420,40.72946,-74.00318,2.6232492903979003
13250484,Entire home/apt,2000,40.75647,-73.99848,3.3010299956639813
9950923,Private room,80,40.72778,-73.99899,1.9030899869919435
30685679,Entire home/apt,160,40.756,-73.99804,2.2041199826559246
24772454,Entire home/apt,140,40.79557,-73.97632,2.146128035678238
7835680,Entire home/apt,150,40.72966,-74.00234,2.1760912590556813
32543781,Private room,60,40.72013,-73.99524,1.7781512503836436
23501343,Private room,60,40.83705,-73.93843,1.7781512503836436
1325472,Private room,80,40.85704,-73.93789,1.9030899869919435
2422991,Entire home/apt,160,40.7453,-74.00704,2.2041199826559246
323706,Entire home/apt,500,40.77892,-73.98238,2.6989700043360187
16444558,Private room,50,40.78138,-73.98318,1.6989700043360187
33279216,Private room,300,40.75893,-73.99485,2.4771212547196626
30818441,Entire home/apt,350,40.76291,-73.99179,2.5440680443502757
3114929,Private room,150,40.81736,-73.93921,2.1760912590556813
5149368,Private room,170,40.70663,-74.0117,2.230448921378274
17764691,Entire home/apt,100,40.78549,-73.97664,2
33915843,Shared room,80,40.7665,-73.98943,1.9030899869919435
4476605,Entire home/apt,550,40.77706,-73.98407,2.7403626894942437
10527546,Entire home/apt,200,40.79182,-73.96564,2.3010299956639813
318021,Private room,110,40.80343,-73.9531,2.041392685158225
14899810,Private room,80,40.77972,-73.94543,1.9030899869919435
33464005,Entire home/apt,160,40.72191,-73.97869,2.2041199826559246
19177262,Entire home/apt,90,40.86699,-73.92689,1.954242509439325
20800449,Private room,60,40.81561,-73.95393,1.7781512503836436
21656310,Private room,100,40.77976,-73.95409,2
22956809,Private room,90,40.79846,-73.94239,1.954242509439325
13426681,Entire home/apt,240,40.76216,-73.99775,2.380211241711606
18425988,Entire home/apt,100,40.73433,-73.98216,2
2997377,Private room,40,40.83383,-73.94469,1.6020599913279623
11941755,Entire home/apt,130,40.72548,-73.9857,2.113943352306837
28105759,Entire home/apt,110,40.85508,-73.92779,2.041392685158225
34788798,Private room,60,40.84433,-73.93948,1.7781512503836436
21587838,Entire home/apt,160,40.77768,-73.94998,2.2041199826559246
17512466,Entire home/apt,160,40.7502,-73.98289,2.2041199826559246
13188839,Entire home/apt,240,40.74743,-73.97945,2.380211241711606
14071193,Entire home/apt,150,40.72191,-73.98141,2.1760912590556813
19779217,Private room,100,40.72295,-73.98487,2
16312490,Private room,60,40.80392,-73.95642,1.7781512503836436
393094,Entire home/apt,220,40.70621,-74.01525,2.342422680822206
720394,Private room,120,40.80155,-73.96569,2.0791812460476247
35716058,Entire home/apt,140,40.70424,-74.00789,2.146128035678238
7174695,Entire home/apt,700,40.77614,-73.95037,2.845098040014257
33694626,Shared room,70,40.76473,-73.99003,1.845098040014257
23612855,Entire home/apt,250,40.82197,-73.94948,2.3979400086720375
10049711,Private room,90,40.76206,-73.95705,1.954242509439325
35108156,Entire home/apt,440,40.75971,-73.99256,2.6434526764861874
28228445,Entire home/apt,250,40.7838,-73.97858,2.3979400086720375
13548332,Entire home/apt,150,40.78531,-73.95683,2.1760912590556813
14555440,Private room,250,40.76104,-73.98831,2.3979400086720375
13188622,Entire home/apt,180,40.74789,-73.98057,2.255272505103306
35313296,Entire home/apt,300,40.76457,-73.98796,2.4771212547196626
5628539,Entire home/apt,210,40.74197,-73.98373,2.322219294733919
2023577,Private room,100,40.80034,-73.96638,2
35155188,Entire home/apt,180,40.73128,-74.00475,2.255272505103306
22480137,Entire home/apt,210,40.74751,-73.98725,2.322219294733919
35425682,Entire home/apt,120,40.76125,-73.98848,2.0791812460476247
295998,Entire home/apt,300,40.7909,-73.96762,2.4771212547196626
30562291,Private room,90,40.75051,-73.98625,1.954242509439325
12558307,Entire home/apt,300,40.75207,-73.97351,2.4771212547196626
19176163,Entire home/apt,100,40.72767,-73.98856,2
1174944,Entire home/apt,190,40.7252,-74.00279,2.278753600952829
246351,Entire home/apt,140,40.73834,-73.9823,2.146128035678238
28286844,Entire home/apt,140,40.71167,-74.00749,2.146128035678238
29543762,Private room,160,40.76474,-73.98187,2.2041199826559246
36087897,Entire home/apt,320,40.80618,-73.94587,2.505149978319906
2599963,Entire home/apt,100,40.75529,-73.96897,2
18599156,Entire home/apt,120,40.76435,-73.99337,2.0791812460476247
19409883,Private room,140,40.79749,-73.93336,2.146128035678238
250801,Entire home/apt,850,40.73129,-73.99944,2.929418925714293
19488137,Shared room,40,40.86438,-73.92086,1.6020599913279623
8170276,Entire home/apt,100,40.78222,-73.94791,2
2066165,Private room,40,40.82078,-73.93771,1.6020599913279623
16237773,Entire home/apt,160,40.76761,-73.95986,2.2041199826559246
1994548,Entire home/apt,150,40.77,-73.94285,2.1760912590556813
22064262,Entire home/apt,150,40.74873,-73.97664,2.1760912590556813
30766643,Entire home/apt,130,40.7493,-73.98119,2.113943352306837
1861281,Private room,1700,40.72898,-73.98051,3.230448921378274
21951077,Entire home/apt,220,40.73858,-73.99651,2.342422680822206
1105845,Entire home/apt,160,40.7457,-73.99775,2.2041199826559246
10205130,Entire home/apt,220,40.80107,-73.93656,2.342422680822206
31128175,Private room,60,40.71327,-73.99019,1.7781512503836436
25745372,Private room,120,40.72421,-73.97963,2.0791812460476247
21269377,Entire home/apt,250,40.73295,-73.992,2.3979400086720375
7265253,Shared room,50,40.70583,-74.00717,1.6989700043360187
30311572,Entire home/apt,200,40.81403,-73.94957,2.3010299956639813
32961700,Entire home/apt,220,40.77912,-73.98029,2.342422680822206
23377781,Entire home/apt,120,40.83913,-73.9461,2.0791812460476247
9610704,Private room,80,40.73436,-73.99994,1.9030899869919435
1186153,Private room,80,40.78943,-73.94726,1.9030899869919435
27409329,Private room,90,40.80874,-73.94038,1.954242509439325
9714004,Private room,200,40.76278,-73.98498,2.3010299956639813
33294626,Entire home/apt,200,40.72779,-73.99882,2.3010299956639813
11511466,Entire home/apt,300,40.77287,-73.95292,2.4771212547196626
5718494,Entire home/apt,150,40.72019,-73.99297,2.1760912590556813
36031282,Private room,130,40.75258,-73.97111,2.113943352306837
1325911,Entire home/apt,140,40.74019,-73.98115,2.146128035678238
13156126,Entire home/apt,200,40.79831,-73.96052,2.3010299956639813
32358081,Entire home/apt,160,40.76099,-73.99554,2.2041199826559246
29781691,Entire home/apt,100,40.79831,-73.94201,2
291524,Entire home/apt,210,40.77338,-73.98887,2.322219294733919
29851718,Entire home/apt,650,40.73492,-73.98079,2.8129133566428557
31120812,Private room,50,40.80556,-73.96503,1.6989700043360187
33527998,Entire home/apt,250,40.70747,-74.01226,2.3979400086720375
22325453,Private room,150,40.8041,-73.95252,2.1760912590556813
31285720,Private room,60,40.77959,-73.94685,1.7781512503836436
16965291,Private room,50,40.78068,-73.9767,1.6989700043360187
10089333,Entire home/apt,150,40.76266,-73.95989,2.1760912590556813
21811156,Entire home/apt,120,40.72456,-73.98764,2.0791812460476247
23089441,Entire home/apt,320,40.75881,-73.96295,2.505149978319906
19750905,Entire home/apt,80,40.75568,-73.96798,1.9030899869919435
14827418,Private room,120,40.72293,-73.99952,2.0791812460476247
20651136,Private room,160,40.7459,-73.99867,2.2041199826559246
17297014,Entire home/apt,160,40.73958,-73.9975,2.2041199826559246
33135391,Entire home/apt,250,40.73551,-74.00138,2.3979400086720375
16367983,Private room,200,40.72638,-73.97752,2.3010299956639813
21184304,Entire home/apt,170,40.77122,-73.95909,2.230448921378274
4881420,Entire home/apt,160,40.73933,-74.00313,2.2041199826559246
644869,Private room,80,40.8224,-73.94358,1.9030899869919435
21275645,Entire home/apt,300,40.71646,-74.01379,2.4771212547196626
21068619,Private room,80,40.80436,-73.95649,1.9030899869919435
12212943,Private room,180,40.78173,-73.94621,2.255272505103306
20758111,Entire home/apt,80,40.82673,-73.94633,1.9030899869919435
19163061,Private room,160,40.71299,-74.00972,2.2041199826559246
15396351,Entire home/apt,200,40.80854,-73.94519,2.3010299956639813
21504532,Private room,150,40.76254,-73.98812,2.1760912590556813
10020060,Entire home/apt,150,40.73004,-74.00381,2.1760912590556813
13190121,Entire home/apt,370,40.76564,-73.98367,2.568201724066995
19439790,Entire home/apt,190,40.74379,-73.99433,2.278753600952829
25823670,Entire home/apt,210,40.77669,-73.95673,2.322219294733919
30212514,Private room,200,40.75506,-73.99803,2.3010299956639813
22628116,Private room,120,40.86815,-73.92342,2.0791812460476247
13620503,Entire home/apt,400,40.72263,-74.00424,2.6020599913279625
3420648,Entire home/apt,750,40.76477,-73.98542,2.8750612633917
20794837,Private room,50,40.8204,-73.93867,1.6989700043360187
5184986,Entire home/apt,180,40.77594,-73.95584,2.255272505103306
14519882,Entire home/apt,100,40.76328,-73.9928,2
1399448,Entire home/apt,260,40.72463,-73.98938,2.4149733479708178
35921065,Private room,80,40.803,-73.93913,1.9030899869919435
12388494,Entire home/apt,200,40.768,-73.98557,2.3010299956639813
30007787,Entire home/apt,130,40.73836,-74.00128,2.113943352306837
7094110,Entire home/apt,100,40.79326,-73.93988,2
6638446,Entire home/apt,140,40.84239,-73.93574,2.146128035678238
30937740,Entire home/apt,230,40.74896,-73.97472,2.361727836017593
25545275,Private room,100,40.72077,-73.98427,2
31647134,Entire home/apt,260,40.71889,-73.99231,2.4149733479708178
2172139,Entire home/apt,340,40.77608,-73.97614,2.531478917042255
23851659,Private room,40,40.80397,-73.95615,1.6020599913279623
12004547,Entire home/apt,200,40.78466,-73.97276,2.3010299956639813
22051863,Entire home/apt,160,40.7668,-73.98428,2.2041199826559246
25428161,Entire home/apt,170,40.70587,-74.00685,2.230448921378274
13476185,Entire home/apt,140,40.76571,-73.99101,2.146128035678238
34059500,Private room,60,40.84387,-73.93969,1.7781512503836436
31963324,Private room,80,40.71416,-73.99161,1.9030899869919435
9366256,Private room,60,40.76999,-73.9477,1.7781512503836436
25190757,Entire home/apt,600,40.74123,-74.00548,2.7781512503836434
1646838,Entire home/apt,380,40.72831,-73.9987,2.57978359661681
7651459,Private room,110,40.7187,-74.00384,2.041392685158225
13562013,Entire home/apt,300,40.7719,-73.99046,2.4771212547196626
5192459,Private room,70,40.80173,-73.96625,1.845098040014257
32937132,Entire home/apt,130,40.7295,-73.98327,2.113943352306837
4777903,Entire home/apt,2400,40.71883,-74.00357,3.380211241711606
19100971,Private room,70,40.84917,-73.94048,1.845098040014257
16534037,Private room,220,40.75377,-73.97203,2.342422680822206
7417371,Private room,80,40.72411,-73.99563,1.9030899869919435
22278680,Shared room,30,40.76176,-73.94999,1.4771212547196624
5046190,Private room,80,40.77209,-73.95083,1.9030899869919435
19791924,Entire home/apt,140,40.77428,-73.95523,2.146128035678238
20918850,Entire home/apt,330,40.78747,-73.96928,2.5185139398778875
32695800,Entire home/apt,320,40.75166,-73.97323,2.505149978319906
28001862,Entire home/apt,220,40.72795,-73.97768,2.342422680822206
19222455,Entire home/apt,220,40.76373,-73.9881,2.342422680822206
10731317,Shared room,40,40.77141,-73.9534,1.6020599913279623
21550720,Private room,80,40.80169,-73.95154,1.9030899869919435
573870,Entire home/apt,120,40.78292,-73.97438,2.0791812460476247
1598863,Entire home/apt,200,40.72694,-73.98304,2.3010299956639813
34390308,Private room,80,40.8509,-73.93345,1.9030899869919435
33496293,Entire home/apt,140,40.71508,-73.97895,2.146128035678238
31244557,Private room,70,40.73136,-73.98659,1.845098040014257
20572801,Private room,80,40.792,-73.94522,1.9030899869919435
924719,Entire home/apt,200,40.72615,-73.98781,2.3010299956639813
29516678,Private room,100,40.8252,-73.95189,2
18409148,Entire home/apt,110,40.72827,-74.00083,2.041392685158225
15206331,Private room,80,40.85842,-73.92928,1.9030899869919435
5652542,Entire home/apt,120,40.85991,-73.93193,2.0791812460476247
19274206,Private room,70,40.76463,-73.9877,1.845098040014257
2071420,Entire home/apt,200,40.74374,-74.00044,2.3010299956639813
18152,Private room,200,40.76865,-73.95058,2.3010299956639813
30537221,Entire home/apt,180,40.81068,-73.9582,2.255272505103306
8401620,Private room,130,40.77915,-73.97794,2.113943352306837
23808650,Private room,80,40.79504,-73.93495,1.9030899869919435
33998274,Entire home/apt,100,40.74694,-74.0013,2
16869999,Private room,60,40.81609,-73.93663,1.7781512503836436
32347796,Entire home/apt,280,40.74112,-73.99483,2.4471580313422194
34344713,Private room,40,40.78599,-73.94256,1.6020599913279623
34061253,Entire home/apt,150,40.76461,-73.98997,2.1760912590556813
2872353,Entire home/apt,120,40.77105,-73.95727,2.0791812460476247
4788812,Entire home/apt,140,40.77917,-73.97397,2.146128035678238
22505480,Private room,130,40.79334,-73.96388,2.113943352306837
31432189,Entire home/apt,220,40.70744,-74.00819,2.342422680822206
35791289,Private room,40,40.79618,-73.96312,1.6020599913279623
7987209,Entire home/apt,1200,40.7566,-73.98329,3.0791812460476247
12786165,Private room,80,40.75094,-73.99748,1.9030899869919435
9779228,Entire home/apt,90,40.73524,-73.98812,1.954242509439325
34115136,Entire home/apt,210,40.70756,-74.01229,2.322219294733919
26658854,Private room,50,40.75369,-73.99719,1.6989700043360187
34150501,Entire home/apt,380,40.74781,-73.99436,2.57978359661681
11401884,Private room,100,40.79736,-73.94442,2
30438251,Private room,50,40.73293,-73.9946,1.6989700043360187
32239034,Entire home/apt,200,40.70651,-74.01252,2.3010299956639813
14880613,Entire home/apt,300,40.72891,-73.98868,2.4771212547196626
1478946,Entire home/apt,100,40.75029,-73.99556,2
15191225,Entire home/apt,460,40.75326,-73.97303,2.662757831681574
27398782,Entire home/apt,520,40.70448,-74.00615,2.716003343634799
13497305,Private room,70,40.81266,-73.95152,1.845098040014257
6090,Entire home/apt,120,40.7353,-74.00525,2.0791812460476247
1024135,Entire home/apt,100,40.77421,-73.9528,2
23507660,Entire home/apt,250,40.72177,-73.99205,2.3979400086720375
32528224,Entire home/apt,300,40.76211,-73.99873,2.4771212547196626
33990756,Entire home/apt,240,40.70754,-74.01206,2.380211241711606
22293394,Entire home/apt,150,40.71532,-73.99903,2.1760912590556813
35202605,Entire home/apt,250,40.7923,-73.94613,2.3979400086720375
4799245,Entire home/apt,180,40.74317,-73.97508,2.255272505103306
31055032,Entire home/apt,140,40.72956,-73.9986,2.146128035678238
13093381,Entire home/apt,220,40.74651,-74.00563,2.342422680822206
7386558,Entire home/apt,180,40.72164,-73.97927,2.255272505103306
34644063,Entire home/apt,690,40.73825,-73.98184,2.838849090737255
30503210,Entire home/apt,300,40.81275,-73.93461,2.4771212547196626
23034152,Entire home/apt,120,40.7841,-73.97468,2.0791812460476247
3462975,Entire home/apt,290,40.73476,-74.001,2.462397997898956
26014444,Entire home/apt,120,40.77844,-73.94728,2.0791812460476247
35384734,Entire home/apt,200,40.74114,-74.00358,2.3010299956639813
7343048,Entire home/apt,180,40.79708,-73.969,2.255272505103306
35710697,Entire home/apt,320,40.72513,-73.9839,2.505149978319906
18004335,Entire home/apt,150,40.78822,-73.94871,2.1760912590556813
27237623,Entire home/apt,700,40.75283,-73.96675,2.845098040014257
29331741,Entire home/apt,300,40.73327,-74.00157,2.4771212547196626
22762560,Entire home/apt,450,40.75497,-73.99788,2.6532125137753435
27237512,Entire home/apt,700,40.75239,-73.96684,2.845098040014257
31409073,Private room,90,40.82645,-73.95235,1.954242509439325
11458818,Entire home/apt,280,40.76279,-73.9854,2.4471580313422194
8089270,Entire home/apt,160,40.76511,-73.96555,2.2041199826559246
698514,Entire home/apt,250,40.73105,-74.00285,2.3979400086720375
12832371,Entire home/apt,160,40.77102,-73.95873,2.2041199826559246
32553235,Private room,120,40.73621,-73.98729,2.0791812460476247
15521674,Shared room,60,40.72228,-73.99582,1.7781512503836436
17811033,Entire home/apt,110,40.70552,-74.00941,2.041392685158225
5354632,Private room,60,40.87206,-73.92946,1.7781512503836436
18075511,Private room,80,40.844970000000004,-73.93934,1.9030899869919435
22401901,Entire home/apt,90,40.77641,-73.94616,1.954242509439325
6223929,Entire home/apt,100,40.72342,-73.99292,2
13078166,Entire home/apt,180,40.73929,-73.9999,2.255272505103306
16701087,Private room,80,40.82621,-73.95104,1.9030899869919435
16996954,Entire home/apt,220,40.77832,-73.94991,2.342422680822206
27546295,Private room,60,40.75412,-73.99651,1.7781512503836436
13513738,Entire home/apt,130,40.81454,-73.93616,2.113943352306837
20171179,Private room,60,40.81078,-73.944820000000007,1.7781512503836436
11742647,Private room,100,40.73586,-73.98028,2
2405505,Entire home/apt,400,40.73618,-74.00256,2.6020599913279625
115535,Private room,60,40.82399,-73.95328,1.7781512503836436
5491149,Entire home/apt,170,40.76272,-73.96775,2.230448921378274
24600833,Private room,120,40.72839,-73.99983,2.0791812460476247
28703204,Private room,80,40.7404,-74.00497,1.9030899869919435
25187314,Entire home/apt,100,40.80142,-73.9575,2
20504269,Private room,100,40.76538,-73.98711,2
18655815,Private room,70,40.79939,-73.96752,1.845098040014257
2771877,Entire home/apt,150,40.78694,-73.97384,2.1760912590556813
271954,Entire home/apt,150,40.73388,-73.99452,2.1760912590556813
34962979,Entire home/apt,150,40.77821,-73.95504,2.1760912590556813
14683983,Entire home/apt,670,40.75294,-73.9733,2.8260748027008264
538344,Entire home/apt,200,40.72924,-73.98113,2.3010299956639813
2273733,Private room,180,40.73357,-73.99767,2.255272505103306
34866737,Entire home/apt,200,40.7075,-74.00853,2.3010299956639813
20486011,Private room,70,40.79971,-73.95175,1.845098040014257
13685932,Private room,150,40.76609,-73.99305,2.1760912590556813
35215644,Entire home/apt,280,40.71083,-74.00803,2.4471580313422194
17045905,Entire home/apt,120,40.72425,-73.98976,2.0791812460476247
2033866,Entire home/apt,290,40.72635,-73.97595,2.462397997898956
22066317,Private room,50,40.79722,-73.96205,1.6989700043360187
19409691,Entire home/apt,120,40.77366,-73.95755,2.0791812460476247
13970217,Entire home/apt,220,40.76036,-73.96462,2.342422680822206
17571026,Entire home/apt,220,40.71862,-73.98405,2.342422680822206
34138100,Entire home/apt,260,40.70586,-74.00904,2.4149733479708178
35226973,Entire home/apt,900,40.78192,-73.97959,2.9542425094393248
3811757,Entire home/apt,120,40.73923,-73.98589,2.0791812460476247
5061165,Private room,80,40.83554,-73.93849,1.9030899869919435
10165064,Entire home/apt,160,40.79437,-73.97152,2.2041199826559246
19272890,Entire home/apt,230,40.7765,-73.97914,2.361727836017593
11491696,Entire home/apt,250,40.78838,-73.97892,2.3979400086720375
27569888,Private room,90,40.85199,-73.93701,1.954242509439325
27387238,Entire home/apt,200,40.7525,-73.96683,2.3010299956639813
756892,Entire home/apt,120,40.75982,-73.96521,2.0791812460476247
14932887,Entire home/apt,200,40.76021,-73.99969,2.3010299956639813
33580008,Entire home/apt,500,40.7075,-74.01179,2.6989700043360187
4209595,Entire home/apt,220,40.73473,-73.99244,2.342422680822206
2739420,Entire home/apt,100,40.80966,-73.94711,2
19544404,Entire home/apt,120,40.72119,-73.98738,2.0791812460476247
31671043,Entire home/apt,110,40.78966,-73.9776,2.041392685158225
36307792,Private room,70,40.72797,-73.98155,1.845098040014257
30700892,Private room,90,40.80822,-73.94051,1.954242509439325
21983211,Private room,130,40.76535,-73.98765,2.113943352306837
1480002,Private room,120,40.71862,-73.99154,2.0791812460476247
25135765,Entire home/apt,220,40.81185,-73.93902,2.342422680822206
33782555,Shared room,50,40.71483,-73.99801,1.6989700043360187
35653871,Private room,100,40.73775,-73.97368,2
20753634,Entire home/apt,180,40.7507,-73.97086,2.255272505103306
2833998,Private room,60,40.80925,-73.94226,1.7781512503836436
35144255,Entire home/apt,580,40.7154,-73.98301,2.7634279935629373
34999260,Entire home/apt,300,40.7443,-73.97277,2.4771212547196626
35607797,Entire home/apt,180,40.74419,-73.97195,2.255272505103306
9931841,Private room,40,40.82198,-73.95418,1.6020599913279623
30129493,Entire home/apt,240,40.70636,-74.0096,2.380211241711606
30182137,Entire home/apt,130,40.7719,-73.95521,2.113943352306837
24627684,Entire home/apt,180,40.7446,-73.98399,2.255272505103306
22291736,Entire home/apt,220,40.76565,-73.98708,2.342422680822206
22462797,Entire home/apt,150,40.76938,-73.96732,2.1760912590556813
9619848,Entire home/apt,200,40.79686,-73.9459,2.3010299956639813
19787245,Entire home/apt,160,40.76937,-73.95745,2.2041199826559246
16086382,Entire home/apt,170,40.73073,-73.98652,2.230448921378274
32511315,Entire home/apt,150,40.78028,-73.95528,2.1760912590556813
8993461,Private room,90,40.72477,-73.98836,1.954242509439325
21815831,Private room,170,40.76617,-73.9883,2.230448921378274
8521692,Entire home/apt,330,40.72903,-73.98938,2.5185139398778875
6106544,Entire home/apt,80,40.75621,-73.96802,1.9030899869919435
6660373,Private room,40,40.79131,-73.94344,1.6020599913279623
28563801,Entire home/apt,250,40.82195,-73.9368,2.3979400086720375
18358606,Entire home/apt,200,40.79126,-73.94663,2.3010299956639813
3240838,Private room,60,40.74059,-73.97953,1.7781512503836436
30691909,Entire home/apt,170,40.76333,-73.98917,2.230448921378274
22082124,Entire home/apt,200,40.77445,-73.94783,2.3010299956639813
22796694,Private room,70,40.81376,-73.95354,1.845098040014257
250323,Entire home/apt,120,40.71582,-73.99902,2.0791812460476247
17554981,Entire home/apt,130,40.7979,-73.96024,2.113943352306837
30159383,Entire home/apt,450,40.7843,-73.95745,2.6532125137753435
17070038,Private room,50,40.80379,-73.94434,1.6989700043360187
4296291,Entire home/apt,80,40.78907,-73.94877,1.9030899869919435
23377410,Entire home/apt,8500,40.72197,-74.00633,3.929418925714293
16916510,Private room,60,40.80766,-73.96594,1.7781512503836436
34453828,Private room,100,40.75679,-73.98726,2
22994960,Private room,120,40.74827,-73.97851,2.0791812460476247
7431316,Private room,40,40.83523,-73.9398,1.6020599913279623
21751524,Entire home/apt,150,40.77842,-73.95903,2.1760912590556813
1620248,Entire home/apt,10,40.73051,-73.9814,1
303345,Entire home/apt,90,40.79596,-73.94463,1.954242509439325
22438808,Entire home/apt,160,40.72555,-73.98247,2.2041199826559246
15314054,Entire home/apt,1000,40.78065,-73.98253,3
27172827,Entire home/apt,130,40.77979,-73.95297,2.113943352306837
18254225,Entire home/apt,250,40.76658,-73.99335,2.3979400086720375
25012767,Private room,80,40.74153,-73.9797,1.9030899869919435
1530919,Entire home/apt,150,40.71908,-73.99976,2.1760912590556813
35634901,Entire home/apt,250,40.76355,-73.98102,2.3979400086720375
6493288,Entire home/apt,300,40.76571,-73.98023,2.4771212547196626
13207586,Entire home/apt,120,40.7722,-73.95272,2.0791812460476247
16261522,Private room,50,40.81943,-73.9387,1.6989700043360187
18005835,Private room,150,40.72886,-73.9883,2.1760912590556813
22122354,Entire home/apt,150,40.78233,-73.98415,2.1760912590556813
23840461,Private room,40,40.82381,-73.94582,1.6020599913279623
9594995,Entire home/apt,150,40.82458,-73.95038,2.1760912590556813
27189113,Entire home/apt,220,40.73692,-74.00531,2.342422680822206
30393689,Entire home/apt,300,40.72256,-73.98544,2.4771212547196626
739239,Entire home/apt,170,40.78674,-73.97243,2.230448921378274
30193034,Entire home/apt,680,40.754,-73.96531,2.832508912706236
29804415,Entire home/apt,180,40.72977,-73.97895,2.255272505103306
31265925,Entire home/apt,300,40.74891,-73.99573,2.4771212547196626
29052179,Entire home/apt,850,40.75866,-73.98535,2.929418925714293
21038881,Entire home/apt,250,40.72091,-73.99531,2.3979400086720375
32466246,Entire home/apt,170,40.74927,-73.9739,2.230448921378274
9457917,Entire home/apt,70,40.74404,-73.97564,1.845098040014257
12114756,Entire home/apt,140,40.78216,-73.9835,2.146128035678238
18768741,Entire home/apt,150,40.74819,-73.976,2.1760912590556813
13881920,Entire home/apt,150,40.73478,-73.99791,2.1760912590556813
34543734,Entire home/apt,280,40.77791,-73.98043,2.4471580313422194
2028391,Entire home/apt,400,40.72329,-73.9981,2.6020599913279625
27149449,Entire home/apt,220,40.75019,-73.97045,2.342422680822206
12321473,Entire home/apt,200,40.73064,-73.99937,2.3010299956639813
17120052,Private room,120,40.7252,-73.98339,2.0791812460476247
6784171,Private room,110,40.71968,-73.9968,2.041392685158225
30691717,Private room,160,40.72446,-73.99966,2.2041199826559246
21755486,Private room,100,40.80791,-73.947,2
293004,Entire home/apt,110,40.80497,-73.95146,2.041392685158225
3984168,Entire home/apt,170,40.73256,-73.98558,2.230448921378274
435774,Entire home/apt,260,40.70633,-74.00974,2.4149733479708178
19070571,Private room,50,40.80746,-73.94001,1.6989700043360187
22086518,Private room,250,40.73983,-74.009,2.3979400086720375
30193183,Entire home/apt,680,40.75232,-73.96696,2.832508912706236
29440688,Private room,100,40.7487,-73.99678,2
14682338,Private room,180,40.82626,-73.93831,2.255272505103306
29672090,Entire home/apt,120,40.71415,-73.99255,2.0791812460476247
22374967,Entire home/apt,160,40.74816,-73.98676,2.2041199826559246
16112503,Entire home/apt,300,40.7324,-73.99708,2.4771212547196626
289020,Entire home/apt,180,40.72948,-73.98694,2.255272505103306
20243718,Private room,50,40.80024,-73.96826,1.6989700043360187
34262617,Private room,130,40.75843,-73.97053,2.113943352306837
30394541,Entire home/apt,300,40.74423,-74.0026,2.4771212547196626
18134537,Entire home/apt,250,40.77777,-73.97939,2.3979400086720375
6559926,Entire home/apt,240,40.77205,-73.95339,2.380211241711606
28181805,Shared room,40,40.82162,-73.94902,1.6020599913279623
3540370,Private room,130,40.72673,-73.98004,2.113943352306837
31502639,Private room,80,40.82049,-73.94505,1.9030899869919435
36134580,Entire home/apt,200,40.71989,-73.98459,2.3010299956639813
9736227,Entire home/apt,500,40.76,-73.98972,2.6989700043360187
29512260,Entire home/apt,300,40.81223,-73.95284,2.4771212547196626
8339140,Entire home/apt,140,40.71631,-73.99694,2.146128035678238
27954057,Private room,90,40.7887,-73.9414,1.954242509439325
34370061,Private room,200,40.75861,-73.98231,2.3010299956639813
5763191,Shared room,70,40.7726,-73.97928,1.845098040014257
33020831,Entire home/apt,250,40.77278,-73.98068,2.3979400086720375
36142219,Entire home/apt,150,40.77352,-73.94693,2.1760912590556813
28985708,Entire home/apt,180,40.72174,-73.995590000000007,2.255272505103306
22466315,Entire home/apt,170,40.72147,-73.99181,2.230448921378274
3638852,Private room,80,40.72135,-73.98,1.9030899869919435
16310817,Private room,80,40.72167,-73.99075,1.9030899869919435
4232356,Entire home/apt,150,40.77065,-73.95163,2.1760912590556813
23606468,Private room,100,40.71374,-73.98907,2
26430182,Entire home/apt,250,40.78866,-73.9507,2.3979400086720375
13686914,Private room,60,40.75257,-73.97148,1.7781512503836436
8566656,Entire home/apt,130,40.81951,-73.93715,2.113943352306837
34491916,Private room,100,40.76113,-73.9818,2
27958825,Entire home/apt,390,40.76511,-73.98714,2.591064607026499
34678944,Private room,80,40.7176,-73.99728,1.9030899869919435
6679063,Private room,130,40.75885,-73.99584,2.113943352306837
22734483,Entire home/apt,150,40.77207,-73.95599,2.1760912590556813
29899574,Entire home/apt,520,40.70421,-74.00962,2.716003343634799
15018646,Private room,380,40.75233,-73.97137,2.57978359661681
10858150,Entire home/apt,300,40.72633,-73.98068,2.4771212547196626
13715977,Private room,50,40.81818,-73.93905,1.6989700043360187
20827640,Entire home/apt,180,40.70849,-74.01486,2.255272505103306
21661580,Entire home/apt,120,40.7827,-73.94537,2.0791812460476247
1107092,Entire home/apt,650,40.74052,-73.97907,2.8129133566428557
27021428,Entire home/apt,320,40.75762,-73.98486,2.505149978319906
387324,Private room,70,40.74238,-73.98122,1.845098040014257
22636548,Entire home/apt,220,40.86958,-73.9172,2.342422680822206
8075854,Entire home/apt,180,40.75513,-73.96446,2.255272505103306
22705963,Private room,70,40.74476,-73.9755,1.845098040014257
31389369,Entire home/apt,200,40.72672,-74.00066,2.3010299956639813
22169350,Entire home/apt,130,40.74649,-73.98684,2.113943352306837
22338452,Entire home/apt,180,40.72813,-73.98132,2.255272505103306
30086617,Entire home/apt,160,40.7947,-73.94115,2.2041199826559246
24540842,Entire home/apt,250,40.76487,-73.97857,2.3979400086720375
13313377,Private room,80,40.71552,-73.99731,1.9030899869919435
24077483,Private room,110,40.76499,-73.98888,2.041392685158225
10039579,Entire home/apt,230,40.81184,-73.94287,2.361727836017593
35533434,Private room,100,40.7207,-74.00034,2
19885344,Private room,90,40.83495,-73.94406,1.954242509439325
24906924,Entire home/apt,150,40.71694,-74.00076,2.1760912590556813
24857436,Private room,50,40.80078,-73.96394,1.6989700043360187
3741405,Entire home/apt,150,40.81217,-73.95303,2.1760912590556813
19297780,Entire home/apt,60,40.82452,-73.94499,1.7781512503836436
34286519,Entire home/apt,150,40.76447,-73.96509,2.1760912590556813
1908767,Private room,120,40.72745,-73.98344,2.0791812460476247
12774975,Private room,50,40.81934,-73.95668,1.6989700043360187
26010424,Entire home/apt,100,40.86903,-73.91825,2
10564375,Entire home/apt,180,40.74666,-74.00201,2.255272505103306
35867271,Entire home/apt,230,40.74801,-73.98592,2.361727836017593
20970844,Entire home/apt,110,40.77406,-73.94788,2.041392685158225
29676028,Entire home/apt,170,40.71431,-73.99275,2.230448921378274
4727889,Entire home/apt,130,40.74578,-73.98076,2.113943352306837
5659204,Private room,80,40.83514,-73.94334,1.9030899869919435
5418312,Entire home/apt,120,40.76181,-73.96127,2.0791812460476247
24960138,Entire home/apt,300,40.71686,-74.00484,2.4771212547196626
36178893,Entire home/apt,220,40.73061,-73.98409,2.342422680822206
21094894,Entire home/apt,270,40.76842,-73.99109,2.4313637641589874
3891370,Entire home/apt,200,40.722410000000004,-73.99592,2.3010299956639813
8651887,Private room,50,40.85041,-73.92645,1.6989700043360187
34650667,Entire home/apt,260,40.76383,-73.98704,2.4149733479708178
31521732,Private room,80,40.81981,-73.95353,1.9030899869919435
11801984,Private room,120,40.77189,-73.9554,2.0791812460476247
7205945,Entire home/apt,160,40.73525,-74.00217,2.2041199826559246
6509750,Entire home/apt,380,40.7837,-73.97851,2.57978359661681
22775929,Entire home/apt,180,40.72406,-73.98275,2.255272505103306
16004758,Entire home/apt,110,40.76435,-73.95782,2.041392685158225
30904215,Entire home/apt,350,40.7413,-74.00429,2.5440680443502757
27279645,Private room,110,40.76037,-73.9917,2.041392685158225
4620962,Entire home/apt,200,40.79293,-73.97126,2.3010299956639813
35903155,Entire home/apt,450,40.72123,-73.97884,2.6532125137753435
30775624,Private room,60,40.83701,-73.94577,1.7781512503836436
22097438,Entire home/apt,140,40.78281,-73.94516,2.146128035678238
32678718,Private room,500,40.75781,-73.98903,2.6989700043360187
837282,Entire home/apt,240,40.71969,-74.00876,2.380211241711606
3468486,Entire home/apt,70,40.80409,-73.93988,1.845098040014257
32441428,Private room,80,40.79876,-73.93802,1.9030899869919435
5475870,Private room,100,40.76909,-73.98639,2
290457,Entire home/apt,140,40.71283,-73.99703,2.146128035678238
13761654,Private room,70,40.72144,-73.98655,1.845098040014257
2145759,Private room,70,40.76141,-73.96273,1.845098040014257
17549299,Entire home/apt,380,40.76407,-73.99322,2.57978359661681
16205219,Private room,60,40.80793,-73.95799,1.7781512503836436
23544588,Entire home/apt,290,40.74016,-73.98735,2.462397997898956
27758379,Entire home/apt,290,40.73223,-74.00499,2.462397997898956
16068281,Private room,100,40.71608,-73.99233,2
990529,Private room,350,40.75136,-73.97076,2.5440680443502757
7955889,Private room,70,40.82036,-73.94219,1.845098040014257
35757611,Entire home/apt,200,40.71013,-74.00511,2.3010299956639813
11842127,Entire home/apt,420,40.79622,-73.96988,2.6232492903979003
5590966,Private room,70,40.82778,-73.94884,1.845098040014257
30728885,Private room,180,40.70822,-74.00885,2.255272505103306
31802275,Private room,50,40.82297,-73.93948,1.6989700043360187
19270160,Entire home/apt,220,40.76227,-73.99035,2.342422680822206
35496484,Entire home/apt,280,40.76369,-73.991,2.4471580313422194
31458142,Entire home/apt,140,40.74343,-73.98147,2.146128035678238
795680,Entire home/apt,100,40.7666,-73.95903,2
33247707,Entire home/apt,150,40.72958,-73.98569,2.1760912590556813
35031778,Entire home/apt,400,40.71949,-73.98607,2.6020599913279625
15344749,Private room,100,40.71305,-73.99443,2
744228,Entire home/apt,150,40.80145,-73.95572,2.1760912590556813
9842363,Entire home/apt,280,40.7088,-74.01455,2.4471580313422194
33500813,Entire home/apt,160,40.78499,-73.94588,2.2041199826559246
30453281,Private room,50,40.84878,-73.93449,1.6989700043360187
1919766,Private room,60,40.82438,-73.94332,1.7781512503836436
8900026,Entire home/apt,450,40.74339,-73.99414,2.6532125137753435
9589179,Entire home/apt,140,40.72097,-73.99605,2.146128035678238
26895683,Private room,150,40.76339,-73.98866,2.1760912590556813
8916387,Entire home/apt,130,40.77757,-73.97932,2.113943352306837
28715589,Entire home/apt,150,40.75064,-73.99536,2.1760912590556813
33685563,Entire home/apt,230,40.73792,-74.00063,2.361727836017593
7035513,Entire home/apt,150,40.77098,-73.95034,2.1760912590556813
5525510,Private room,60,40.71705,-73.99668,1.7781512503836436
22651464,Entire home/apt,200,40.77719,-73.9529,2.3010299956639813
10166883,Entire home/apt,180,40.79805,-73.93943,2.255272505103306
34993569,Entire home/apt,290,40.78948,-73.97228,2.462397997898956
13567393,Private room,100,40.77567,-73.9786,2
12888052,Entire home/apt,260,40.76152,-73.98678,2.4149733479708178
9707671,Private room,140,40.76675,-73.95144,2.146128035678238
35282511,Entire home/apt,150,40.78085,-73.97508,2.1760912590556813
133025,Private room,130,40.7463,-73.97926,2.113943352306837
4121173,Entire home/apt,150,40.70499,-74.00819,2.1760912590556813
10544239,Private room,130,40.72997,-73.98633,2.113943352306837
24736896,Private room,100,40.71094,-73.99305,2
6226794,Private room,100,40.76449,-73.96169,2
8192768,Private room,120,40.80577,-73.94708,2.0791812460476247
31799369,Entire home/apt,700,40.73271,-74.00324,2.845098040014257
1072212,Private room,50,40.825,-73.94132,1.6989700043360187
24727443,Entire home/apt,200,40.72975,-74.00157,2.3010299956639813
17450190,Private room,60,40.75001,-73.98629,1.7781512503836436
31986426,Entire home/apt,250,40.74415,-73.99483,2.3979400086720375
22465657,Entire home/apt,220,40.7224,-73.992679999999993,2.342422680822206
32575481,Private room,70,40.8524,-73.94214,1.845098040014257
18822687,Private room,70,40.70833,-74.01068,1.845098040014257
30937598,Entire home/apt,190,40.76079,-73.99807,2.278753600952829
13998223,Entire home/apt,150,40.81217,-73.94692,2.1760912590556813
33633853,Entire home/apt,300,40.76248,-73.98937,2.4771212547196626
12511986,Private room,90,40.81614,-73.94429,1.954242509439325
23001611,Entire home/apt,350,40.72968,-73.98073,2.5440680443502757
30369652,Entire home/apt,180,40.78687,-73.97189,2.255272505103306
34198108,Private room,130,40.75029,-73.99492,2.113943352306837
11752905,Entire home/apt,150,40.75573,-73.96835,2.1760912590556813
34868859,Entire home/apt,310,40.74409,-73.97605,2.4913616938342726
26526269,Private room,100,40.76506,-73.94662,2
7480520,Entire home/apt,220,40.73925,-74,2.342422680822206
22294028,Private room,80,40.82258,-73.95368,1.9030899869919435
23120062,Private room,100,40.7592,-73.97017,2
21488093,Entire home/apt,750,40.76719,-73.96973,2.8750612633917
16041091,Entire home/apt,180,40.77105,-73.9863,2.255272505103306
33431709,Shared room,40,40.80073,-73.94328,1.6020599913279623
20857108,Entire home/apt,180,40.74814,-73.97554,2.255272505103306
9014320,Private room,100,40.72247,-73.98435,2
24520558,Entire home/apt,140,40.70533,-74.00923,2.146128035678238
4128603,Entire home/apt,180,40.72884,-73.98277,2.255272505103306
34207022,Private room,130,40.74975,-73.9961,2.113943352306837
7024079,Private room,50,40.80395,-73.96531,1.6989700043360187
29083751,Private room,120,40.72614,-74.00076,2.0791812460476247
6197915,Entire home/apt,100,40.72182,-73.99263,2
5117339,Private room,140,40.78648,-73.9692,2.146128035678238
30130483,Entire home/apt,270,40.76481,-73.9922,2.4313637641589874
29754946,Entire home/apt,160,40.74633,-73.97586,2.2041199826559246
23903960,Entire home/apt,300,40.7612,-73.98886,2.4771212547196626
21176110,Entire home/apt,120,40.81042,-73.94717,2.0791812460476247
9885430,Entire home/apt,150,40.73194,-74.00241,2.1760912590556813
11827224,Entire home/apt,130,40.73755,-73.98041,2.113943352306837
34749214,Entire home/apt,180,40.73501,-74.00835,2.255272505103306
14141215,Private room,70,40.71795,-73.98553,1.845098040014257
25012966,Entire home/apt,140,40.71339,-73.98684,2.146128035678238
34492121,Entire home/apt,290,40.79957,-73.94212,2.462397997898956
13415100,Entire home/apt,180,40.74439,-73.98125,2.255272505103306
30295136,Entire home/apt,220,40.73237,-73.98495,2.342422680822206
28409399,Private room,130,40.77878,-73.95694,2.113943352306837
25264929,Private room,150,40.8681,-73.92434,2.1760912590556813
21139869,Private room,120,40.74274,-73.97918,2.0791812460476247
22229244,Private room,20,40.72184,-73.99452,1.3010299956639813
32224530,Entire home/apt,250,40.75977,-73.99062,2.3979400086720375
9444324,Entire home/apt,110,40.7894,-73.9762,2.041392685158225
422040,Private room,100,40.77995,-73.98342,2
152078,Private room,100,40.72674,-73.9782,2
13135904,Entire home/apt,100,40.75855,-73.98931,2
13235417,Entire home/apt,150,40.72515,-74.00182,2.1760912590556813
15035565,Entire home/apt,200,40.81438,-73.95183,2.3010299956639813
15037251,Private room,100,40.77201,-73.97994,2
33295329,Entire home/apt,120,40.74197,-73.99703,2.0791812460476247
16071397,Private room,60,40.73257,-73.98234,1.7781512503836436
8254405,Private room,40,40.82205,-73.9467,1.6020599913279623
35005222,Entire home/apt,400,40.79837,-73.96061,2.6020599913279625
772362,Entire home/apt,160,40.76078,-73.99076,2.2041199826559246
32590874,Entire home/apt,230,40.74734,-73.97438,2.361727836017593
14057678,Private room,120,40.74465,-73.99883,2.0791812460476247
20935388,Entire home/apt,220,40.72232,-73.98055,2.342422680822206
9645073,Entire home/apt,270,40.73857,-73.98335,2.4313637641589874
2183423,Entire home/apt,160,40.81333,-73.94194,2.2041199826559246
33831120,Entire home/apt,240,40.70761,-74.01078,2.380211241711606
2142130,Entire home/apt,220,40.71978,-73.98643,2.342422680822206
32121725,Entire home/apt,200,40.75943,-73.98756,2.3010299956639813
993040,Entire home/apt,100,40.8278,-73.94891,2
18476474,Private room,90,40.82444,-73.94525,1.954242509439325
23623267,Entire home/apt,180,40.70615,-74.01719,2.255272505103306
20565375,Entire home/apt,320,40.79674,-73.94674,2.505149978319906
1180157,Private room,40,40.80393,-73.94046,1.6020599913279623
16337047,Private room,60,40.79639,-73.93319,1.7781512503836436
17108306,Private room,90,40.78471,-73.95054,1.954242509439325
32241235,Entire home/apt,240,40.70727,-74.01026,2.380211241711606
7404540,Private room,100,40.73774,-73.97343,2
28008005,Private room,150,40.74336,-73.97628,2.1760912590556813
30157585,Private room,50,40.82894,-73.94568,1.6989700043360187
2060720,Entire home/apt,110,40.75184,-73.97199,2.041392685158225
32870169,Entire home/apt,200,40.73341,-74.00444,2.3010299956639813
12105132,Entire home/apt,160,40.705,-74.00682,2.2041199826559246
19296358,Private room,70,40.75743,-73.99638,1.845098040014257
26532770,Private room,250,40.75945,-73.99344,2.3979400086720375
22079387,Entire home/apt,300,40.74494,-73.99762,2.4771212547196626
23612962,Entire home/apt,120,40.70438,-74.00856,2.0791812460476247
31176662,Entire home/apt,250,40.72467,-73.98878,2.3979400086720375
4620262,Private room,60,40.71954,-73.9975,1.7781512503836436
30088327,Entire home/apt,200,40.71022,-73.99163,2.3010299956639813
454763,Entire home/apt,100,40.86717,-73.9194,2
16018094,Private room,900,40.75381,-73.97125,2.9542425094393248
29947091,Private room,40,40.79768,-73.93455,1.6020599913279623
32494991,Entire home/apt,210,40.77883,-73.9505,2.322219294733919
30394179,Entire home/apt,380,40.73005,-74.00208,2.57978359661681
23743988,Entire home/apt,150,40.7943,-73.967,2.1760912590556813
30552071,Private room,550,40.76399,-73.97718,2.7403626894942437
24186601,Entire home/apt,140,40.77456,-73.94602,2.146128035678238
28439572,Entire home/apt,280,40.72615,-74.00325,2.4471580313422194
7222354,Private room,90,40.76446,-73.95603,1.954242509439325
1136399,Entire home/apt,200,40.72404,-73.99529,2.3010299956639813
35800046,Entire home/apt,1100,40.77587,-73.95308,3.041392685158225
34922682,Entire home/apt,550,40.74324,-73.98329,2.7403626894942437
9549937,Entire home/apt,260,40.72011,-73.99729,2.4149733479708178
33470580,Entire home/apt,100,40.86774,-73.92401,2
2931859,Entire home/apt,130,40.73704,-74.01049,2.113943352306837
1166339,Entire home/apt,240,40.78571,-73.97149,2.380211241711606
13733036,Entire home/apt,120,40.71709,-73.99628,2.0791812460476247
13765918,Entire home/apt,200,40.7257,-73.98635,2.3010299956639813
36189195,Entire home/apt,3000,40.75533,-73.99866,3.4771212547196626
35570396,Private room,90,40.8129,-73.94391,1.954242509439325
30122033,Entire home/apt,380,40.77355,-73.99084,2.57978359661681
29002099,Private room,100,40.71824,-73.99796,2
35344556,Entire home/apt,280,40.75606,-73.99374,2.4471580313422194
17510139,Entire home/apt,200,40.76501,-73.98312,2.3010299956639813
35196873,Private room,100,40.80176,-73.95663,2
24357412,Entire home/apt,170,40.77021,-73.95173,2.230448921378274
5792453,Entire home/apt,180,40.73141,-73.98737,2.255272505103306
19524083,Entire home/apt,200,40.77969,-73.98747,2.3010299956639813
3052726,Entire home/apt,300,40.78576,-73.97594,2.4771212547196626
28133769,Private room,70,40.79726,-73.93164,1.845098040014257
21220573,Entire home/apt,160,40.75649,-73.97126,2.2041199826559246
1178389,Entire home/apt,70,40.8506,-73.94023,1.845098040014257
26465413,Private room,120,40.75486,-73.97252,2.0791812460476247
22455181,Private room,90,40.73089,-73.98429,1.954242509439325
14815997,Entire home/apt,200,40.77273,-73.96344,2.3010299956639813
16969156,Entire home/apt,180,40.75784,-73.96088,2.255272505103306
14738709,Entire home/apt,400,40.76025,-73.99811,2.6020599913279625
8973682,Private room,100,40.80101,-73.96076,2
19309279,Private room,70,40.71453,-73.98679,1.845098040014257
20006934,Entire home/apt,280,40.76621,-73.98516,2.4471580313422194
18175675,Entire home/apt,350,40.71893,-74.0033,2.5440680443502757
32241163,Entire home/apt,200,40.70649,-74.01208,2.3010299956639813
17280743,Entire home/apt,300,40.76579,-73.97701,2.4771212547196626
6654202,Entire home/apt,140,40.74522,-73.97505,2.146128035678238
21981789,Private room,90,40.7128,-73.99045,1.954242509439325
30393527,Entire home/apt,330,40.72303,-73.98545,2.5185139398778875
9066389,Entire home/apt,190,40.72004,-73.99026,2.278753600952829
6044268,Entire home/apt,200,40.71111,-74.01567,2.3010299956639813
28568117,Private room,200,40.82445,-73.95218,2.3010299956639813
16420915,Entire home/apt,230,40.78446,-73.97189,2.361727836017593
12430153,Entire home/apt,80,40.78054,-73.97779,1.9030899869919435
13129533,Private room,60,40.81777,-73.9535,1.7781512503836436
18264659,Private room,40,40.82341,-73.94444,1.6020599913279623
5857212,Private room,120,40.76348,-73.99344,2.0791812460476247
33830298,Private room,60,40.79972,-73.96107,1.7781512503836436
1741622,Entire home/apt,90,40.76358,-73.95895,1.954242509439325
16333699,Private room,40,40.83036,-73.94346,1.6020599913279623
14357698,Entire home/apt,240,40.78411,-73.97721,2.380211241711606
239055,Entire home/apt,300,40.71892,-73.99628,2.4771212547196626
6029987,Entire home/apt,120,40.84305,-73.94045,2.0791812460476247
13233856,Private room,110,40.79643,-73.97188,2.041392685158225
16297779,Entire home/apt,580,40.74735,-73.99974,2.7634279935629373
418291,Private room,120,40.72978,-73.9793,2.0791812460476247
27061785,Private room,190,40.7348,-73.98312,2.278753600952829
14451686,Entire home/apt,200,40.73435,-74.0066,2.3010299956639813
9820308,Private room,70,40.75992,-73.9879,1.845098040014257
24497202,Entire home/apt,120,40.74471,-73.98027,2.0791812460476247
2451647,Private room,80,40.72598,-73.97778,1.9030899869919435
28125509,Private room,80,40.79103,-73.97632,1.9030899869919435
19635738,Shared room,250,40.73978,-73.9963,2.3979400086720375
19928987,Private room,250,40.7593,-73.95967,2.3979400086720375
7438254,Private room,90,40.80649,-73.95565,1.954242509439325
13667440,Private room,90,40.75571,-73.99594,1.954242509439325
30172902,Private room,80,40.71284,-73.98861,1.9030899869919435
20250864,Private room,40,40.74648,-73.99286,1.6020599913279623
17665855,Entire home/apt,200,40.86461,-73.92363,2.3010299956639813
10154762,Shared room,60,40.79637,-73.96996,1.7781512503836436
177495,Entire home/apt,430,40.73939,-73.99612,2.6334684555795866
27215807,Entire home/apt,550,40.76182,-73.99771,2.7403626894942437
29923634,Entire home/apt,280,40.76239,-73.97444,2.4471580313422194
11030761,Entire home/apt,190,40.72794,-73.98731,2.278753600952829
21899794,Entire home/apt,120,40.74416,-73.97702,2.0791812460476247
13217609,Private room,150,40.80991,-73.94597,2.1760912590556813
34515538,Private room,120,40.85762,-73.93175,2.0791812460476247
13615270,Entire home/apt,160,40.76885,-73.96472,2.2041199826559246
34714078,Entire home/apt,110,40.70826,-74.00475,2.041392685158225
30392517,Entire home/apt,280,40.73774,-73.99725,2.4471580313422194
1914231,Entire home/apt,140,40.81056,-73.943,2.146128035678238
26519461,Entire home/apt,220,40.73524,-73.99259,2.342422680822206
17938814,Entire home/apt,120,40.7729,-73.95738,2.0791812460476247
11800108,Entire home/apt,120,40.78226,-73.95332,2.0791812460476247
27459543,Entire home/apt,260,40.79285,-73.9676,2.4149733479708178
6678277,Entire home/apt,140,40.74912,-73.98007,2.146128035678238
22331268,Entire home/apt,220,40.7375,-74.00493,2.342422680822206
4493526,Private room,150,40.73647,-73.99814,2.1760912590556813
26158157,Entire home/apt,290,40.7298,-73.99838,2.462397997898956
35154803,Private room,400,40.7655,-73.98237,2.6020599913279625
19163888,Entire home/apt,100,40.77541,-73.95083,2
29329429,Entire home/apt,200,40.78461,-73.97801,2.3010299956639813
26326115,Private room,80,40.79486,-73.94038,1.9030899869919435
31340743,Private room,200,40.75599,-73.99185,2.3010299956639813
4483117,Private room,70,40.77473,-73.94859,1.845098040014257
14882046,Entire home/apt,200,40.80697,-73.945,2.3010299956639813
30459588,Shared room,30,40.82071,-73.95359,1.4771212547196624
12684755,Private room,100,40.72042,-73.99844,2
19416433,Entire home/apt,130,40.76037,-73.98747,2.113943352306837
9475907,Entire home/apt,150,40.71124,-74.00834,2.1760912590556813
4756297,Entire home/apt,200,40.73348,-73.98562,2.3010299956639813
3605896,Private room,60,40.84464,-73.9355,1.7781512503836436
1952271,Entire home/apt,130,40.80009,-73.97009,2.113943352306837
6345728,Entire home/apt,190,40.73109,-73.99411,2.278753600952829
33334633,Entire home/apt,320,40.7476,-73.97632,2.505149978319906
22344445,Private room,150,40.75829,-73.98833,2.1760912590556813
29464105,Private room,120,40.74945,-73.98762,2.0791812460476247
31055254,Entire home/apt,100,40.75094,-73.981,2
12522024,Entire home/apt,200,40.72626,-73.9894,2.3010299956639813
13707813,Private room,60,40.82,-73.95331,1.7781512503836436
32541389,Entire home/apt,240,40.73512,-73.98614,2.380211241711606
14334508,Entire home/apt,110,40.74706,-73.97355,2.041392685158225
30229988,Entire home/apt,250,40.75421,-73.96834,2.3979400086720375
35742470,Entire home/apt,450,40.7509,-73.98557,2.6532125137753435
5015281,Entire home/apt,1000,40.73661,-73.98706,3
9314139,Entire home/apt,420,40.71474,-74.01101,2.6232492903979003
3930878,Entire home/apt,120,40.72509,-73.97898,2.0791812460476247
2141975,Private room,80,40.77459,-73.95149,1.9030899869919435
11635717,Entire home/apt,100,40.84326,-73.93901,2
936218,Private room,60,40.81378,-73.95353,1.7781512503836436
17743697,Private room,90,40.81184,-73.94488,1.954242509439325
33024132,Entire home/apt,200,40.70754,-74.00683,2.3010299956639813
18729461,Entire home/apt,80,40.77958,-73.95025,1.9030899869919435
26520475,Private room,300,40.77669,-73.95283,2.4771212547196626
4318364,Entire home/apt,650,40.74039,-74.00356,2.8129133566428557
19054757,Entire home/apt,140,40.70857,-74.01005,2.146128035678238
3757178,Entire home/apt,200,40.71726,-74.01134,2.3010299956639813
16897611,Private room,100,40.71873,-73.99073,2
10869804,Entire home/apt,60,40.80283,-73.96504,1.7781512503836436
17603059,Private room,180,40.74685,-73.9841,2.255272505103306
30267337,Entire home/apt,260,40.72866,-74.0013,2.4149733479708178
29651529,Entire home/apt,200,40.72399,-73.98261,2.3010299956639813
8089062,Shared room,60,40.74475,-73.98512,1.7781512503836436
14437093,Entire home/apt,130,40.72397,-73.98329,2.113943352306837
35617075,Entire home/apt,320,40.7607,-73.99033,2.505149978319906
26357357,Private room,80,40.7861,-73.95434,1.9030899869919435
1987627,Entire home/apt,120,40.78918,-73.97927,2.0791812460476247
29455,Entire home/apt,120,40.81618,-73.94894,2.0791812460476247
14196990,Entire home/apt,180,40.75999,-73.99274,2.255272505103306
15817291,Private room,70,40.82914,-73.94736,1.845098040014257
12367673,Private room,80,40.70873,-74.00601,1.9030899869919435
752616,Entire home/apt,400,40.71592,-73.9898,2.6020599913279625
9710169,Entire home/apt,170,40.76601,-73.97789,2.230448921378274
10038695,Private room,80,40.72627,-73.9802,1.9030899869919435
35347096,Entire home/apt,450,40.72671,-73.97986,2.6532125137753435
34175118,Entire home/apt,150,40.7191,-73.99671,2.1760912590556813
24393933,Entire home/apt,140,40.77213,-73.98265,2.146128035678238
19563669,Private room,140,40.74794,-73.98927,2.146128035678238
7859723,Entire home/apt,120,40.74453,-73.99988,2.0791812460476247
11866156,Private room,80,40.76362,-73.99033,1.9030899869919435
11814079,Entire home/apt,120,40.81118,-73.94313,2.0791812460476247
4566571,Entire home/apt,450,40.75186,-73.98557,2.6532125137753435
33279221,Private room,170,40.75796,-73.99625,2.230448921378274
23023728,Entire home/apt,100,40.77395,-73.95493,2
21210250,Entire home/apt,120,40.83638,-73.94294,2.0791812460476247
34491871,Private room,100,40.76245,-73.98339,2
24265209,Entire home/apt,150,40.77311,-73.95508,2.1760912590556813
6653095,Private room,70,40.79052,-73.94364,1.845098040014257
32869060,Private room,110,40.76575,-73.98938,2.041392685158225
113945,Private room,80,40.75835,-73.99193,1.9030899869919435
9444997,Private room,150,40.77813,-73.97574,2.1760912590556813
29926001,Private room,120,40.76464,-73.9593,2.0791812460476247
25011804,Private room,120,40.79844,-73.94747,2.0791812460476247
29281128,Entire home/apt,170,40.75985,-73.99799,2.230448921378274
20150770,Private room,100,40.80524,-73.95254,2
7622042,Private room,140,40.77756,-73.94859,2.146128035678238
4154009,Entire home/apt,250,40.79545,-73.96595,2.3979400086720375
23955297,Private room,50,40.80731,-73.95155,1.6989700043360187
18208811,Private room,120,40.80965,-73.94696,2.0791812460476247
29609190,Entire home/apt,160,40.77807,-73.95003,2.2041199826559246
26924878,Entire home/apt,190,40.71958,-73.98284,2.278753600952829
3301484,Private room,140,40.80118,-73.97063,2.146128035678238
11083362,Private room,50,40.84411,-73.93784,1.6989700043360187
3434211,Entire home/apt,80,40.71663,-74.00231,1.9030899869919435
32634839,Entire home/apt,200,40.70778,-74.01074,2.3010299956639813
8283627,Private room,70,40.76039,-73.99002,1.845098040014257
19675743,Private room,100,40.76479,-73.98842,2
16373546,Entire home/apt,240,40.72747,-73.9969,2.380211241711606
25138149,Entire home/apt,200,40.79523,-73.94231,2.3010299956639813
16601801,Entire home/apt,230,40.73233,-74.00329,2.361727836017593
23714854,Private room,120,40.71262,-73.99592,2.0791812460476247
15831628,Entire home/apt,250,40.7659,-73.98371,2.3979400086720375
16377899,Entire home/apt,200,40.70742,-74.01544,2.3010299956639813
34284409,Entire home/apt,100,40.70825,-74.00482,2
12598128,Entire home/apt,240,40.79895,-73.95949,2.380211241711606
13544987,Entire home/apt,200,40.74686,-73.97981,2.3010299956639813
15985873,Private room,80,40.71867,-73.98959,1.9030899869919435
35361159,Entire home/apt,200,40.80778,-73.94561,2.3010299956639813
9405466,Entire home/apt,150,40.77668,-73.97815,2.1760912590556813
29881973,Private room,40,40.82424,-73.93753,1.6020599913279623
23334645,Entire home/apt,130,40.71331,-73.99015,2.113943352306837
33452409,Entire home/apt,180,40.82857,-73.95161,2.255272505103306
34859949,Entire home/apt,1000,40.7431,-73.98233,3
2164631,Entire home/apt,100,40.77464,-73.95226,2
22080281,Private room,120,40.72154,-73.99331,2.0791812460476247
34288305,Entire home/apt,180,40.70767,-74.00495,2.255272505103306
35578345,Entire home/apt,210,40.74783,-73.99978,2.322219294733919
20404264,Private room,70,40.7889,-73.9482,1.845098040014257
27978240,Private room,40,40.86524,-73.92195,1.6020599913279623
7715344,Entire home/apt,90,40.79324,-73.94513,1.954242509439325
34834869,Entire home/apt,220,40.75494,-73.96522,2.342422680822206
2028625,Entire home/apt,300,40.82486,-73.93993,2.4771212547196626
35096173,Entire home/apt,150,40.78891,-73.94399,2.1760912590556813
4286196,Entire home/apt,200,40.73045,-73.98392,2.3010299956639813
31532642,Entire home/apt,140,40.83419,-73.94638,2.146128035678238
26028612,Private room,100,40.76907,-73.98814,2
23875454,Private room,50,40.84591,-73.94059,1.6989700043360187
13784458,Entire home/apt,160,40.79921,-73.94749,2.2041199826559246
15497568,Private room,100,40.81545,-73.95806,2
35005592,Entire home/apt,180,40.75547,-73.98245,2.255272505103306
22745460,Private room,50,40.82389,-73.95014,1.6989700043360187
27056608,Entire home/apt,750,40.74079,-73.98303,2.8750612633917
35639073,Shared room,400,40.76536,-73.98866,2.6020599913279625
35166913,Entire home/apt,230,40.76022,-73.96607,2.361727836017593
31695085,Entire home/apt,100,40.79966,-73.9417,2
20332842,Private room,110,40.76181,-73.98865,2.041392685158225
4908331,Entire home/apt,150,40.80739,-73.95159,2.1760912590556813
27237609,Entire home/apt,700,40.75308,-73.96732,2.845098040014257
862890,Private room,150,40.85081,-73.93118,2.1760912590556813
22114333,Private room,100,40.78977,-73.9476,2
16228697,Private room,80,40.80802,-73.94013,1.9030899869919435
33987509,Private room,120,40.82289,-73.954,2.0791812460476247
17121563,Private room,80,40.82376,-73.94198,1.9030899869919435
2120619,Entire home/apt,200,40.78881,-73.98116,2.3010299956639813
30007990,Entire home/apt,100,40.81804,-73.94375,2
25937698,Private room,70,40.81039,-73.95948,1.845098040014257
5271997,Private room,120,40.77311,-73.98606,2.0791812460476247
20607037,Entire home/apt,190,40.74838,-73.97544,2.278753600952829
21936014,Shared room,180,40.7436,-73.98573,2.255272505103306
9788141,Private room,100,40.80518,-73.95099,2
13231678,Private room,50,40.72572,-73.98269,1.6989700043360187
30393670,Entire home/apt,310,40.72277,-73.98419,2.4913616938342726
33992942,Entire home/apt,170,40.77341,-73.9812,2.230448921378274
27903413,Entire home/apt,180,40.74186,-74.00372,2.255272505103306
18223667,Entire home/apt,490,40.78164,-73.95873,2.690196080028514
27126270,Entire home/apt,100,40.72338,-73.98346,2
24627128,Private room,110,40.77705,-73.98118,2.041392685158225
5210286,Entire home/apt,150,40.82227,-73.94878,2.1760912590556813
11511431,Entire home/apt,160,40.82334,-73.94811,2.2041199826559246
19470210,Entire home/apt,250,40.77727,-73.98127,2.3979400086720375
27526727,Entire home/apt,160,40.78051,-73.94809,2.2041199826559246
15868654,Private room,60,40.8451,-73.94101,1.7781512503836436
14025561,Entire home/apt,130,40.7607,-73.98347,2.113943352306837
21955216,Entire home/apt,300,40.74381,-73.97944,2.4771212547196626
8164253,Entire home/apt,120,40.72362,-73.98519,2.0791812460476247
10367220,Private room,70,40.81388,-73.95229,1.845098040014257
27055058,Private room,200,40.72848,-74.00116,2.3010299956639813
30387218,Entire home/apt,310,40.76368,-73.95993,2.4913616938342726
502132,Shared room,50,40.73942,-74.00009,1.6989700043360187
35356745,Private room,80,40.81433,-73.94255,1.9030899869919435
20131833,Entire home/apt,500,40.74707,-74.00332,2.6989700043360187
22077789,Private room,150,40.80049,-73.96629,2.1760912590556813
23519107,Entire home/apt,160,40.81164,-73.94513,2.2041199826559246
26756546,Entire home/apt,340,40.80626,-73.95268,2.531478917042255
4126452,Entire home/apt,200,40.73327,-73.98503,2.3010299956639813
4060446,Entire home/apt,100,40.87279,-73.91991,2
919830,Private room,120,40.74605,-73.99906,2.0791812460476247
11222221,Entire home/apt,150,40.73618,-74.009,2.1760912590556813
30495739,Entire home/apt,180,40.74436,-73.97321,2.255272505103306
32385720,Private room,100,40.72498,-73.97604,2
20604857,Entire home/apt,800,40.74699,-73.9777,2.9030899869919438
8635363,Entire home/apt,150,40.76643,-73.95809,2.1760912590556813
32327466,Private room,1000,40.73897,-74.00346,3
27365650,Private room,80,40.72239,-73.9821,1.9030899869919435
31067660,Private room,90,40.72836,-73.99953,1.954242509439325
35509152,Entire home/apt,220,40.75117,-73.99783,2.342422680822206
995215,Entire home/apt,100,40.78954,-73.97222,2
2454507,Entire home/apt,130,40.70781,-74.00701,2.113943352306837
16543563,Private room,100,40.72558,-73.99025,2
22078785,Private room,100,40.71441,-73.98655,2
9577296,Entire home/apt,220,40.74029,-74.00578,2.342422680822206
30768008,Entire home/apt,150,40.82224,-73.95402,2.1760912590556813
12192216,Entire home/apt,120,40.79073,-73.94669,2.0791812460476247
4308612,Entire home/apt,120,40.76502,-73.98932,2.0791812460476247
11564960,Entire home/apt,80,40.77697,-73.95372,1.9030899869919435
8630853,Entire home/apt,160,40.72979,-73.98905,2.2041199826559246
17529637,Private room,110,40.7281,-73.9839,2.041392685158225
23372015,Entire home/apt,120,40.83921,-73.93535,2.0791812460476247
33290753,Private room,200,40.75617,-73.99824,2.3010299956639813
9887326,Private room,70,40.79961,-73.96654,1.845098040014257
11970867,Entire home/apt,100,40.78592,-73.97447,2
34935124,Entire home/apt,250,40.76106,-73.99733,2.3979400086720375
23884206,Entire home/apt,120,40.76665,-73.98568,2.0791812460476247
33993547,Private room,100,40.7267,-73.98316,2
22194459,Entire home/apt,500,40.73233,-73.99678,2.6989700043360187
12751037,Private room,90,40.73328,-73.9859,1.954242509439325
23630216,Private room,50,40.7289,-73.98865,1.6989700043360187
29923654,Entire home/apt,500,40.76201,-73.97635,2.6989700043360187
8589668,Entire home/apt,180,40.7148,-73.99248,2.255272505103306
35416914,Entire home/apt,450,40.74052,-73.98188,2.6532125137753435
11156579,Entire home/apt,180,40.7591,-73.96334,2.255272505103306
7033271,Private room,80,40.85008,-73.94277,1.9030899869919435
34453824,Private room,100,40.75575,-73.98736,2
30389147,Entire home/apt,280,40.73897,-73.99637,2.4471580313422194
397297,Entire home/apt,220,40.72634,-73.98267,2.342422680822206
1856027,Private room,100,40.724850000000004,-73.98349,2
14167287,Entire home/apt,60,40.76666,-73.95507,1.7781512503836436
34483425,Private room,350,40.76443,-73.97588,2.5440680443502757
4564292,Entire home/apt,110,40.75811,-73.99073,2.041392685158225
28286101,Private room,100,40.76561,-73.98387,2
20049857,Entire home/apt,300,40.78561,-73.97637,2.4771212547196626
18411925,Private room,70,40.79872,-73.96173,1.845098040014257
19334916,Private room,200,40.80979,-73.94289,2.3010299956639813
15374796,Private room,120,40.80088,-73.96194,2.0791812460476247
30937596,Entire home/apt,180,40.76037,-73.99744,2.255272505103306
17510141,Entire home/apt,240,40.76321,-73.98356,2.380211241711606
34858480,Entire home/apt,250,40.75295,-73.9955,2.3979400086720375
32501003,Private room,80,40.76965,-73.95326,1.9030899869919435
26924882,Entire home/apt,280,40.78981,-73.9697,2.4471580313422194
25209144,Private room,90,40.825,-73.95181,1.954242509439325
16229585,Entire home/apt,400,40.73015,-74.00304,2.6020599913279625
591565,Private room,230,40.71552,-74.00749,2.361727836017593
25811286,Private room,140,40.72626,-73.98824,2.146128035678238
21549898,Entire home/apt,320,40.77845,-73.98198,2.505149978319906
27776337,Private room,40,40.81942,-73.94068,1.6020599913279623
26039252,Private room,50,40.74012,-74.00537,1.6989700043360187
33496225,Private room,160,40.76468,-73.98785,2.2041199826559246
11130697,Private room,550,40.76198,-73.99739,2.7403626894942437
33316356,Entire home/apt,180,40.77884,-73.98591,2.255272505103306
12836932,Entire home/apt,90,40.80539,-73.96409,1.954242509439325
11546462,Private room,80,40.74512,-73.98176,1.9030899869919435
34813137,Private room,70,40.72504,-73.97908,1.845098040014257
32465145,Entire home/apt,280,40.74697,-73.97537,2.4471580313422194
27633987,Entire home/apt,110,40.81915,-73.9425,2.041392685158225
26253804,Shared room,60,40.75973,-73.98815,1.7781512503836436
14417576,Entire home/apt,180,40.71097,-74.01397,2.255272505103306
17192158,Entire home/apt,50,40.84543,-73.9401,1.6989700043360187
9707531,Entire home/apt,160,40.71941,-73.98534,2.2041199826559246
2570561,Private room,90,40.84309,-73.94127,1.954242509439325
30750063,Private room,200,40.76209,-73.94854,2.3010299956639813
4801661,Private room,100,40.74156,-73.97968,2
4587321,Entire home/apt,400,40.72523,-73.97999,2.6020599913279625
35416674,Entire home/apt,490,40.75962,-73.98512,2.690196080028514
9525241,Entire home/apt,130,40.73945,-73.99616,2.113943352306837
30031616,Entire home/apt,260,40.77196,-73.95175,2.4149733479708178
33585686,Entire home/apt,140,40.72175,-73.99544,2.146128035678238
13045435,Shared room,40,40.77927,-73.95071,1.6020599913279623
14854453,Private room,50,40.77819,-73.94597,1.6989700043360187
34894797,Private room,120,40.77838,-73.94792,2.0791812460476247
35590205,Entire home/apt,120,40.80837,-73.93937,2.0791812460476247
12114228,Entire home/apt,80,40.77117,-73.95851,1.9030899869919435
3303382,Entire home/apt,140,40.82888,-73.94997,2.146128035678238
21898732,Private room,60,40.72648,-73.97904,1.7781512503836436
1664209,Entire home/apt,280,40.72047,-74.00049,2.4471580313422194
35707820,Entire home/apt,150,40.75237,-73.97092,2.1760912590556813
30122576,Entire home/apt,260,40.73619,-73.98307,2.4149733479708178
2377514,Entire home/apt,200,40.80021,-73.94142,2.3010299956639813
6233819,Private room,130,40.7755,-73.9475,2.113943352306837
19475058,Entire home/apt,250,40.71585,-73.99171,2.3979400086720375
35155925,Entire home/apt,420,40.7632,-73.98712,2.6232492903979003
29333400,Entire home/apt,100,40.80759,-73.94103,2
32986532,Entire home/apt,200,40.71661,-73.99784,2.3010299956639813
6423521,Private room,160,40.77883,-73.97494,2.2041199826559246
2206311,Entire home/apt,140,40.75701,-73.96781,2.146128035678238
3200198,Entire home/apt,180,40.76309,-73.99155,2.255272505103306
33709502,Entire home/apt,240,40.70761,-74.01226,2.380211241711606
33126746,Entire home/apt,150,40.71502,-73.99066,2.1760912590556813
23189933,Entire home/apt,100,40.82015,-73.95747,2
18123155,Entire home/apt,100,40.76982,-73.95258,2
1965103,Entire home/apt,170,40.72811,-73.98663,2.230448921378274
22275245,Private room,130,40.70875,-74.00183,2.113943352306837
11375631,Entire home/apt,150,40.7695,-73.9532,2.1760912590556813
28121788,Entire home/apt,160,40.76596,-73.98846,2.2041199826559246
30430185,Private room,180,40.75655,-73.9969,2.255272505103306
5691755,Entire home/apt,450,40.73398,-74.00369,2.6532125137753435
22044378,Entire home/apt,180,40.73029,-73.98439,2.255272505103306
13542521,Private room,100,40.76806,-73.98672,2
21619277,Entire home/apt,250,40.72632,-73.9928,2.3979400086720375
16055176,Entire home/apt,190,40.72754,-73.98329,2.278753600952829
4512093,Private room,300,40.79994,-73.97001,2.4771212547196626
23566549,Entire home/apt,150,40.81061,-73.95125,2.1760912590556813
10967300,Private room,40,40.82332,-73.94705,1.6020599913279623
33254187,Private room,60,40.84232,-73.93772,1.7781512503836436
33874579,Entire home/apt,150,40.75114,-73.99843,2.1760912590556813
24602796,Entire home/apt,160,40.77942,-73.94772,2.2041199826559246
9591852,Entire home/apt,450,40.72546,-74.00036,2.6532125137753435
60673,Private room,180,40.81583,-73.94707,2.255272505103306
7496211,Entire home/apt,450,40.70725,-74.01533,2.6532125137753435
10017871,Private room,40,40.8686,-73.92594,1.6020599913279623
34754120,Entire home/apt,150,40.80508,-73.95088,2.1760912590556813
28992146,Entire home/apt,120,40.75603,-73.99214,2.0791812460476247
19087867,Private room,70,40.71595,-73.99329,1.845098040014257
5681742,Private room,60,40.81645,-73.94483,1.7781512503836436
30393464,Entire home/apt,240,40.70455,-74.01008,2.380211241711606
921441,Private room,80,40.84408,-73.93675,1.9030899869919435
16309329,Private room,70,40.74047,-73.98381,1.845098040014257
27552582,Entire home/apt,120,40.72951,-73.98576,2.0791812460476247
1876811,Entire home/apt,200,40.7366,-73.98703,2.3010299956639813
29903363,Private room,80,40.79481,-73.96437,1.9030899869919435
29987867,Entire home/apt,120,40.82484,-73.95271,2.0791812460476247
476899,Entire home/apt,160,40.72693,-73.98521,2.2041199826559246
30770830,Entire home/apt,120,40.80442,-73.94756,2.0791812460476247
501693,Private room,100,40.7952,-73.9624,2
5919646,Entire home/apt,200,40.76738,-73.98466,2.3010299956639813
7310330,Entire home/apt,300,40.7228,-73.98562,2.4771212547196626
25290969,Entire home/apt,340,40.75305,-73.97129,2.531478917042255
32238198,Entire home/apt,230,40.70782,-74.01066,2.361727836017593
18024772,Entire home/apt,100,40.74423,-74.00111,2
5178944,Private room,100,40.82415,-73.94113,2
1367775,Private room,50,40.76175,-73.95012,1.6989700043360187
13923165,Private room,40,40.84198,-73.93816,1.6020599913279623
33619915,Private room,120,40.72589,-74.00015,2.0791812460476247
1145288,Entire home/apt,110,40.75274,-73.97026,2.041392685158225
36022650,Entire home/apt,20,40.76279,-73.99463,1.3010299956639813
22754110,Entire home/apt,120,40.73951,-73.99979,2.0791812460476247
33973347,Private room,90,40.7929,-73.9391,1.954242509439325
12903772,Entire home/apt,200,40.79167,-73.97273,2.3010299956639813
30393045,Entire home/apt,240,40.74108,-73.97788,2.380211241711606
23304600,Entire home/apt,170,40.7623,-73.99096,2.230448921378274
11721727,Shared room,360,40.85029,-73.93645,2.5563025007672873
30125569,Private room,200,40.80909,-73.93726,2.3010299956639813
4469679,Entire home/apt,320,40.71777,-73.99011,2.505149978319906
33497909,Entire home/apt,260,40.7545,-73.97067,2.4149733479708178
19018987,Entire home/apt,390,40.77565,-73.98684,2.591064607026499
35605837,Entire home/apt,180,40.75351,-73.99523,2.255272505103306
14988596,Entire home/apt,70,40.77357,-73.95149,1.845098040014257
18812153,Entire home/apt,150,40.75044,-73.9753,2.1760912590556813
24199249,Private room,120,40.73045,-73.98067,2.0791812460476247
29455324,Entire home/apt,240,40.80413,-73.96416,2.380211241711606
30193201,Entire home/apt,680,40.75371,-73.96515,2.832508912706236
11351798,Entire home/apt,200,40.73469,-73.99838,2.3010299956639813
20331226,Entire home/apt,150,40.81748,-73.94484,2.1760912590556813
20568978,Entire home/apt,250,40.74635,-73.98103,2.3979400086720375
12851015,Entire home/apt,130,40.75755,-73.9666,2.113943352306837
744220,Entire home/apt,120,40.72064,-73.99605,2.0791812460476247
36137531,Entire home/apt,250,40.73549,-73.97707,2.3979400086720375
36485431,Entire home/apt,120,40.81475,-73.94867,2.0791812460476247
1177971,Shared room,80,40.74542,-73.98205,1.9030899869919435
30086614,Private room,30,40.8444,-73.93654,1.4771212547196624
3979714,Shared room,80,40.8012,-73.95424,1.9030899869919435
9865506,Entire home/apt,200,40.73637,-73.98107,2.3010299956639813
1512006,Entire home/apt,300,40.71804,-73.99147,2.4771212547196626
10070350,Entire home/apt,120,40.7986,-73.96168,2.0791812460476247
3288496,Entire home/apt,100,40.71769,-73.98953,2
10017561,Entire home/apt,150,40.74672,-73.97841,2.1760912590556813
22206601,Entire home/apt,350,40.724850000000004,-73.99461,2.5440680443502757
30686886,Entire home/apt,340,40.76435,-73.98197,2.531478917042255
36270801,Entire home/apt,190,40.76595,-73.98661,2.278753600952829
10022144,Entire home/apt,100,40.75221,-73.97157,2
32155741,Private room,120,40.70713,-74.01043,2.0791812460476247
13571350,Entire home/apt,150,40.74311,-73.98286,2.1760912590556813
31675244,Private room,80,40.71444,-73.99344,1.9030899869919435
3550298,Private room,80,40.81813,-73.9398,1.9030899869919435
24208760,Private room,180,40.77959,-73.97827,2.255272505103306
17584136,Entire home/apt,190,40.75046,-73.99854,2.278753600952829
17960375,Private room,160,40.72036,-73.98458,2.2041199826559246
34959442,Shared room,50,40.79512,-73.94454,1.6989700043360187
9368754,Entire home/apt,200,40.72893,-74.00176,2.3010299956639813
17824129,Entire home/apt,130,40.74397,-73.98405,2.113943352306837
8347980,Entire home/apt,150,40.72595,-73.98218,2.1760912590556813
27159331,Entire home/apt,160,40.76795,-73.98432,2.2041199826559246
30444675,Entire home/apt,120,40.80155,-73.96498,2.0791812460476247
17944802,Entire home/apt,350,40.74391,-73.97151,2.5440680443502757
18357865,Entire home/apt,150,40.78693,-73.97558,2.1760912590556813
31704075,Private room,50,40.81633,-73.96069,1.6989700043360187
23091139,Entire home/apt,850,40.73143,-74.00338,2.929418925714293
27545876,Entire home/apt,150,40.75953,-73.98938,2.1760912590556813
17922181,Entire home/apt,110,40.79857,-73.96162,2.041392685158225
15618546,Entire home/apt,140,40.79985,-73.96138,2.146128035678238
32238462,Entire home/apt,450,40.70748,-74.01042,2.6532125137753435
35240782,Entire home/apt,110,40.72685,-73.98349,2.041392685158225
10120414,Entire home/apt,150,40.72063,-73.98944,2.1760912590556813
6262496,Private room,150,40.73889,-73.99749,2.1760912590556813
30161645,Private room,180,40.7552,-73.99672,2.255272505103306
26291721,Entire home/apt,220,40.7424,-73.9837,2.342422680822206
16783144,Private room,80,40.76335,-73.94937,1.9030899869919435
1258651,Entire home/apt,300,40.80707,-73.94884,2.4771212547196626
339456,Entire home/apt,390,40.79526,-73.9655,2.591064607026499
23926896,Entire home/apt,100,40.86816,-73.93131,2
11422779,Private room,90,40.71523,-73.98489,1.954242509439325
31956393,Private room,60,40.83026,-73.94455,1.7781512503836436
22010594,Entire home/apt,90,40.74478,-73.97968,1.954242509439325
20679388,Private room,120,40.7531,-73.97085,2.0791812460476247
30316546,Private room,90,40.76136,-73.99205,1.954242509439325
9107626,Entire home/apt,190,40.70415,-74.00688,2.278753600952829
10724373,Entire home/apt,110,40.73804,-73.9852,2.041392685158225
2149854,Entire home/apt,220,40.76213,-73.99376,2.342422680822206
14967881,Entire home/apt,220,40.76404,-73.96628,2.342422680822206
30179242,Entire home/apt,400,40.79396,-73.96311,2.6020599913279625
7675994,Private room,100,40.73107,-73.98213,2
544331,Entire home/apt,110,40.77424,-73.94839,2.041392685158225
22938753,Entire home/apt,190,40.76551,-73.98315,2.278753600952829
31125134,Private room,120,40.74329,-73.98341,2.0791812460476247
30910712,Entire home/apt,120,40.76428,-73.98988,2.0791812460476247
20330822,Entire home/apt,220,40.79312,-73.96886,2.342422680822206
150804,Entire home/apt,250,40.72008,-73.98404,2.3979400086720375
32892845,Private room,300,40.70937,-74.00531,2.4771212547196626
25844635,Entire home/apt,160,40.72748,-73.9795,2.2041199826559246
4233705,Entire home/apt,260,40.77715,-73.98235,2.4149733479708178
30244166,Entire home/apt,200,40.75248,-73.97017,2.3010299956639813
18592160,Entire home/apt,200,40.71947,-73.98638,2.3010299956639813
35646737,Private room,80,40.74946,-73.99627,1.9030899869919435
32722262,Private room,120,40.82335,-73.94902,2.0791812460476247
13857521,Entire home/apt,140,40.82852,-73.94583,2.146128035678238
23538486,Entire home/apt,300,40.74891,-73.97887,2.4771212547196626
9425220,Private room,40,40.84899,-73.94018,1.6020599913279623
35249301,Entire home/apt,350,40.72757,-74.00059,2.5440680443502757
10016601,Entire home/apt,120,40.74711,-73.97694,2.0791812460476247
29937919,Private room,220,40.82528,-73.95313,2.342422680822206
24393653,Private room,190,40.74549,-73.99114,2.278753600952829
9612938,Entire home/apt,120,40.83549,-73.93968,2.0791812460476247
27703016,Private room,120,40.72194,-73.99557,2.0791812460476247
12562075,Private room,80,40.70666,-74.00529,1.9030899869919435
9022118,Private room,80,40.79807,-73.96894,1.9030899869919435
12852935,Private room,150,40.76205,-73.9888,2.1760912590556813
30394380,Entire home/apt,330,40.76103,-73.98666,2.5185139398778875
32892533,Entire home/apt,180,40.75731,-73.98326,2.255272505103306
5300082,Entire home/apt,160,40.72956,-73.98166,2.2041199826559246
31857472,Entire home/apt,140,40.82335,-73.94939,2.146128035678238
16796255,Private room,60,40.83935,-73.94019,1.7781512503836436
10070693,Entire home/apt,100,40.7612,-73.96254,2
31879273,Entire home/apt,120,40.75408,-73.96831,2.0791812460476247
35120985,Private room,60,40.84709,-73.93525,1.7781512503836436
5524950,Entire home/apt,80,40.85396,-73.93785,1.9030899869919435
1029482,Private room,100,40.72346,-73.97907,2
12082624,Entire home/apt,240,40.76571,-73.98312,2.380211241711606
14175040,Entire home/apt,200,40.81745,-73.95164,2.3010299956639813
4859903,Entire home/apt,260,40.7838,-73.97266,2.4149733479708178
2003180,Entire home/apt,220,40.8639,-73.92808,2.342422680822206
32086758,Entire home/apt,150,40.79481,-73.97432,2.1760912590556813
6134199,Entire home/apt,200,40.78926,-73.96989,2.3010299956639813
6716444,Private room,100,40.72879,-73.98575,2
2054899,Entire home/apt,1000,40.73187,-74.00865,3
17684098,Entire home/apt,140,40.80935,-73.95786,2.146128035678238
10149393,Entire home/apt,120,40.76374,-73.98872,2.0791812460476247
29628693,Entire home/apt,100,40.71787,-73.99461,2
29614352,Private room,100,40.76186,-73.98851,2
2022920,Entire home/apt,250,40.78081,-73.95045,2.3979400086720375
35386983,Entire home/apt,350,40.74535,-73.97753,2.5440680443502757
6449718,Private room,140,40.79276,-73.93854,2.146128035678238
12343,Entire home/apt,150,40.81175,-73.94478,2.1760912590556813
18579416,Entire home/apt,200,40.7381,-73.9976,2.3010299956639813
22060065,Private room,50,40.8411,-73.93751,1.6989700043360187
7632128,Private room,100,40.75563,-73.99742,2
29655150,Entire home/apt,160,40.71555,-73.98949,2.2041199826559246
19136267,Private room,80,40.71734,-73.990710000000007,1.9030899869919435
11568026,Entire home/apt,500,40.71526,-74.01044,2.6989700043360187
29517788,Entire home/apt,110,40.82827,-73.94257,2.041392685158225
15297862,Entire home/apt,250,40.75936,-73.96293,2.3979400086720375
21394087,Private room,30,40.81807,-73.95487,1.4771212547196624
16508394,Entire home/apt,80,40.86253,-73.9277,1.9030899869919435
3103596,Private room,50,40.82243,-73.94786,1.6989700043360187
4831603,Entire home/apt,220,40.72229,-73.98913,2.342422680822206
1124012,Private room,120,40.72778,-73.98305,2.0791812460476247
2093064,Entire home/apt,140,40.74978,-73.99686,2.146128035678238
3914773,Private room,150,40.78099,-73.97416,2.1760912590556813
1492286,Private room,80,40.72822,-74.00429,1.9030899869919435
18907166,Private room,520,40.75301,-73.97198,2.716003343634799
13412918,Entire home/apt,90,40.8754,-73.91263,1.954242509439325
23271408,Shared room,40,40.70987,-73.98689,1.6020599913279623
26770455,Private room,70,40.76448,-73.97907,1.845098040014257
266449,Entire home/apt,200,40.71992,-73.98773,2.3010299956639813
35195898,Entire home/apt,150,40.7555,-73.99399,2.1760912590556813
30957964,Entire home/apt,130,40.75605,-73.99711,2.113943352306837
3766770,Entire home/apt,150,40.80592,-73.93653,2.1760912590556813
32943585,Entire home/apt,180,40.72085,-73.98253,2.255272505103306
26679556,Entire home/apt,100,40.80494,-73.96426,2
28133736,Entire home/apt,250,40.73449,-73.98473,2.3979400086720375
19622470,Private room,100,40.74837,-74.00228,2
29967691,Entire home/apt,250,40.72871,-74.00009,2.3979400086720375
20757519,Shared room,60,40.82992,-73.94563,1.7781512503836436
2577467,Private room,150,40.8127,-73.94367,2.1760912590556813
34813479,Shared room,80,40.76612,-73.98749,1.9030899869919435
6674155,Entire home/apt,200,40.76832,-73.96118,2.3010299956639813
32163602,Entire home/apt,180,40.74084,-74.00425,2.255272505103306
6545519,Entire home/apt,180,40.73399,-73.99305,2.255272505103306
26424667,Private room,150,40.76258,-73.96252,2.1760912590556813
31303661,Shared room,40,40.74535,-73.97898,1.6020599913279623
4281241,Entire home/apt,150,40.73341,-73.99489,2.1760912590556813
2994478,Private room,110,40.78504,-73.97959,2.041392685158225
23120678,Entire home/apt,120,40.79037,-73.9458,2.0791812460476247
12009651,Entire home/apt,120,40.8245,-73.94264,2.0791812460476247
35713130,Entire home/apt,300,40.7645,-73.99434,2.4771212547196626
20896858,Entire home/apt,120,40.81301,-73.94502,2.0791812460476247
14783847,Entire home/apt,200,40.75586,-73.96185,2.3010299956639813
16415910,Private room,50,40.82682,-73.95142,1.6989700043360187
6145637,Shared room,80,40.73065,-73.98899,1.9030899869919435
26805133,Private room,90,40.74137,-73.9994,1.954242509439325
20712708,Entire home/apt,180,40.73804,-73.98178,2.255272505103306
22206164,Entire home/apt,220,40.71765,-73.98452,2.342422680822206
31980005,Entire home/apt,200,40.72157,-73.99432,2.3010299956639813
9199020,Shared room,40,40.8398,-73.9385,1.6020599913279623
11279590,Entire home/apt,140,40.77416,-73.95259,2.146128035678238
30387820,Entire home/apt,300,40.73918,-73.99616,2.4771212547196626
20202971,Entire home/apt,180,40.74947,-73.9761,2.255272505103306
22292617,Entire home/apt,130,40.81529,-73.94367,2.113943352306837
27252114,Entire home/apt,150,40.75909,-73.96398,2.1760912590556813
4720121,Entire home/apt,500,40.77169,-73.95583,2.6989700043360187
21264903,Entire home/apt,80,40.80604,-73.94971,1.9030899869919435
21711690,Private room,50,40.83139,-73.94672,1.6989700043360187
34972982,Entire home/apt,190,40.74385,-73.97789,2.278753600952829
9387914,Entire home/apt,280,40.72219,-73.98409,2.4471580313422194
11657725,Entire home/apt,120,40.77933,-73.94862,2.0791812460476247
14195524,Private room,110,40.79919,-73.96249,2.041392685158225
9563529,Private room,90,40.86458,-73.92883,1.954242509439325
17845650,Entire home/apt,140,40.75794,-73.96959,2.146128035678238
1096511,Private room,80,40.80602,-73.95362,1.9030899869919435
23690062,Shared room,80,40.76502,-73.98702,1.9030899869919435
25017403,Entire home/apt,90,40.72238,-73.99466,1.954242509439325
35900353,Entire home/apt,600,40.73985,-73.98074,2.7781512503836434
19289198,Private room,90,40.71418,-73.99238,1.954242509439325
7349064,Entire home/apt,260,40.76579,-73.98057,2.4149733479708178
839539,Private room,80,40.72876,-73.98413,1.9030899869919435
16242753,Entire home/apt,130,40.77026,-73.95208,2.113943352306837
33201132,Private room,80,40.80098,-73.95424,1.9030899869919435
13532718,Private room,40,40.82588,-73.9388,1.6020599913279623
34279388,Private room,50,40.82672,-73.94948,1.6989700043360187
13716080,Private room,180,40.78817,-73.98068,2.255272505103306
33524910,Entire home/apt,180,40.8026,-73.95829,2.255272505103306
21098387,Private room,150,40.75906,-73.98898,2.1760912590556813
1016352,Entire home/apt,550,40.76777,-73.98932,2.7403626894942437
31220573,Private room,310,40.75953,-73.99019,2.4913616938342726
34569042,Entire home/apt,280,40.80032,-73.95998,2.4471580313422194
2821294,Private room,40,40.83418,-73.94274,1.6020599913279623
1897001,Entire home/apt,400,40.75463,-73.97062,2.6020599913279625
33880071,Entire home/apt,150,40.7866,-73.94225,2.1760912590556813
31898581,Private room,80,40.71923,-73.97972,1.9030899869919435
22308102,Entire home/apt,210,40.76327,-73.96197,2.322219294733919
13916105,Private room,150,40.72869,-74.00157,2.1760912590556813
27580964,Private room,80,40.8031,-73.95654,1.9030899869919435
4469650,Entire home/apt,300,40.80521,-73.94519,2.4771212547196626
23454165,Private room,80,40.85197,-73.94074,1.9030899869919435
5037892,Private room,80,40.80535,-73.95407,1.9030899869919435
21666958,Private room,80,40.71079,-74.00934,1.9030899869919435
7620336,Entire home/apt,60,40.79106,-73.94588,1.7781512503836436
9796737,Private room,70,40.71282,-73.98448,1.845098040014257
32050188,Private room,120,40.76124,-73.9894,2.0791812460476247
35098251,Entire home/apt,650,40.74653,-73.97891,2.8129133566428557
19018768,Entire home/apt,300,40.71284,-73.99066,2.4771212547196626
20705094,Entire home/apt,160,40.73632,-74.00601,2.2041199826559246
7583901,Entire home/apt,250,40.73453,-74.00656,2.3979400086720375
30457958,Entire home/apt,180,40.72715,-73.9848,2.255272505103306
21440587,Entire home/apt,230,40.76673,-73.98324,2.361727836017593
767967,Entire home/apt,100,40.75039,-74.00287,2
3482919,Entire home/apt,180,40.72044,-73.99645,2.255272505103306
86215,Entire home/apt,150,40.71965,-73.98766,2.1760912590556813
22312190,Private room,80,40.75071,-74.00247,1.9030899869919435
35166290,Private room,60,40.81979,-73.95297,1.7781512503836436
12867918,Entire home/apt,150,40.76875,-73.95723,2.1760912590556813
9696357,Entire home/apt,180,40.76871,-73.95479,2.255272505103306
29897911,Private room,250,40.755,-73.99784,2.3979400086720375
19702506,Entire home/apt,280,40.75851,-73.99138,2.4471580313422194
22340093,Entire home/apt,150,40.774,-73.94932,2.1760912590556813
2227377,Entire home/apt,650,40.73588,-73.98252,2.8129133566428557
23857107,Entire home/apt,150,40.71359,-74.01049,2.1760912590556813
13171746,Private room,100,40.74244,-73.98316,2
34315546,Private room,110,40.76215,-73.99589,2.041392685158225
23096661,Entire home/apt,90,40.80878,-73.95777,1.954242509439325
36313671,Private room,70,40.82539,-73.9488,1.845098040014257
7785952,Entire home/apt,170,40.7829,-73.94694,2.230448921378274
12497438,Entire home/apt,180,40.7164,-73.99743,2.255272505103306
34705719,Private room,80,40.80641,-73.95518,1.9030899869919435
21649172,Entire home/apt,220,40.79907,-73.96962,2.342422680822206
6012187,Entire home/apt,150,40.72425,-73.98866,2.1760912590556813
4967114,Entire home/apt,450,40.7666,-73.98475,2.6532125137753435
11843397,Private room,70,40.79533,-73.94764,1.845098040014257
19943440,Entire home/apt,600,40.73447,-74.00266,2.7781512503836434
19889348,Entire home/apt,120,40.77108,-73.9485,2.0791812460476247
4385360,Entire home/apt,280,40.71938,-73.98906,2.4471580313422194
7771777,Private room,90,40.8061,-73.96641,1.954242509439325
24779271,Private room,200,40.72745,-73.98537,2.3010299956639813
12495520,Entire home/apt,320,40.7659,-73.98211,2.505149978319906
10801474,Private room,40,40.81389,-73.95205,1.6020599913279623
23375874,Entire home/apt,120,40.72257,-73.98884,2.0791812460476247
10978135,Entire home/apt,160,40.75862,-73.96841,2.2041199826559246
22407448,Entire home/apt,240,40.71194,-74.00704,2.380211241711606
9364184,Entire home/apt,170,40.78228,-73.97748,2.230448921378274
13811933,Private room,100,40.80057,-73.96679,2
19111734,Private room,50,40.79185,-73.94139,1.6989700043360187
30394622,Entire home/apt,360,40.73924,-73.99586,2.5563025007672873
5343821,Entire home/apt,200,40.75624,-73.96417,2.3010299956639813
29900575,Private room,80,40.75511,-73.99532,1.9030899869919435
31987806,Private room,60,40.80042,-73.96147,1.7781512503836436
7820825,Private room,70,40.80689,-73.94784,1.845098040014257
15181459,Entire home/apt,160,40.76035,-73.98189,2.2041199826559246
4136596,Entire home/apt,200,40.72005,-73.98649,2.3010299956639813
564184,Private room,120,40.73971,-74.00221,2.0791812460476247
26566291,Entire home/apt,200,40.73093,-74.00125,2.3010299956639813
18992672,Private room,350,40.7591,-73.98971,2.5440680443502757
21177976,Private room,50,40.81978,-73.95476,1.6989700043360187
27251398,Entire home/apt,200,40.75424,-73.96312,2.3010299956639813
12345354,Private room,60,40.797110000000004,-73.93647,1.7781512503836436
17569080,Entire home/apt,200,40.80063,-73.95223,2.3010299956639813
30394494,Entire home/apt,320,40.73795,-73.99753,2.505149978319906
2425222,Entire home/apt,110,40.72034,-74.01122,2.041392685158225
32697582,Entire home/apt,100,40.77817,-73.94743,2
27629043,Entire home/apt,3750,40.71364,-74.01758,3.574031267727719
16346945,Entire home/apt,110,40.79519,-73.96945,2.041392685158225
33775898,Entire home/apt,110,40.80717,-73.94386,2.041392685158225
34504407,Entire home/apt,160,40.76703,-73.95556,2.2041199826559246
35161717,Private room,120,40.72291,-73.98447,2.0791812460476247
6288004,Private room,90,40.71063,-73.99526,1.954242509439325
30351170,Private room,90,40.79382,-73.96984,1.954242509439325
19907176,Entire home/apt,260,40.77578,-73.98923,2.4149733479708178
34856733,Private room,20,40.86025,-73.92647,1.3010299956639813
6271152,Entire home/apt,300,40.71296,-74.00982,2.4771212547196626
9239252,Private room,80,40.71244,-73.98756,1.9030899869919435
17369530,Private room,80,40.83712,-73.94664,1.9030899869919435
1721115,Private room,100,40.70758,-74.00799,2
16739891,Private room,160,40.80842,-73.95568,2.2041199826559246
29707094,Private room,100,40.77221,-73.9875,2
32240186,Entire home/apt,230,40.7074,-74.01218,2.361727836017593
29541790,Entire home/apt,120,40.82359,-73.95508,2.0791812460476247
9593093,Private room,80,40.80196,-73.95261,1.9030899869919435
4546034,Private room,80,40.84769,-73.93512,1.9030899869919435
30389115,Entire home/apt,380,40.73021,-73.98765,2.57978359661681
10412006,Entire home/apt,250,40.72265,-73.99493,2.3979400086720375
7028199,Entire home/apt,210,40.70809,-74.0017,2.322219294733919
35762030,Private room,70,40.80528,-73.96547,1.845098040014257
17150899,Entire home/apt,280,40.73829,-73.97896,2.4471580313422194
33607399,Entire home/apt,330,40.70429,-74.00714,2.5185139398778875
34516181,Private room,100,40.70497,-74.01721,2
33184311,Entire home/apt,90,40.72853,-73.98173,1.954242509439325
20137347,Entire home/apt,80,40.79815,-73.93475,1.9030899869919435
14807332,Private room,180,40.7658,-73.98795,2.255272505103306
1900780,Entire home/apt,250,40.73892,-73.98922,2.3979400086720375
32238253,Entire home/apt,230,40.70569,-74.01183,2.361727836017593
33739054,Entire home/apt,160,40.72235,-73.97772,2.2041199826559246
36417250,Entire home/apt,370,40.75174,-73.97343,2.568201724066995
21172762,Private room,110,40.75684,-73.99465,2.041392685158225
25946924,Private room,40,40.758540000000004,-73.98988,1.6020599913279623
163809,Entire home/apt,200,40.80523,-73.95139,2.3010299956639813
19430074,Entire home/apt,100,40.8674,-73.92411,2
2208567,Private room,130,40.72053,-73.98901,2.113943352306837
34785509,Private room,50,40.80015,-73.95387,1.6989700043360187
29662606,Shared room,100,40.76158,-73.99175,2
21313240,Entire home/apt,540,40.73591,-73.98744,2.7323937598229686
4846449,Private room,80,40.78804,-73.94906,1.9030899869919435
32085492,Private room,90,40.73231,-74.00377,1.954242509439325
4956896,Entire home/apt,180,40.71316,-73.9916,2.255272505103306
24913510,Entire home/apt,160,40.72432,-74.00195,2.2041199826559246
15294943,Private room,110,40.80751,-73.96619,2.041392685158225
23996716,Entire home/apt,200,40.72613,-74.00188,2.3010299956639813
31359630,Entire home/apt,140,40.7566,-73.99725,2.146128035678238
12356873,Entire home/apt,140,40.77667,-73.95463,2.146128035678238
11720130,Entire home/apt,220,40.75705,-73.99265,2.342422680822206
17956441,Entire home/apt,210,40.78593,-73.97485,2.322219294733919
36312994,Entire home/apt,100,40.8075,-73.96679,2
32531170,Entire home/apt,300,40.71612,-73.99273,2.4771212547196626
1853765,Entire home/apt,550,40.77593,-73.94927,2.7403626894942437
35348683,Private room,360,40.76372,-73.98182,2.5563025007672873
35034773,Private room,120,40.76404,-73.98973,2.0791812460476247
21226494,Shared room,60,40.84301,-73.94175,1.7781512503836436
13065949,Private room,100,40.73007,-73.98637,2
22263904,Entire home/apt,240,40.70333,-74.00959,2.380211241711606
2102571,Entire home/apt,140,40.75426,-73.96886,2.146128035678238
32398174,Entire home/apt,210,40.74271,-73.97533,2.322219294733919
3278631,Private room,130,40.8008,-73.94347,2.113943352306837
30937762,Entire home/apt,240,40.74909,-73.97585,2.380211241711606
6013171,Private room,150,40.76164,-73.98594,2.1760912590556813
34315235,Entire home/apt,220,40.75572,-73.98331,2.342422680822206
21867749,Entire home/apt,160,40.71801,-73.9984,2.2041199826559246
27216826,Entire home/apt,360,40.75457,-73.96248,2.5563025007672873
8719948,Private room,70,40.72143,-73.99427,1.845098040014257
10133534,Shared room,110,40.7178,-73.98504,2.041392685158225
23596025,Entire home/apt,150,40.79913,-73.9632,2.1760912590556813
8841646,Entire home/apt,120,40.79037,-73.9445,2.0791812460476247
3827311,Entire home/apt,120,40.82654,-73.9462,2.0791812460476247
25183760,Entire home/apt,220,40.7052,-74.00961,2.342422680822206
19079187,Private room,40,40.74846,-73.9758,1.6020599913279623
32160889,Entire home/apt,180,40.76273,-73.9942,2.255272505103306
8881253,Private room,130,40.76374,-73.99422,2.113943352306837
34899120,Entire home/apt,200,40.76189,-73.98765,2.3010299956639813
6865662,Entire home/apt,240,40.72148,-73.98235,2.380211241711606
10903055,Private room,120,40.7487,-73.99514,2.0791812460476247
3979628,Private room,90,40.8095,-73.95395,1.954242509439325
6371593,Entire home/apt,250,40.71818,-73.9935,2.3979400086720375
35012326,Entire home/apt,110,40.71089,-73.99671,2.041392685158225
31336763,Private room,120,40.7943,-73.95003,2.0791812460476247
4716349,Private room,80,40.79311,-73.94587,1.9030899869919435
5760776,Entire home/apt,240,40.72386,-74.00462,2.380211241711606
16178928,Entire home/apt,350,40.73621,-74.00612,2.5440680443502757
23355035,Entire home/apt,150,40.7876,-73.94139,2.1760912590556813
2309873,Entire home/apt,220,40.77469,-73.96327,2.342422680822206
21709374,Entire home/apt,160,40.77566,-73.95065,2.2041199826559246
34470953,Private room,300,40.73968,-74.00455,2.4771212547196626
6371373,Private room,140,40.76525,-73.98895,2.146128035678238
30201476,Entire home/apt,300,40.71532,-74.00645,2.4771212547196626
12090887,Private room,60,40.8131,-73.96074,1.7781512503836436
20048909,Entire home/apt,250,40.73848,-74.00503,2.3979400086720375
2240661,Entire home/apt,180,40.77226,-73.95895,2.255272505103306
33388510,Entire home/apt,200,40.80622,-73.94171,2.3010299956639813
14150846,Entire home/apt,140,40.72564,-73.98772,2.146128035678238
36414101,Entire home/apt,90,40.80505,-73.94894,1.954242509439325
31408487,Entire home/apt,90,40.73065,-73.98523,1.954242509439325
16289576,Private room,80,40.7892,-73.9734,1.9030899869919435
13328254,Private room,150,40.71336,-73.98977,2.1760912590556813
21306332,Entire home/apt,170,40.74071,-73.99977,2.230448921378274
4325244,Entire home/apt,150,40.73073,-73.98105,2.1760912590556813
9479084,Entire home/apt,180,40.71183,-73.99685,2.255272505103306
30035166,Entire home/apt,5000,40.82511,-73.94961,3.6989700043360187
31149641,Private room,100,40.79721,-73.96875,2
17666011,Private room,120,40.79712,-73.96117,2.0791812460476247
9885501,Private room,90,40.72143,-73.97892,1.954242509439325
4431674,Entire home/apt,150,40.80066,-73.95147,2.1760912590556813
9112240,Entire home/apt,180,40.73014,-73.98019,2.255272505103306
20256027,Private room,70,40.74195,-73.97826,1.845098040014257
13318239,Entire home/apt,160,40.7885,-73.9494,2.2041199826559246
1292428,Private room,120,40.7433,-73.99832,2.0791812460476247
7860155,Private room,90,40.76312,-73.96624,1.954242509439325
7501794,Entire home/apt,110,40.8051,-73.95069,2.041392685158225
11981145,Entire home/apt,110,40.76955,-73.95002,2.041392685158225
29995154,Private room,80,40.75989,-73.99227,1.9030899869919435
23946797,Entire home/apt,50,40.80942,-73.93701,1.6989700043360187
47370,Entire home/apt,120,40.74031,-73.99999,2.0791812460476247
24995291,Entire home/apt,300,40.80083,-73.93778,2.4771212547196626
7192809,Entire home/apt,500,40.73888,-73.99897,2.6989700043360187
36069486,Private room,90,40.80199,-73.95779,1.954242509439325
35681056,Entire home/apt,250,40.75597,-73.99457,2.3979400086720375
230877,Entire home/apt,140,40.79239,-73.94535,2.146128035678238
2735650,Entire home/apt,140,40.79496,-73.97349,2.146128035678238
35040805,Entire home/apt,200,40.76044,-73.97012,2.3010299956639813
26895277,Private room,80,40.71194,-73.97792,1.9030899869919435
14314562,Entire home/apt,350,40.74426,-73.9825,2.5440680443502757
4747624,Private room,160,40.7123,-73.9956,2.2041199826559246
4235843,Private room,60,40.78627,-73.94316,1.7781512503836436
265145,Entire home/apt,200,40.76217,-73.98411,2.3010299956639813
19967297,Private room,110,40.82329,-73.95184,2.041392685158225
31955252,Private room,80,40.80725,-73.95471,1.9030899869919435
31802641,Entire home/apt,180,40.77809,-73.97962,2.255272505103306
3616001,Entire home/apt,300,40.70883,-74.01266,2.4771212547196626
35994980,Private room,80,40.79584,-73.94747,1.9030899869919435
13914237,Entire home/apt,70,40.78173,-73.98601,1.845098040014257
13125150,Entire home/apt,220,40.7304,-74.00887,2.342422680822206
27656768,Private room,70,40.80116,-73.96088,1.845098040014257
35467734,Entire home/apt,300,40.74399,-73.97753,2.4771212547196626
5647416,Entire home/apt,160,40.76923,-73.95034,2.2041199826559246
20412884,Entire home/apt,410,40.75878,-73.97069,2.6127838567197355
25477608,Private room,120,40.77403,-73.98803,2.0791812460476247
5727850,Private room,70,40.70854,-73.99992,1.845098040014257
23668740,Entire home/apt,160,40.74657,-73.98691,2.2041199826559246
6831518,Private room,100,40.74733,-73.99023,2
31167434,Private room,100,40.75518,-73.99568,2
651375,Entire home/apt,600,40.72381,-73.99684,2.7781512503836434
30800868,Private room,130,40.77824,-73.98255,2.113943352306837
17619003,Entire home/apt,220,40.78172,-73.94827,2.342422680822206
9117976,Private room,40,40.82827,-73.9493,1.6020599913279623
13398837,Private room,80,40.72057,-73.99185,1.9030899869919435
32496993,Entire home/apt,500,40.71936,-73.98402,2.6989700043360187
36018376,Entire home/apt,150,40.77097,-73.95245,2.1760912590556813
31828585,Private room,50,40.82049,-73.95268,1.6989700043360187
26131873,Entire home/apt,200,40.76234,-73.98947,2.3010299956639813
18109817,Entire home/apt,120,40.76476,-73.99453,2.0791812460476247
34834383,Entire home/apt,200,40.75534,-73.96446,2.3010299956639813
9492069,Entire home/apt,250,40.70864,-74.00675,2.3979400086720375
20299,Private room,60,40.72334,-73.9844,1.7781512503836436
25610763,Private room,60,40.7551,-73.99674,1.7781512503836436
30387983,Entire home/apt,360,40.76034,-73.98656,2.5563025007672873
12855923,Private room,60,40.8242,-73.94777,1.7781512503836436
16027312,Entire home/apt,160,40.7806,-73.95178,2.2041199826559246
1708771,Private room,80,40.85287,-73.93794,1.9030899869919435
21817570,Entire home/apt,100,40.76951,-73.96192,2
8555411,Entire home/apt,130,40.7796,-73.94806,2.113943352306837
26362,Private room,60,40.75527,-73.99291,1.7781512503836436
21406504,Entire home/apt,130,40.78996,-73.94873,2.113943352306837
12409217,Entire home/apt,100,40.76347,-73.99296,2
34180413,Entire home/apt,380,40.74618,-73.9963,2.57978359661681
29148550,Entire home/apt,120,40.74472,-73.97932,2.0791812460476247
20557804,Entire home/apt,150,40.77531,-73.95165,2.1760912590556813
13675798,Entire home/apt,100,40.77798,-73.95251,2
9445593,Entire home/apt,310,40.72419,-74.00451,2.4913616938342726
25230902,Entire home/apt,200,40.72765,-73.98669,2.3010299956639813
2186699,Entire home/apt,160,40.74259,-73.99708,2.2041199826559246
5432089,Entire home/apt,820,40.82249,-73.94479,2.9138138523837167
36029952,Entire home/apt,150,40.72088,-74.00318,2.1760912590556813
9820053,Entire home/apt,200,40.72688,-74.00058,2.3010299956639813
24943903,Entire home/apt,170,40.76093,-73.98192,2.230448921378274
9341671,Entire home/apt,150,40.81293,-73.95191,2.1760912590556813
34978133,Entire home/apt,180,40.7266,-73.9875,2.255272505103306
34040940,Entire home/apt,150,40.741,-73.98056,2.1760912590556813
6688780,Private room,40,40.87495,-73.90982,1.6020599913279623
698327,Private room,70,40.74034,-74.00259,1.845098040014257
8973075,Private room,140,40.75531,-73.97147,2.146128035678238
8126631,Private room,40,40.81993,-73.94704,1.6020599913279623
32788464,Entire home/apt,140,40.77032,-73.95498,2.146128035678238
13710241,Private room,110,40.801,-73.95833,2.041392685158225
36273876,Shared room,100,40.77574,-73.95324,2
34227846,Shared room,60,40.74605,-73.98634,1.7781512503836436
10083881,Entire home/apt,100,40.80986,-73.95945,2
9550171,Entire home/apt,230,40.77472,-73.98323,2.361727836017593
22017344,Entire home/apt,490,40.76656,-73.98848,2.690196080028514
29945246,Entire home/apt,120,40.74419,-74.00067,2.0791812460476247
7864877,Entire home/apt,240,40.80156,-73.95128,2.380211241711606
9699559,Entire home/apt,150,40.74106,-73.97818,2.1760912590556813
10226511,Private room,100,40.73728,-73.9842,2
1056445,Entire home/apt,420,40.77014,-73.96222,2.6232492903979003
25231230,Private room,50,40.80149,-73.96375,1.6989700043360187
30153101,Entire home/apt,90,40.72829,-73.98452,1.954242509439325
17344027,Private room,100,40.74462,-74.00139,2
2707824,Private room,100,40.72173,-73.99383,2
35228252,Entire home/apt,200,40.7267,-73.97965,2.3010299956639813
2223082,Entire home/apt,280,40.74502,-74.00429,2.4471580313422194
13114072,Entire home/apt,270,40.76367,-73.98345,2.4313637641589874
36170293,Private room,40,40.82808,-73.94126,1.6020599913279623
18290402,Entire home/apt,210,40.74911,-74.00125,2.322219294733919
7417520,Entire home/apt,250,40.72228,-73.9838,2.3979400086720375
7065748,Private room,60,40.72332,-73.97985,1.7781512503836436
12598446,Entire home/apt,280,40.7986,-73.96229,2.4471580313422194
33096377,Entire home/apt,280,40.73223,-73.98134,2.4471580313422194
9183131,Private room,140,40.74406,-73.99287,2.146128035678238
24367113,Entire home/apt,180,40.78026,-73.954,2.255272505103306
23940102,Entire home/apt,120,40.77172,-73.95427,2.0791812460476247
21754221,Entire home/apt,190,40.72566,-74.00075,2.278753600952829
32818954,Private room,120,40.71952,-73.99167,2.0791812460476247
25679101,Private room,100,40.79613,-73.96468,2
10676959,Private room,90,40.80097,-73.9489,1.954242509439325
34834620,Entire home/apt,200,40.7554,-73.96474,2.3010299956639813
11750766,Entire home/apt,240,40.75754,-73.96129,2.380211241711606
22233039,Private room,30,40.80961,-73.94588,1.4771212547196624
12600938,Private room,80,40.80118,-73.94513,1.9030899869919435
4363228,Entire home/apt,180,40.71847,-73.98246,2.255272505103306
34117732,Private room,40,40.76654,-73.95825,1.6020599913279623
22600713,Entire home/apt,140,40.71774,-73.99057,2.146128035678238
13386360,Entire home/apt,80,40.71962,-73.98241,1.9030899869919435
29028668,Entire home/apt,140,40.81088,-73.95677,2.146128035678238
23636223,Private room,40,40.78353,-73.97802,1.6020599913279623
21881605,Entire home/apt,410,40.75597,-73.99494,2.6127838567197355
27937564,Private room,130,40.73086,-74.00498,2.113943352306837
34202651,Entire home/apt,500,40.79097,-73.96885,2.6989700043360187
729841,Entire home/apt,200,40.73616,-74.004,2.3010299956639813
2488022,Private room,60,40.8151,-73.95147,1.7781512503836436
34958857,Entire home/apt,140,40.77045,-73.94959,2.146128035678238
4235961,Entire home/apt,280,40.74366,-73.99721,2.4471580313422194
10482237,Private room,80,40.74751,-73.99483,1.9030899869919435
13489234,Entire home/apt,180,40.75823,-73.96453,2.255272505103306
21281237,Entire home/apt,230,40.81197,-73.93891,2.361727836017593
9861747,Private room,180,40.70629,-74.0098,2.255272505103306
27248487,Entire home/apt,200,40.73394,-74.00175,2.3010299956639813
12845862,Private room,100,40.77912,-73.95594,2
11718329,Private room,40,40.79469,-73.96575,1.6020599913279623
7542840,Private room,80,40.79452,-73.97065,1.9030899869919435
3575859,Private room,120,40.72802,-73.99644,2.0791812460476247
1935826,Private room,90,40.80688,-73.94932,1.954242509439325
10031436,Private room,90,40.71686,-73.98346,1.954242509439325
33007551,Private room,80,40.76092,-73.95154,1.9030899869919435
32226740,Entire home/apt,150,40.76242,-73.9925,2.1760912590556813
30312506,Entire home/apt,260,40.75907,-73.99558,2.4149733479708178
22529131,Entire home/apt,180,40.7211,-73.99321,2.255272505103306
11671588,Entire home/apt,150,40.78833,-73.97026,2.1760912590556813
22306848,Entire home/apt,400,40.77654,-73.97694,2.6020599913279625
36423704,Entire home/apt,250,40.74604,-73.97228,2.3979400086720375
29433879,Entire home/apt,300,40.72726,-73.97934,2.4771212547196626
28656606,Entire home/apt,300,40.79517,-73.97392,2.4771212547196626
33994677,Entire home/apt,790,40.7431,-73.98137,2.8976270912904414
33608666,Private room,110,40.7461,-74.00329,2.041392685158225
31690969,Private room,100,40.75979,-73.96463,2
27788038,Shared room,50,40.79861,-73.94116,1.6989700043360187
30354291,Private room,90,40.78353,-73.94592,1.954242509439325
13761856,Entire home/apt,250,40.8235,-73.94332,2.3979400086720375
16309538,Entire home/apt,200,40.73256,-73.98622,2.3010299956639813
11652590,Private room,100,40.80069,-73.95341,2
14705209,Entire home/apt,120,40.74993,-73.977,2.0791812460476247
35428765,Entire home/apt,150,40.86639,-73.92369,2.1760912590556813
1954429,Entire home/apt,150,40.85516,-73.93717,2.1760912590556813
17756109,Entire home/apt,800,40.76305,-73.97841,2.9030899869919438
35146846,Entire home/apt,80,40.82693,-73.95142,1.9030899869919435
22436770,Entire home/apt,1500,40.76075,-73.99837,3.1760912590556813
16393395,Private room,80,40.74929,-73.99545,1.9030899869919435
9746225,Entire home/apt,250,40.72823,-74.00571,2.3979400086720375
17257473,Entire home/apt,360,40.81922,-73.95672,2.5563025007672873
21278102,Private room,160,40.80421,-73.9502,2.2041199826559246
21136144,Private room,100,40.79803,-73.93648,2
33422134,Entire home/apt,160,40.79889,-73.9393,2.2041199826559246
7782340,Entire home/apt,180,40.79063,-73.97864,2.255272505103306
7966943,Entire home/apt,400,40.72672,-73.97965,2.6020599913279625
25798461,Entire home/apt,650,40.72555,-73.99283,2.8129133566428557
7774373,Entire home/apt,240,40.74327,-73.99848,2.380211241711606
347865,Entire home/apt,190,40.72143,-73.98117,2.278753600952829
525120,Entire home/apt,140,40.74767,-74.01061,2.146128035678238
26574652,Private room,60,40.79872,-73.93954,1.7781512503836436
31316889,Entire home/apt,200,40.76325,-73.99012,2.3010299956639813
12025076,Private room,70,40.81942,-73.94264,1.845098040014257
9758320,Entire home/apt,120,40.83113,-73.94597,2.0791812460476247
13419864,Private room,150,40.78521,-73.95006,2.1760912590556813
6359111,Entire home/apt,320,40.74853,-73.98192,2.505149978319906
999984,Entire home/apt,300,40.73303,-74.00237,2.4771212547196626
22748332,Entire home/apt,340,40.74322,-73.98005,2.531478917042255
24857723,Entire home/apt,150,40.7292,-73.98491,2.1760912590556813
31787990,Private room,80,40.83919,-73.94585,1.9030899869919435
9790355,Private room,300,40.73455,-74.00312,2.4771212547196626
7002884,Entire home/apt,100,40.78551,-73.94167,2
22972357,Private room,50,40.83755,-73.94224,1.6989700043360187
32098667,Private room,100,40.71214,-73.99643,2
29331191,Entire home/apt,260,40.77691,-73.98263,2.4149733479708178
19203963,Entire home/apt,250,40.72249,-73.99507,2.3979400086720375
2969919,Private room,240,40.73726,-73.99399,2.380211241711606
29417325,Private room,150,40.71904,-74.00857,2.1760912590556813
36231329,Entire home/apt,240,40.77735,-73.98072,2.380211241711606
8520836,Entire home/apt,300,40.74026,-74.00091,2.4771212547196626
4331691,Entire home/apt,100,40.71845,-73.986,2
31760509,Private room,80,40.80351,-73.95822,1.9030899869919435
30388972,Entire home/apt,280,40.75995,-73.98728,2.4471580313422194
1231273,Entire home/apt,200,40.76168,-73.9949,2.3010299956639813
31041659,Private room,60,40.82179,-73.95283,1.7781512503836436
17442248,Private room,80,40.79215,-73.97108,1.9030899869919435
33893655,Entire home/apt,220,40.7243,-74.0111,2.342422680822206
20623171,Private room,80,40.72132,-73.98068,1.9030899869919435
34607651,Entire home/apt,150,40.80013,-73.93742,2.1760912590556813
19699039,Entire home/apt,140,40.71799,-73.98657,2.146128035678238
4813342,Entire home/apt,100,40.76497,-73.98854,2
13075158,Private room,80,40.71287,-73.99811,1.9030899869919435
8754339,Shared room,60,40.8465,-73.94319,1.7781512503836436
20691057,Entire home/apt,150,40.72405,-73.97747,2.1760912590556813
34093881,Entire home/apt,250,40.75618,-73.99321,2.3979400086720375
313890,Entire home/apt,100,40.72209,-73.99274,2
28831635,Private room,150,40.76831,-73.95629,2.1760912590556813
8068089,Entire home/apt,80,40.71373,-73.98465,1.9030899869919435
24491178,Entire home/apt,180,40.72503,-74.0013,2.255272505103306
28153873,Entire home/apt,380,40.73281,-74.00688,2.57978359661681
14095224,Private room,100,40.72166,-73.98327,2
9879796,Entire home/apt,250,40.76429,-73.95774,2.3979400086720375
31795059,Entire home/apt,130,40.71683,-73.99172,2.113943352306837
17512282,Entire home/apt,150,40.74526,-73.97679,2.1760912590556813
14180414,Private room,100,40.73178,-73.98613,2
34251680,Private room,70,40.85015,-73.93863,1.845098040014257
31638687,Entire home/apt,180,40.77112,-73.95405,2.255272505103306
26769087,Private room,150,40.77782,-73.98762,2.1760912590556813
21984139,Entire home/apt,110,40.769,-73.98757,2.041392685158225
33911544,Entire home/apt,160,40.76458,-73.96759,2.2041199826559246
2012368,Entire home/apt,120,40.71695,-73.99178,2.0791812460476247
23582263,Entire home/apt,200,40.76833,-73.96156,2.3010299956639813
34959441,Entire home/apt,140,40.77031,-73.95007,2.146128035678238
19176390,Entire home/apt,220,40.7598,-73.99033,2.342422680822206
30710341,Entire home/apt,180,40.78791,-73.97404,2.255272505103306
29640481,Entire home/apt,200,40.75983,-73.99064,2.3010299956639813
51572,Private room,120,40.74859,-73.99671,2.0791812460476247
30697483,Private room,60,40.7126,-73.99376,1.7781512503836436
35766124,Private room,160,40.73243,-74.00333,2.2041199826559246
35653043,Private room,350,40.76465,-73.98155,2.5440680443502757
34490379,Private room,100,40.76251,-73.98392,2
23020466,Entire home/apt,120,40.80375,-73.93599,2.0791812460476247
2250372,Entire home/apt,1550,40.74422,-73.97822,3.1903316981702914
15233387,Entire home/apt,300,40.7671,-73.98148,2.4771212547196626
22160989,Entire home/apt,200,40.8025,-73.93775,2.3010299956639813
30193032,Entire home/apt,680,40.75363,-73.96648,2.832508912706236
12274916,Entire home/apt,250,40.77346,-73.9559,2.3979400086720375
29900235,Private room,40,40.80646,-73.94829,1.6020599913279623
17108995,Private room,140,40.76109,-73.99305,2.146128035678238
25811825,Entire home/apt,250,40.75652,-73.99069,2.3979400086720375
13059537,Entire home/apt,180,40.7034,-74.00787,2.255272505103306
28520092,Entire home/apt,300,40.76542,-73.98754,2.4771212547196626
3223080,Entire home/apt,150,40.72652,-74.00266,2.1760912590556813
20390786,Private room,80,40.72178,-73.98645,1.9030899869919435
2686002,Private room,100,40.75413,-73.96792,2
12113494,Entire home/apt,160,40.7672,-73.9695,2.2041199826559246
13848199,Private room,70,40.82508,-73.93884,1.845098040014257
26594677,Private room,180,40.75357,-73.97313,2.255272505103306
22124017,Entire home/apt,280,40.75803,-73.99853,2.4471580313422194
21596013,Entire home/apt,120,40.79307,-73.97449,2.0791812460476247
34029489,Private room,500,40.75662,-73.99333,2.6989700043360187
16312536,Entire home/apt,60,40.84517,-73.93748,1.7781512503836436
34491852,Private room,100,40.76112,-73.98377,2
848174,Entire home/apt,190,40.73031,-73.98426,2.278753600952829
31283531,Entire home/apt,450,40.79618,-73.94142,2.6532125137753435
18688150,Private room,60,40.818,-73.94134,1.7781512503836436
5316266,Entire home/apt,120,40.81186,-73.94019,2.0791812460476247
5050664,Private room,80,40.71848,-73.99549,1.9030899869919435
31085213,Private room,210,40.756,-73.99783,2.322219294733919
20665530,Private room,120,40.71405,-73.99291,2.0791812460476247
24101160,Entire home/apt,410,40.74481,-73.97879,2.6127838567197355
26837834,Private room,90,40.80527,-73.95106,1.954242509439325
831911,Entire home/apt,150,40.77627,-73.98365,2.1760912590556813
30394324,Entire home/apt,240,40.7396,-73.97938,2.380211241711606
7403108,Entire home/apt,60,40.80419,-73.96268,1.7781512503836436
28441716,Entire home/apt,230,40.7557,-73.99337,2.361727836017593
27104485,Entire home/apt,250,40.73144,-74.00523,2.3979400086720375
32611643,Entire home/apt,280,40.80782,-73.94132,2.4471580313422194
2159898,Entire home/apt,190,40.72671,-73.98437,2.278753600952829
14471418,Entire home/apt,650,40.76079,-73.97528,2.8129133566428557
4276762,Entire home/apt,310,40.83048,-73.9437,2.4913616938342726
3993392,Entire home/apt,230,40.81453,-73.94807,2.361727836017593
33138276,Private room,150,40.70522,-74.00925,2.1760912590556813
8306839,Private room,400,40.76502,-73.98198,2.6020599913279625
29240070,Private room,370,40.70604,-74.00869,2.568201724066995
7341077,Entire home/apt,130,40.72168,-73.98418,2.113943352306837
35841291,Private room,100,40.86471,-73.92474,2
16172895,Entire home/apt,150,40.74111,-73.99594,2.1760912590556813
35031939,Private room,60,40.82204,-73.95566,1.7781512503836436
35971885,Private room,100,40.74672,-74.00431,2
9148875,Entire home/apt,150,40.79779,-73.93648,2.1760912590556813
21469568,Private room,130,40.80272,-73.96629,2.113943352306837
22556901,Entire home/apt,160,40.7277,-73.99007,2.2041199826559246
799484,Entire home/apt,120,40.7449,-73.97656,2.0791812460476247
34323686,Entire home/apt,190,40.76169,-73.99626,2.278753600952829
12318497,Entire home/apt,150,40.72591,-73.98,2.1760912590556813
33645723,Private room,50,40.84427,-73.93742,1.6989700043360187
21118725,Private room,100,40.71396,-73.99151,2
204959,Private room,100,40.713,-73.99752,2
29983341,Entire home/apt,400,40.76192,-73.99698,2.6020599913279625
6908209,Entire home/apt,160,40.74138,-74.00072,2.2041199826559246
7308118,Private room,120,40.72819,-73.98589,2.0791812460476247
21622153,Private room,60,40.82604,-73.94998,1.7781512503836436
27417822,Entire home/apt,250,40.77725,-73.98407,2.3979400086720375
27807260,Private room,150,40.79409,-73.94007,2.1760912590556813
911092,Entire home/apt,140,40.723,-73.97861,2.146128035678238
34569686,Entire home/apt,100,40.70714,-74.00525,2
35448514,Private room,90,40.80485,-73.9581,1.954242509439325
35161225,Entire home/apt,500,40.73863,-73.99965,2.6989700043360187
10377445,Private room,600,40.74357,-73.98466,2.7781512503836434
30746904,Entire home/apt,180,40.71387,-73.99414,2.255272505103306
22232425,Entire home/apt,80,40.80639,-73.94834,1.9030899869919435
9531148,Entire home/apt,180,40.76941,-73.98162,2.255272505103306
29095984,Entire home/apt,200,40.77003,-73.95018,2.3010299956639813
637716,Entire home/apt,160,40.72095,-73.99401,2.2041199826559246
16487077,Entire home/apt,200,40.74593,-73.98687,2.3010299956639813
334781,Private room,80,40.82772,-73.93877,1.9030899869919435
9014126,Private room,90,40.7268,-73.98027,1.954242509439325
24493058,Entire home/apt,220,40.8082,-73.94252,2.342422680822206
29879085,Entire home/apt,190,40.72575,-73.98236,2.278753600952829
4539906,Entire home/apt,200,40.75381,-73.99491,2.3010299956639813
15462208,Entire home/apt,140,40.79575,-73.94817,2.146128035678238
33971836,Shared room,70,40.76447,-73.99103,1.845098040014257
21489753,Entire home/apt,180,40.74689,-73.9781,2.255272505103306
6362061,Entire home/apt,100,40.78185,-73.97844,2
35060288,Entire home/apt,260,40.72604,-73.98843,2.4149733479708178
30941062,Private room,90,40.76732,-73.98482,1.954242509439325
31085806,Private room,100,40.76521,-73.96337,2
34979429,Private room,100,40.74329,-73.98253,2
12114040,Entire home/apt,100,40.74939,-73.98292,2
13830463,Entire home/apt,100,40.72712,-73.98705,2
35152601,Entire home/apt,350,40.72363,-73.99832,2.5440680443502757
7651418,Entire home/apt,160,40.71903,-73.9904,2.2041199826559246
4778638,Private room,40,40.80882,-73.94165,1.6020599913279623
3849226,Private room,150,40.72569,-74.00331,2.1760912590556813
32962319,Shared room,60,40.73216,-73.98937,1.7781512503836436
30394223,Entire home/apt,250,40.70593,-74.0091,2.3979400086720375
27857163,Entire home/apt,300,40.75216,-73.97172,2.4771212547196626
6246559,Entire home/apt,120,40.72587,-73.98244,2.0791812460476247
13173176,Private room,60,40.82015,-73.94593,1.7781512503836436
22169843,Entire home/apt,90,40.72388,-73.98411,1.954242509439325
29777278,Private room,80,40.80475,-73.95081,1.9030899869919435
17014809,Private room,120,40.80769,-73.95505,2.0791812460476247
6725463,Shared room,160,40.74786,-73.97277,2.2041199826559246
18206686,Entire home/apt,220,40.73373,-73.98962,2.342422680822206
21516275,Entire home/apt,200,40.76667,-73.9587,2.3010299956639813
12181549,Entire home/apt,110,40.71279,-73.99445,2.041392685158225
34023619,Entire home/apt,130,40.77362,-73.94886,2.113943352306837
31469483,Entire home/apt,400,40.76137,-73.95992,2.6020599913279625
10704981,Entire home/apt,180,40.79816,-73.97178,2.255272505103306
30733576,Private room,80,40.7124,-73.99054,1.9030899869919435
33396290,Entire home/apt,560,40.8357,-73.94234,2.7481880270062002
11444671,Private room,60,40.82283,-73.95247,1.7781512503836436
13173415,Private room,180,40.7615,-73.98527,2.255272505103306
21027182,Private room,160,40.76181,-73.9905,2.2041199826559246
550777,Entire home/apt,210,40.7964,-73.9675,2.322219294733919
32241577,Entire home/apt,220,40.70762,-74.01105,2.342422680822206
18586873,Entire home/apt,90,40.75898,-73.99035,1.954242509439325
25543561,Entire home/apt,500,40.74383,-73.97798,2.6989700043360187
3868100,Entire home/apt,220,40.72168,-73.98876,2.342422680822206
30106990,Private room,210,40.75438,-73.99759,2.322219294733919
35029487,Entire home/apt,180,40.7482,-73.98599,2.255272505103306
13511359,Private room,110,40.72152,-73.9838,2.041392685158225
33972460,Entire home/apt,180,40.722,-73.98256,2.255272505103306
34676486,Entire home/apt,450,40.76465,-73.98812,2.6532125137753435
31801816,Private room,150,40.76463,-73.98772,2.1760912590556813
30595611,Entire home/apt,250,40.76323,-73.98893,2.3979400086720375
21175160,Private room,80,40.81821,-73.94746,1.9030899869919435
30388057,Entire home/apt,310,40.723,-73.98415,2.4913616938342726
19117903,Private room,120,40.73123,-73.99374,2.0791812460476247
747029,Private room,160,40.74314,-74.00119,2.2041199826559246
7757549,Private room,210,40.74212,-73.99828,2.322219294733919
3302905,Entire home/apt,180,40.7381,-74.00489,2.255272505103306
22925367,Shared room,30,40.80228,-73.93903,1.4771212547196624
9886606,Private room,90,40.79108,-73.94642,1.954242509439325
35655420,Entire home/apt,240,40.74825,-73.98101,2.380211241711606
14292249,Private room,180,40.74164,-73.98275,2.255272505103306
1150869,Entire home/apt,170,40.80815,-73.96779,2.230448921378274
6425751,Entire home/apt,270,40.76525,-73.99056,2.4313637641589874
30427521,Entire home/apt,110,40.72792,-73.99877,2.041392685158225
34489723,Private room,100,40.76179,-73.98589,2
9794825,Private room,110,40.76339,-73.99404,2.041392685158225
31650146,Entire home/apt,110,40.71991,-73.98505,2.041392685158225
21982707,Entire home/apt,150,40.73144,-74.00388,2.1760912590556813
5509802,Entire home/apt,300,40.79582,-73.9479,2.4771212547196626
18239876,Entire home/apt,100,40.83694,-73.94212,2
33492744,Entire home/apt,100,40.79463,-73.94604,2
19248044,Entire home/apt,180,40.77949,-73.98,2.255272505103306
16382645,Entire home/apt,230,40.72934,-74.00025,2.361727836017593
25889072,Private room,70,40.81338,-73.96042,1.845098040014257
35650326,Private room,80,40.76954,-73.94959,1.9030899869919435
8887907,Private room,50,40.87157,-73.91744,1.6989700043360187
13760233,Private room,60,40.72232,-73.99579,1.7781512503836436
31499021,Private room,90,40.78062,-73.95173,1.954242509439325
15421279,Private room,50,40.82991,-73.94848,1.6989700043360187
35808316,Entire home/apt,200,40.70964,-74.01798,2.3010299956639813
6919971,Entire home/apt,70,40.80108,-73.9705,1.845098040014257
7710250,Private room,90,40.75669,-73.96411,1.954242509439325
34323711,Entire home/apt,160,40.75975,-73.98586,2.2041199826559246
9328578,Entire home/apt,230,40.82287,-73.94561,2.361727836017593
10319699,Entire home/apt,70,40.82317,-73.94507,1.845098040014257
22611675,Private room,20,40.8372,-73.94196,1.3010299956639813
17980714,Private room,50,40.73242,-73.9868,1.6989700043360187
29862444,Entire home/apt,180,40.79202,-73.96887,2.255272505103306
2882666,Entire home/apt,150,40.79972,-73.96418,2.1760912590556813
33972459,Entire home/apt,350,40.85167,-73.92868,2.5440680443502757
35357079,Private room,100,40.81369,-73.94239,2
74404,Entire home/apt,250,40.80276,-73.9567,2.3979400086720375
25222993,Entire home/apt,150,40.81759,-73.94385,2.1760912590556813
7528664,Private room,70,40.71289,-73.98877,1.845098040014257
10941762,Entire home/apt,400,40.72221,-73.99284,2.6020599913279625
923566,Entire home/apt,200,40.78775,-73.98152,2.3010299956639813
26158857,Entire home/apt,200,40.70512,-74.01097,2.3010299956639813
9132807,Entire home/apt,140,40.75242,-73.97187,2.146128035678238
7023583,Private room,40,40.80481,-73.96375,1.6020599913279623
5085803,Entire home/apt,100,40.78151,-73.94775,2
8532128,Entire home/apt,120,40.7818,-73.95122,2.0791812460476247
32681584,Private room,350,40.78136,-73.97988,2.5440680443502757
28286395,Private room,110,40.76671,-73.98413,2.041392685158225
28841309,Entire home/apt,160,40.75768,-73.99417,2.2041199826559246
18849349,Entire home/apt,150,40.74154,-74.00161,2.1760912590556813
13654347,Entire home/apt,250,40.79774,-73.97274,2.3979400086720375
8932049,Private room,80,40.79207,-73.94196,1.9030899869919435
33155206,Entire home/apt,190,40.76309,-73.98063,2.278753600952829
1846528,Entire home/apt,100,40.72369,-73.9753,2
33715755,Private room,100,40.73568,-73.98188,2
20194454,Private room,360,40.75155,-73.97356,2.5563025007672873
6923161,Private room,90,40.80152,-73.9509,1.954242509439325
12955262,Entire home/apt,150,40.81806,-73.95374,2.1760912590556813
22667641,Entire home/apt,200,40.76373,-73.96595,2.3010299956639813
6614604,Private room,50,40.83721,-73.93894,1.6989700043360187
34419834,Entire home/apt,400,40.76557,-73.98399,2.6020599913279625
7580481,Entire home/apt,160,40.71767,-73.99004,2.2041199826559246
21512039,Private room,140,40.70507,-74.009,2.146128035678238
14397396,Entire home/apt,210,40.77315,-73.95848,2.322219294733919
23576986,Private room,40,40.83767,-73.94171,1.6020599913279623
9997433,Entire home/apt,150,40.73048,-73.98197,2.1760912590556813
7611169,Private room,100,40.7324,-73.98883,2
25516958,Entire home/apt,180,40.74326,-74.00278,2.255272505103306
11677489,Entire home/apt,180,40.71555,-73.99091,2.255272505103306
34118882,Entire home/apt,230,40.70632,-74.01073,2.361727836017593
4916150,Private room,80,40.7082,-74.00139,1.9030899869919435
31670625,Entire home/apt,250,40.70504,-74.00787,2.3979400086720375
23790744,Private room,60,40.80442,-73.95629,1.7781512503836436
775238,Private room,60,40.72578,-73.98448,1.7781512503836436
27544396,Entire home/apt,300,40.79291,-73.97599,2.4771212547196626
15789405,Private room,80,40.7208,-73.9819,1.9030899869919435
9560034,Private room,80,40.72136,-73.98767,1.9030899869919435
27385966,Entire home/apt,470,40.75975,-73.98698,2.6720978579357175
4868150,Entire home/apt,180,40.76736,-73.98383,2.255272505103306
25834662,Private room,60,40.75545,-73.99556,1.7781512503836436
44506,Entire home/apt,160,40.81526,-73.94791,2.2041199826559246
31737653,Entire home/apt,120,40.83583,-73.93847,2.0791812460476247
14104044,Entire home/apt,80,40.74733,-73.97289,1.9030899869919435
981494,Entire home/apt,100,40.81062,-73.96015,2
24580943,Private room,160,40.85264,-73.93976,2.2041199826559246
33771697,Entire home/apt,270,40.7762,-73.98028,2.4313637641589874
239826,Entire home/apt,400,40.73685,-73.98359,2.6020599913279625
3121851,Entire home/apt,90,40.76745,-73.98489,1.954242509439325
27393400,Entire home/apt,140,40.70856,-74.00659,2.146128035678238
31415232,Entire home/apt,180,40.81027,-73.94306,2.255272505103306
26574775,Entire home/apt,300,40.72366,-73.9903,2.4771212547196626
23454631,Private room,90,40.84305,-73.93877,1.954242509439325
16356884,Shared room,30,40.71239,-73.98626,1.4771212547196624
25786000,Entire home/apt,190,40.75565,-73.96722,2.278753600952829
26669199,Private room,90,40.72307,-73.98437,1.954242509439325
15657915,Private room,140,40.71995,-73.99461,2.146128035678238
1137270,Private room,140,40.78892,-73.97435,2.146128035678238
29875137,Entire home/apt,400,40.72753,-73.98285,2.6020599913279625
12040331,Entire home/apt,1000,40.73426,-73.99476,3
27390188,Entire home/apt,250,40.76711,-73.98685,2.3979400086720375
27237591,Entire home/apt,740,40.75425,-73.96556,2.8692317197309762
1530386,Entire home/apt,270,40.73988,-74.0036,2.4313637641589874
29549783,Private room,90,40.72322,-73.98689,1.954242509439325
19190579,Entire home/apt,120,40.76715,-73.95857,2.0791812460476247
32983049,Entire home/apt,210,40.74286,-73.99436,2.322219294733919
35304884,Entire home/apt,200,40.72896,-73.99201,2.3010299956639813
29803428,Entire home/apt,1120,40.73378,-74.00272,3.0492180226701815
5268045,Private room,100,40.76578,-73.95509,2
20000421,Private room,40,40.80895,-73.95266,1.6020599913279623
16778904,Private room,20,40.84353,-73.94201,1.3010299956639813
17605729,Private room,70,40.72833,-73.98118,1.845098040014257
21781859,Entire home/apt,220,40.76814,-73.98404,2.342422680822206
30224906,Entire home/apt,290,40.72566,-73.985,2.462397997898956
8438775,Private room,140,40.77697,-73.97698,2.146128035678238
33964102,Entire home/apt,130,40.80958,-73.95743,2.113943352306837
16780469,Private room,60,40.80249,-73.95622,1.7781512503836436
23684973,Private room,110,40.7368,-73.98518,2.041392685158225
32573359,Entire home/apt,310,40.74921,-73.97395,2.4913616938342726
31334292,Entire home/apt,140,40.75483,-73.99689,2.146128035678238
24132058,Entire home/apt,360,40.75305,-73.96947,2.5563025007672873
10541080,Entire home/apt,150,40.78975,-73.97001,2.1760912590556813
22735497,Entire home/apt,100,40.78662,-73.94109,2
22241573,Private room,120,40.74729,-73.98957,2.0791812460476247
29877195,Entire home/apt,200,40.74991,-73.97262,2.3010299956639813
3944233,Private room,130,40.75848,-73.98414,2.113943352306837
6026546,Entire home/apt,170,40.77793,-73.9602,2.230448921378274
35839537,Entire home/apt,100,40.74894,-73.98788,2
34184826,Private room,60,40.76915,-73.95515,1.7781512503836436
22081938,Private room,60,40.80147,-73.94451,1.7781512503836436
23463017,Private room,80,40.80899,-73.94225,1.9030899869919435
10116220,Private room,80,40.72354,-73.99333,1.9030899869919435
20796126,Entire home/apt,270,40.73476,-74.00477,2.4313637641589874
25966512,Private room,40,40.82961,-73.94525,1.6020599913279623
15465050,Private room,90,40.73352,-73.9873,1.954242509439325
258688,Entire home/apt,320,40.74031,-74.00532,2.505149978319906
299062,Private room,190,40.77272,-73.95307,2.278753600952829
9996830,Entire home/apt,90,40.8046,-73.9654,1.954242509439325
7198592,Entire home/apt,140,40.86717,-73.91943,2.146128035678238
36472171,Private room,80,40.86845,-73.92449,1.9030899869919435
16846074,Entire home/apt,170,40.75673,-73.99362,2.230448921378274
35069936,Entire home/apt,390,40.76256,-73.9904,2.591064607026499
33888418,Private room,180,40.72777,-73.97951,2.255272505103306
21395840,Entire home/apt,100,40.78098,-73.9467,2
6156319,Entire home/apt,180,40.78073,-73.94976,2.255272505103306
15113479,Entire home/apt,300,40.82158,-73.95592,2.4771212547196626
27602303,Entire home/apt,90,40.81756,-73.94099,1.954242509439325
3867705,Entire home/apt,180,40.7937,-73.9659,2.255272505103306
22790196,Entire home/apt,980,40.7152,-74.01368,2.9912260756924947
36150121,Entire home/apt,250,40.72833,-73.98482,2.3979400086720375
29895573,Private room,60,40.85114,-73.93754,1.7781512503836436
25972171,Private room,60,40.84813,-73.94349,1.7781512503836436
27237610,Entire home/apt,700,40.75231,-73.96707,2.845098040014257
10222008,Entire home/apt,110,40.73133,-73.98747,2.041392685158225
3715824,Entire home/apt,130,40.72669,-73.98419,2.113943352306837
25209293,Entire home/apt,180,40.72277,-73.99524,2.255272505103306
34716310,Entire home/apt,120,40.7768,-73.95166,2.0791812460476247
7006494,Entire home/apt,350,40.74613,-74.00468,2.5440680443502757
15241968,Private room,100,40.8014,-73.95793,2
22434082,Entire home/apt,220,40.73248,-74.00053,2.342422680822206
35314165,Entire home/apt,250,40.76828,-73.98755,2.3979400086720375
2856036,Entire home/apt,180,40.71484,-73.98977,2.255272505103306
2574386,Entire home/apt,280,40.74311,-74.00718,2.4471580313422194
32239640,Entire home/apt,470,40.70632,-74.0116,2.6720978579357175
8410347,Private room,70,40.8484,-73.93972,1.845098040014257
2329807,Entire home/apt,200,40.76054,-73.98508,2.3010299956639813
15928001,Entire home/apt,120,40.77754,-73.95641,2.0791812460476247
32288165,Entire home/apt,130,40.79658,-73.93284,2.113943352306837
35154253,Private room,110,40.72612,-73.98946,2.041392685158225
33035339,Shared room,80,40.76592,-73.98769,1.9030899869919435
21007762,Entire home/apt,100,40.86039,-73.92663,2
13130036,Entire home/apt,240,40.77586,-73.95164,2.380211241711606
10850008,Private room,130,40.80732,-73.9648,2.113943352306837
34511422,Entire home/apt,340,40.75697,-73.96312,2.531478917042255
22019519,Entire home/apt,200,40.76583,-73.98087,2.3010299956639813
13788013,Entire home/apt,200,40.77094,-73.95126,2.3010299956639813
30355793,Shared room,40,40.70981,-73.98702,1.6020599913279623
8738438,Entire home/apt,650,40.80745,-73.9418,2.8129133566428557
20480133,Private room,60,40.79787,-73.96802,1.7781512503836436
3848324,Entire home/apt,200,40.73123,-74.00428,2.3010299956639813
11062438,Entire home/apt,90,40.78482,-73.95191,1.954242509439325
30387885,Entire home/apt,300,40.76159,-73.98544,2.4771212547196626
6953013,Entire home/apt,110,40.79063,-73.94718,2.041392685158225
17797691,Entire home/apt,100,40.76999,-73.94928,2
31731555,Private room,80,40.80272,-73.96916,1.9030899869919435
30193239,Entire home/apt,710,40.75271,-73.96575,2.8512583487190755
29509877,Entire home/apt,220,40.74759,-73.98889,2.342422680822206
35966895,Private room,60,40.83029,-73.94191,1.7781512503836436
16323724,Entire home/apt,160,40.78297,-73.98141,2.2041199826559246
5271661,Private room,130,40.77484,-73.98659,2.113943352306837
24978091,Entire home/apt,120,40.74793,-73.97958,2.0791812460476247
2108237,Entire home/apt,300,40.77517,-73.98829,2.4771212547196626
32671733,Entire home/apt,170,40.7718,-73.99421,2.230448921378274
29073462,Private room,130,40.72182,-73.99963,2.113943352306837
27111881,Entire home/apt,200,40.75546,-73.98086,2.3010299956639813
6926686,Private room,100,40.7185,-73.99805,2
23450331,Private room,340,40.74848,-73.97609,2.531478917042255
9894741,Private room,60,40.83021,-73.94765,1.7781512503836436
30387263,Entire home/apt,280,40.71284,-74.00844,2.4471580313422194
22911635,Entire home/apt,190,40.75946,-73.96498,2.278753600952829
22944348,Entire home/apt,300,40.76716,-73.98779,2.4771212547196626
12056517,Entire home/apt,180,40.78115,-73.9466,2.255272505103306
31466176,Entire home/apt,110,40.81272,-73.9471,2.041392685158225
26333121,Private room,70,40.8131,-73.94459,1.845098040014257
36112923,Entire home/apt,170,40.77568,-73.98019,2.230448921378274
14821133,Entire home/apt,100,40.72931,-73.97925,2
2936192,Private room,120,40.73034,-73.99992,2.0791812460476247
13117160,Private room,60,40.84467,-73.93374,1.7781512503836436
825486,Entire home/apt,140,40.76744,-73.96118,2.146128035678238
20186673,Entire home/apt,180,40.77987,-73.94804,2.255272505103306
24166066,Entire home/apt,180,40.73354,-73.99982,2.255272505103306
25142331,Entire home/apt,290,40.78209,-73.97598,2.462397997898956
34582016,Private room,80,40.81775,-73.94931,1.9030899869919435
22514949,Private room,50,40.80055,-73.96078,1.6989700043360187
200645,Shared room,90,40.76739,-73.9557,1.954242509439325
22020827,Entire home/apt,150,40.80756,-73.94886,2.1760912590556813
12322923,Entire home/apt,160,40.74419,-73.99861,2.2041199826559246
35185876,Entire home/apt,220,40.74042,-73.99883,2.342422680822206
34587796,Entire home/apt,300,40.76239,-73.99003,2.4771212547196626
13642631,Entire home/apt,150,40.74179,-73.99855,2.1760912590556813
19593631,Entire home/apt,160,40.78242,-73.9547,2.2041199826559246
7329781,Entire home/apt,650,40.72044,-73.99568,2.8129133566428557
30325250,Entire home/apt,120,40.80453,-73.95015,2.0791812460476247
10017170,Entire home/apt,150,40.74676,-73.97682,2.1760912590556813
33307926,Private room,100,40.76446,-73.98123,2
7419230,Private room,100,40.72163,-73.97888,2
34423018,Entire home/apt,130,40.74079,-73.97965,2.113943352306837
17544058,Shared room,40,40.76675,-73.95428,1.6020599913279623
34429111,Shared room,40,40.74532,-73.97534,1.6020599913279623
2645558,Entire home/apt,200,40.73409,-73.98559,2.3010299956639813
30387495,Entire home/apt,320,40.77722,-73.98262,2.505149978319906
26946148,Entire home/apt,100,40.82237,-73.94001,2
2010971,Entire home/apt,150,40.8083,-73.9439,2.1760912590556813
21289615,Private room,120,40.72615,-73.98303,2.0791812460476247
33134698,Private room,80,40.80071,-73.96616,1.9030899869919435
35040055,Entire home/apt,280,40.75484,-73.9939,2.4471580313422194
7264659,Entire home/apt,200,40.78931,-73.9752,2.3010299956639813
35991606,Entire home/apt,260,40.84154,-73.93766,2.4149733479708178
21633621,Entire home/apt,110,40.81272,-73.9517,2.041392685158225
15178929,Entire home/apt,90,40.79528,-73.94418,1.954242509439325
24034429,Entire home/apt,180,40.72642,-73.98402,2.255272505103306
20976974,Private room,110,40.72234,-73.99625,2.041392685158225
6662967,Private room,80,40.80132,-73.9547,1.9030899869919435
34816483,Entire home/apt,300,40.83468,-73.93714,2.4771212547196626
2856770,Entire home/apt,650,40.78587,-73.94764,2.8129133566428557
23629960,Entire home/apt,250,40.7275,-74,2.3979400086720375
227735,Entire home/apt,290,40.72416,-73.9853,2.462397997898956
35355147,Entire home/apt,320,40.70757,-74.01386,2.505149978319906
27084832,Entire home/apt,350,40.80233,-73.96742,2.5440680443502757
34418059,Entire home/apt,200,40.7633,-73.9878,2.3010299956639813
34741897,Entire home/apt,170,40.77111,-73.99128,2.230448921378274
16124987,Entire home/apt,110,40.81783,-73.94051,2.041392685158225
30021315,Entire home/apt,150,40.79672,-73.96169,2.1760912590556813
19249136,Entire home/apt,80,40.81703,-73.93691,1.9030899869919435
16528098,Entire home/apt,180,40.7326,-74.00824,2.255272505103306
36104174,Entire home/apt,180,40.7572,-73.96464,2.255272505103306
1791105,Private room,60,40.81157,-73.95335,1.7781512503836436
8501589,Entire home/apt,90,40.71435,-73.98924,1.954242509439325
13686425,Private room,50,40.82924,-73.94783,1.6989700043360187
16415365,Private room,50,40.81626,-73.96035,1.6989700043360187
3455983,Entire home/apt,200,40.81525,-73.95279,2.3010299956639813
4649468,Entire home/apt,160,40.76904,-73.95902,2.2041199826559246
16027733,Entire home/apt,190,40.77261,-73.94995,2.278753600952829
25054951,Entire home/apt,220,40.79629,-73.96523,2.342422680822206
6421335,Private room,80,40.71489,-73.99168,1.9030899869919435
21860011,Entire home/apt,250,40.7235,-73.99096,2.3979400086720375
22550483,Private room,90,40.7498,-73.99623,1.954242509439325
14586448,Entire home/apt,280,40.70617,-74.01529,2.4471580313422194
10452249,Entire home/apt,500,40.72768,-74.00233,2.6989700043360187
18657209,Private room,60,40.72288,-73.98342,1.7781512503836436
29286653,Private room,90,40.77557,-73.94381,1.954242509439325
394235,Entire home/apt,350,40.74125,-73.98862,2.5440680443502757
34436245,Private room,150,40.77157,-73.99309,2.1760912590556813
30369014,Private room,150,40.73212,-73.98247,2.1760912590556813
1089619,Private room,40,40.83535,-73.94334,1.6020599913279623
6031904,Private room,80,40.73261,-74.00116,1.9030899869919435
30879761,Entire home/apt,60,40.80511,-73.96572,1.7781512503836436
33162983,Entire home/apt,190,40.80044,-73.96176,2.278753600952829
26640272,Private room,150,40.727,-73.99767,2.1760912590556813
30788199,Private room,60,40.76174,-73.96066,1.7781512503836436
16568164,Private room,50,40.79732,-73.94873,1.6989700043360187
13777303,Entire home/apt,400,40.74595,-73.98996,2.6020599913279625
19387555,Private room,120,40.83803,-73.94421,2.0791812460476247
6200692,Private room,60,40.81143,-73.95987,1.7781512503836436
22882677,Entire home/apt,200,40.77219,-73.94763,2.3010299956639813
29611144,Private room,100,40.75389,-73.99518,2
10549650,Entire home/apt,1250,40.71991,-74.00641,3.0969100130080562
9491126,Private room,660,40.72776,-73.98328,2.8195439355418688
18361390,Entire home/apt,150,40.77827,-73.97673,2.1760912590556813
9514860,Entire home/apt,300,40.76526,-73.99096,2.4771212547196626
14690331,Entire home/apt,300,40.73316,-74.00782,2.4771212547196626
27725029,Private room,110,40.78954,-73.95076,2.041392685158225
6660511,Entire home/apt,280,40.72639,-73.98875,2.4471580313422194
6471117,Private room,50,40.82373,-73.95144,1.6989700043360187
36315612,Entire home/apt,300,40.76111,-73.98511,2.4771212547196626
16534588,Private room,180,40.75172,-73.97193,2.255272505103306
20281546,Entire home/apt,110,40.80711,-73.95826,2.041392685158225
16436865,Entire home/apt,150,40.77406,-73.98252,2.1760912590556813
10054480,Private room,60,40.82624,-73.9434,1.7781512503836436
16411398,Entire home/apt,110,40.80997,-73.9412,2.041392685158225
10972148,Private room,120,40.82765,-73.94889,2.0791812460476247
15107952,Entire home/apt,160,40.74371,-73.98454,2.2041199826559246
34816480,Entire home/apt,450,40.71409,-73.9918,2.6532125137753435
27299174,Entire home/apt,400,40.76852,-73.96245,2.6020599913279625
5309810,Private room,60,40.80446,-73.95786,1.7781512503836436
35740337,Entire home/apt,250,40.76364,-73.97589,2.3979400086720375
2208545,Entire home/apt,160,40.71539,-73.99379,2.2041199826559246
25948078,Private room,40,40.75859,-73.99195,1.6020599913279623
20815900,Private room,90,40.74039,-74.00029,1.954242509439325
34806449,Entire home/apt,250,40.74305,-73.98368,2.3979400086720375
26320521,Entire home/apt,400,40.7657,-73.98075,2.6020599913279625
8595191,Entire home/apt,500,40.73008,-74.0005,2.6989700043360187
32518068,Entire home/apt,180,40.7548,-73.9948,2.255272505103306
16171293,Private room,50,40.77257,-73.94616,1.6989700043360187
13846934,Entire home/apt,160,40.80227,-73.95571,2.2041199826559246
25492295,Entire home/apt,180,40.80462,-73.95622,2.255272505103306
30792493,Entire home/apt,250,40.72129,-74.0019,2.3979400086720375
28779020,Private room,120,40.71862,-73.99677,2.0791812460476247
18916917,Shared room,60,40.74384,-73.98243,1.7781512503836436
30157535,Entire home/apt,140,40.77066,-73.94993,2.146128035678238
2031495,Private room,100,40.79675,-73.96916,2
35013796,Private room,70,40.78307,-73.94578,1.845098040014257
15745411,Private room,100,40.7209,-73.98428,2
36378818,Entire home/apt,350,40.73896,-73.99935,2.5440680443502757
13754002,Entire home/apt,240,40.76991,-73.95189,2.380211241711606
27287501,Private room,50,40.72701,-73.97909,1.6989700043360187
30161460,Private room,200,40.75491,-73.99644,2.3010299956639813
30378764,Entire home/apt,150,40.81916,-73.95312,2.1760912590556813
33468225,Entire home/apt,110,40.82254,-73.9501,2.041392685158225
3775978,Private room,130,40.74596,-73.98678,2.113943352306837
25015511,Private room,100,40.81444,-73.94385,2
24514134,Entire home/apt,110,40.8058,-73.9647,2.041392685158225
30388479,Entire home/apt,250,40.74164,-73.97859,2.3979400086720375
6921984,Entire home/apt,200,40.73323,-74.00434,2.3010299956639813
34368412,Private room,150,40.75721,-73.98013,2.1760912590556813
30229400,Shared room,50,40.77112,-73.95652,1.6989700043360187
33927253,Private room,40,40.80144,-73.96409,1.6020599913279623
25285275,Entire home/apt,250,40.73773,-73.98322,2.3979400086720375
24868180,Entire home/apt,50,40.78973,-73.94965,1.6989700043360187
35154533,Entire home/apt,420,40.7622,-73.99625,2.6232492903979003
2658325,Private room,80,40.721,-73.98169,1.9030899869919435
14066702,Private room,70,40.8385,-73.94313,1.845098040014257
14111092,Private room,70,40.82446,-73.94318,1.845098040014257
4614838,Entire home/apt,270,40.76142,-73.99177,2.4313637641589874
19830008,Private room,120,40.72304,-73.98089,2.0791812460476247
13892036,Private room,80,40.7209,-73.98822,1.9030899869919435
32168942,Entire home/apt,500,40.75117,-73.99735,2.6989700043360187
35914333,Private room,80,40.73691,-73.99715,1.9030899869919435
32355744,Private room,150,40.77202,-73.95821,2.1760912590556813
11132775,Private room,50,40.83219,-73.94334,1.6989700043360187
19721906,Entire home/apt,150,40.76212,-73.96358,2.1760912590556813
21950012,Entire home/apt,400,40.75979,-73.98953,2.6020599913279625
25679709,Private room,100,40.79598,-73.96255,2
23894403,Entire home/apt,250,40.73417,-74.00604,2.3979400086720375
34812878,Shared room,80,40.765860000000004,-73.98721,1.9030899869919435
4643192,Entire home/apt,140,40.73533,-73.98384,2.146128035678238
26978101,Shared room,80,40.76405,-73.98695,1.9030899869919435
4970846,Private room,100,40.76543,-73.99154,2
25786994,Entire home/apt,100,40.8129,-73.94084,2
34964711,Private room,100,40.72222,-73.99443,2
27722209,Private room,400,40.75355,-73.97352,2.6020599913279625
30392780,Entire home/apt,210,40.75149,-73.9908,2.322219294733919
4261951,Entire home/apt,220,40.76443,-73.99184,2.342422680822206
16309856,Private room,100,40.77484,-73.95103,2
14236416,Entire home/apt,150,40.74577,-74.00606,2.1760912590556813
28914077,Entire home/apt,280,40.77707,-73.95154,2.4471580313422194
12342269,Private room,70,40.78993,-73.94718,1.845098040014257
2821079,Entire home/apt,200,40.77589,-73.98188,2.3010299956639813
7419334,Entire home/apt,150,40.7777,-73.98796,2.1760912590556813
292047,Private room,90,40.73908,-74.00378,1.954242509439325
30695780,Private room,120,40.7751,-73.95294,2.0791812460476247
13330602,Entire home/apt,250,40.70716,-74.01155,2.3979400086720375
7775627,Entire home/apt,160,40.70689,-74.01451,2.2041199826559246
29967445,Entire home/apt,80,40.81662,-73.93687,1.9030899869919435
30314337,Entire home/apt,400,40.76214,-73.99899,2.6020599913279625
32634514,Entire home/apt,410,40.70575,-74.01231,2.6127838567197355
13700820,Private room,40,40.7974,-73.9354,1.6020599913279623
467569,Entire home/apt,310,40.72106,-73.98384,2.4913616938342726
3003228,Entire home/apt,130,40.71662,-74.00352,2.113943352306837
4053287,Entire home/apt,120,40.76365,-73.94914,2.0791812460476247
7632182,Private room,90,40.7438,-73.9781,1.954242509439325
33583238,Private room,380,40.79321,-73.96823,2.57978359661681
19821206,Entire home/apt,130,40.75044,-73.99665,2.113943352306837
14237735,Private room,100,40.82265,-73.94501,2
31832851,Entire home/apt,500,40.77567,-73.95961,2.6989700043360187
18086316,Private room,350,40.76576,-73.98016,2.5440680443502757
30945324,Entire home/apt,500,40.71909,-73.99343,2.6989700043360187
24366289,Entire home/apt,150,40.85329,-73.9291,2.1760912590556813
31337900,Private room,100,40.79575,-73.9496,2
30694768,Private room,60,40.85962,-73.92971,1.7781512503836436
35998402,Private room,50,40.84288,-73.94201,1.6989700043360187
11007370,Entire home/apt,370,40.7598,-73.98537,2.568201724066995
36059155,Entire home/apt,230,40.7472,-73.97337,2.361727836017593
22208373,Entire home/apt,120,40.74751,-73.97593,2.0791812460476247
25194498,Private room,60,40.73552,-73.99719,1.7781512503836436
9414496,Entire home/apt,70,40.85945,-73.92834,1.845098040014257
5211090,Entire home/apt,220,40.74041,-73.98176,2.342422680822206
24058869,Entire home/apt,100,40.80947,-73.96357,2
32291386,Entire home/apt,220,40.74101,-73.99471,2.342422680822206
29944557,Entire home/apt,130,40.81022,-73.94547,2.113943352306837
13238211,Entire home/apt,160,40.73334,-74.00104,2.2041199826559246
31315385,Entire home/apt,200,40.73268,-73.98399,2.3010299956639813
12385794,Entire home/apt,300,40.70799,-74.00977,2.4771212547196626
8195335,Private room,60,40.80214,-73.95325,1.7781512503836436
35064797,Private room,150,40.73435,-74.00392,2.1760912590556813
24185045,Entire home/apt,180,40.74803,-73.97282,2.255272505103306
16378007,Entire home/apt,150,40.75006,-73.97007,2.1760912590556813
36384760,Entire home/apt,220,40.74271,-73.99554,2.342422680822206
26925879,Private room,70,40.79682,-73.96282,1.845098040014257
28671481,Entire home/apt,170,40.74894,-73.98673,2.230448921378274
21966758,Entire home/apt,160,40.79746,-73.93513,2.2041199826559246
26359622,Entire home/apt,80,40.72119,-73.98339,1.9030899869919435
17993419,Private room,60,40.76634,-73.98721,1.7781512503836436
30186121,Entire home/apt,340,40.77553,-73.95507,2.531478917042255
25534977,Private room,150,40.76538,-73.98293,2.1760912590556813
33249193,Private room,60,40.82172,-73.94019,1.7781512503836436
15494968,Entire home/apt,380,40.72274,-74.00807,2.57978359661681
29760869,Entire home/apt,100,40.79078,-73.94547,2
28407129,Entire home/apt,250,40.72749,-73.98994,2.3979400086720375
20206499,Entire home/apt,120,40.80445,-73.96649,2.0791812460476247
13417080,Private room,100,40.73578,-73.98706,2
25977603,Entire home/apt,300,40.81187,-73.95393,2.4771212547196626
34025113,Entire home/apt,190,40.72611,-74.00337,2.278753600952829
35609328,Entire home/apt,190,40.76551,-73.98217,2.278753600952829
436824,Private room,60,40.82726,-73.9444,1.7781512503836436
63913,Private room,80,40.86648,-73.9263,1.9030899869919435
29674137,Entire home/apt,330,40.75565,-73.9634,2.5185139398778875
18314397,Private room,110,40.74404,-73.97985,2.041392685158225
10647977,Entire home/apt,70,40.83723,-73.94249,1.845098040014257
25326478,Entire home/apt,450,40.71418,-74.00676,2.6532125137753435
33279214,Private room,200,40.75842,-73.99609,2.3010299956639813
6730056,Entire home/apt,200,40.74688,-74.00145,2.3010299956639813
33831113,Entire home/apt,260,40.70713,-74.01205,2.4149733479708178
34124075,Private room,120,40.77167,-73.95529,2.0791812460476247
13694429,Private room,70,40.80968,-73.95355,1.845098040014257
25169866,Entire home/apt,350,40.73153,-73.98515,2.5440680443502757
4356396,Entire home/apt,150,40.7786,-73.95104,2.1760912590556813
13451720,Private room,50,40.79936,-73.96105,1.6989700043360187
7880998,Entire home/apt,180,40.74321,-73.98474,2.255272505103306
30723941,Entire home/apt,150,40.74056,-73.9791,2.1760912590556813
24806141,Entire home/apt,80,40.84698,-73.93629,1.9030899869919435
34741976,Entire home/apt,220,40.74024,-74.00484,2.342422680822206
4866620,Private room,90,40.78343,-73.94764,1.954242509439325
33740211,Entire home/apt,140,40.72236,-73.97689,2.146128035678238
1431246,Private room,100,40.86457,-73.92749,2
19551198,Entire home/apt,250,40.72294,-73.99526,2.3979400086720375
24206224,Private room,50,40.82599,-73.95289,1.6989700043360187
28259695,Private room,80,40.82761,-73.94192,1.9030899869919435
224004,Private room,70,40.80486,-73.95298,1.845098040014257
28462738,Entire home/apt,200,40.78471,-73.9716,2.3010299956639813
21869051,Entire home/apt,150,40.74812,-73.97663,2.1760912590556813
14084988,Entire home/apt,120,40.80408,-73.96347,2.0791812460476247
34595441,Entire home/apt,300,40.74191,-73.99011,2.4771212547196626
10019312,Private room,100,40.73628,-73.98549,2
5054072,Entire home/apt,160,40.7606,-73.96028,2.2041199826559246
211974,Entire home/apt,250,40.72956,-73.97903,2.3979400086720375
26839660,Entire home/apt,200,40.77594,-73.94818,2.3010299956639813
4645831,Shared room,60,40.72052,-73.98003,1.7781512503836436
3241287,Private room,40,40.83686,-73.94393,1.6020599913279623
32297005,Entire home/apt,170,40.76299,-73.98994,2.230448921378274
17510666,Entire home/apt,200,40.76536,-73.98469,2.3010299956639813
6933326,Private room,80,40.82231,-73.95626,1.9030899869919435
18636030,Private room,50,40.81368,-73.95919,1.6989700043360187
13866112,Entire home/apt,160,40.72394,-73.98872,2.2041199826559246
35563249,Entire home/apt,100,40.73975,-73.98511,2
12166912,Private room,110,40.72827,-73.9863,2.041392685158225
14548280,Private room,80,40.72412,-73.98667,1.9030899869919435
27368990,Entire home/apt,290,40.7482,-73.98776,2.462397997898956
15955940,Entire home/apt,100,40.79402,-73.96398,2
12604187,Entire home/apt,220,40.75369,-73.96632,2.342422680822206
4392996,Entire home/apt,130,40.78568,-73.97698,2.113943352306837
23841282,Entire home/apt,200,40.76277,-73.99321,2.3010299956639813
24535821,Entire home/apt,100,40.7826,-73.98228,2
30509658,Entire home/apt,300,40.75806,-73.98934,2.4771212547196626
1941094,Private room,50,40.80447,-73.94034,1.6989700043360187
8458863,Entire home/apt,100,40.78465,-73.94914,2
36387905,Entire home/apt,140,40.79031,-73.94269,2.146128035678238
3767267,Private room,80,40.81065,-73.96312,1.9030899869919435
14590480,Private room,120,40.76943,-73.9872,2.0791812460476247
20634473,Entire home/apt,220,40.77205,-73.95128,2.342422680822206
172870,Private room,90,40.80518,-73.95359,1.954242509439325
6026166,Private room,120,40.7254,-73.98854,2.0791812460476247
14287,Entire home/apt,150,40.78635,-73.97008,2.1760912590556813
8118692,Entire home/apt,170,40.75245,-73.98442,2.230448921378274
1811446,Private room,90,40.74166,-73.99892,1.954242509439325
14827512,Shared room,100,40.72364,-73.99923,2
30722712,Entire home/apt,160,40.74002,-73.97914,2.2041199826559246
6852315,Entire home/apt,240,40.729,-74.00066,2.380211241711606
34980223,Entire home/apt,130,40.71805,-73.99714,2.113943352306837
21469886,Entire home/apt,180,40.74387,-73.99766,2.255272505103306
13477342,Private room,100,40.83079,-73.9432,2
24758343,Entire home/apt,200,40.77181,-73.95097,2.3010299956639813
15735169,Entire home/apt,150,40.77043,-73.95557,2.1760912590556813
7796446,Entire home/apt,300,40.75194,-74.00468,2.4771212547196626
16627548,Private room,80,40.79798,-73.95052,1.9030899869919435
27052686,Entire home/apt,150,40.77681,-73.95472,2.1760912590556813
26334022,Private room,70,40.81493,-73.94403,1.845098040014257
25031344,Entire home/apt,170,40.72547,-73.98401,2.230448921378274
10017920,Entire home/apt,60,40.72324,-73.98195,1.7781512503836436
504322,Entire home/apt,180,40.72903,-74.00028,2.255272505103306
2276065,Entire home/apt,1500,40.75225,-73.98725,3.1760912590556813
31072227,Private room,80,40.71302,-73.99405,1.9030899869919435
28615793,Private room,120,40.71638,-74.00419,2.0791812460476247
29827781,Private room,70,40.79829,-73.93601,1.845098040014257
35579504,Entire home/apt,400,40.74512,-73.98212,2.6020599913279625
4025313,Shared room,90,40.70457,-74.00733,1.954242509439325
35935104,Entire home/apt,150,40.77485,-73.97827,2.1760912590556813
21935569,Private room,20,40.84344,-73.93922,1.3010299956639813
22306300,Entire home/apt,160,40.75547,-73.99513,2.2041199826559246
13233113,Private room,100,40.76318,-73.98473,2
34255449,Entire home/apt,130,40.83515,-73.94178,2.113943352306837
14323475,Private room,60,40.83613,-73.94472,1.7781512503836436
24075850,Private room,100,40.75866,-73.98032,2
14219018,Entire home/apt,380,40.75637,-73.96338,2.57978359661681
8816070,Entire home/apt,80,40.84121,-73.93881,1.9030899869919435
1973889,Private room,110,40.72493,-74.00193,2.041392685158225
19015637,Entire home/apt,100,40.77138,-73.95353,2
16177970,Private room,110,40.77372,-73.95418,2.041392685158225
808851,Private room,100,40.78728,-73.94579,2
2028272,Entire home/apt,320,40.73985,-74.00138,2.505149978319906
5122899,Private room,60,40.78744,-73.95211,1.7781512503836436
24874559,Private room,90,40.80063,-73.96936,1.954242509439325
8011605,Private room,70,40.71608,-73.99425,1.845098040014257
9900224,Private room,140,40.77578,-73.97794,2.146128035678238
34487108,Private room,100,40.76555,-73.98272,2
28894636,Private room,150,40.7543,-73.99697,2.1760912590556813
24943283,Entire home/apt,300,40.70606,-74.0054,2.4771212547196626
30387445,Entire home/apt,300,40.76258,-73.98768,2.4771212547196626
16541635,Entire home/apt,100,40.79163,-73.96727,2
14936709,Entire home/apt,80,40.8604,-73.92716,1.9030899869919435
32240110,Entire home/apt,240,40.70609,-74.01219,2.380211241711606
18040417,Private room,100,40.70732,-74.01451,2
16758426,Entire home/apt,190,40.79345,-73.93977,2.278753600952829
34136999,Entire home/apt,270,40.71691,-74.00511,2.4313637641589874
22167066,Private room,80,40.82967,-73.93957,1.9030899869919435
34470950,Private room,200,40.74052,-74.0031,2.3010299956639813
27078212,Private room,90,40.71694,-73.99032,1.954242509439325
6000898,Entire home/apt,1200,40.78155,-73.95175,3.0791812460476247
32438036,Private room,1250,40.77534,-73.95287,3.0969100130080562
9864199,Entire home/apt,280,40.73418,-73.99887,2.4471580313422194
1884398,Entire home/apt,250,40.73311,-74.00761,2.3979400086720375
30388944,Entire home/apt,350,40.75971,-73.98551,2.5440680443502757
3307936,Entire home/apt,240,40.73993,-74.00619,2.380211241711606
34121885,Entire home/apt,130,40.77132,-73.94829,2.113943352306837
24137869,Private room,1500,40.80646,-73.9517,3.1760912590556813
17360353,Private room,100,40.7456,-74.00107,2
2246112,Entire home/apt,110,40.78158,-73.94808,2.041392685158225
29711772,Entire home/apt,160,40.7041,-74.0155,2.2041199826559246
11620062,Entire home/apt,130,40.74053,-73.97906,2.113943352306837
21486004,Entire home/apt,160,40.74703,-73.98738,2.2041199826559246
20363207,Entire home/apt,270,40.76044,-73.99882,2.4313637641589874
18793151,Entire home/apt,120,40.72146,-73.98838,2.0791812460476247
8523742,Entire home/apt,100,40.8294,-73.94695,2
14027756,Entire home/apt,350,40.72178,-73.99742,2.5440680443502757
9697969,Private room,100,40.73033,-73.98788,2
2968070,Private room,120,40.75971,-73.98979,2.0791812460476247
9478196,Entire home/apt,280,40.73431,-74.00635,2.4471580313422194
12764482,Entire home/apt,90,40.75726,-73.9953,1.954242509439325
25950590,Private room,120,40.8018,-73.96264,2.0791812460476247
4435766,Entire home/apt,300,40.73191,-74.00679,2.4771212547196626
35422845,Entire home/apt,220,40.77401,-73.94993,2.342422680822206
2017012,Entire home/apt,850,40.73967,-74.00933,2.929418925714293
30937595,Entire home/apt,180,40.76188,-73.99616,2.255272505103306
3512428,Private room,90,40.82774,-73.9508,1.954242509439325
19138138,Private room,60,40.82566,-73.94438,1.7781512503836436
29547131,Shared room,40,40.74579,-73.97887,1.6020599913279623
4621213,Entire home/apt,260,40.78604,-73.97363,2.4149733479708178
3983422,Entire home/apt,120,40.74496,-73.99934,2.0791812460476247
13713304,Private room,80,40.80421,-73.96738,1.9030899869919435
24226102,Private room,100,40.70399,-74.00827,2
29359338,Private room,250,40.72751,-74.0018,2.3979400086720375
10958463,Private room,150,40.79226,-73.93895,2.1760912590556813
8921125,Entire home/apt,430,40.7941,-73.96314,2.6334684555795866
4517117,Private room,100,40.82014,-73.95433,2
16791336,Private room,100,40.72931,-73.98258,2
14107667,Entire home/apt,270,40.78989,-73.97264,2.4313637641589874
15988494,Private room,100,40.79935,-73.95399,2
1945115,Private room,90,40.80419,-73.95582,1.954242509439325
12869930,Entire home/apt,120,40.76313,-73.99482,2.0791812460476247
8720923,Private room,90,40.71971,-73.98494,1.954242509439325
28085491,Entire home/apt,180,40.71882,-73.98554,2.255272505103306
33259063,Private room,220,40.77399,-73.9461,2.342422680822206
20321714,Entire home/apt,200,40.74819,-73.97201,2.3010299956639813
6151450,Private room,50,40.82366,-73.9461,1.6989700043360187
32681579,Private room,220,40.78241,-73.98077,2.342422680822206
26251659,Entire home/apt,650,40.7057,-74.00819,2.8129133566428557
13767238,Entire home/apt,200,40.72541,-74.001,2.3010299956639813
36445121,Private room,80,40.79952,-73.96003,1.9030899869919435
16194815,Entire home/apt,100,40.81816,-73.94544,2
28802019,Entire home/apt,200,40.80839,-73.94375,2.3010299956639813
10249886,Private room,140,40.76577,-73.9855,2.146128035678238
21701695,Private room,140,40.77268,-73.98933,2.146128035678238
11716677,Entire home/apt,70,40.73082,-73.98445,1.845098040014257
1866051,Entire home/apt,200,40.74386,-74.00106,2.3010299956639813
7711899,Shared room,40,40.84805,-73.94209,1.6020599913279623
35635841,Entire home/apt,800,40.74318,-73.97916,2.9030899869919438
20724736,Private room,120,40.80482,-73.95107,2.0791812460476247
32992225,Private room,150,40.72222,-73.99692,2.1760912590556813
35402354,Entire home/apt,220,40.70723,-74.01045,2.342422680822206
31103138,Shared room,50,40.81818,-73.95506,1.6989700043360187
13641625,Private room,150,40.80534,-73.96654,2.1760912590556813
170420,Entire home/apt,80,40.7932,-73.94007,1.9030899869919435
21486579,Shared room,300,40.76565,-73.98554,2.4771212547196626
18059231,Private room,70,40.77317,-73.98895,1.845098040014257
6347729,Private room,60,40.80168,-73.96543,1.7781512503836436
25288989,Private room,100,40.72823,-73.98425,2
17548575,Private room,80,40.7464,-73.97669,1.9030899869919435
16214404,Private room,40,40.76213,-73.94889,1.6020599913279623
28856920,Entire home/apt,180,40.70665,-74.01503,2.255272505103306
4730379,Private room,60,40.72717,-73.991,1.7781512503836436
7819706,Entire home/apt,150,40.7305,-73.98416,2.1760912590556813
16300982,Entire home/apt,250,40.72018,-73.98521,2.3979400086720375
10514879,Entire home/apt,450,40.72948,-73.98885,2.6532125137753435
6167683,Entire home/apt,210,40.77804,-73.97611,2.322219294733919
15452878,Private room,130,40.72104,-73.99498,2.113943352306837
9325979,Entire home/apt,190,40.71377,-73.99311,2.278753600952829
32238473,Entire home/apt,240,40.70581,-74.01226,2.380211241711606
18120248,Entire home/apt,100,40.79487,-73.96555,2
25056684,Entire home/apt,110,40.81931,-73.956,2.041392685158225
10116081,Entire home/apt,200,40.75939,-73.96949,2.3010299956639813
13953224,Entire home/apt,190,40.7464,-73.9909,2.278753600952829
32240417,Entire home/apt,230,40.7074,-74.01043,2.361727836017593
24313356,Private room,60,40.80222,-73.96763,1.7781512503836436
3686493,Entire home/apt,180,40.73632,-73.98475,2.255272505103306
14100582,Entire home/apt,150,40.78903,-73.96956,2.1760912590556813
17497948,Entire home/apt,80,40.71264,-73.99893,1.9030899869919435
30155157,Private room,50,40.84216,-73.94227,1.6989700043360187
31953973,Entire home/apt,120,40.76467,-73.98277,2.0791812460476247
21265189,Private room,140,40.74465,-73.98535,2.146128035678238
32012198,Entire home/apt,140,40.74657,-73.97685,2.146128035678238
13857312,Entire home/apt,120,40.729,-73.98098,2.0791812460476247
16488277,Entire home/apt,380,40.72355,-74.01045,2.57978359661681
2217342,Entire home/apt,180,40.73311,-74.00401,2.255272505103306
3372642,Entire home/apt,220,40.78818,-73.97133,2.342422680822206
33781532,Entire home/apt,800,40.74615,-73.98872,2.9030899869919438
4274595,Entire home/apt,200,40.80751,-73.94097,2.3010299956639813
6947196,Entire home/apt,800,40.73857,-73.99256,2.9030899869919438
683084,Entire home/apt,200,40.75286,-74.00162,2.3010299956639813
14779359,Entire home/apt,200,40.8222,-73.94323,2.3010299956639813
7116864,Entire home/apt,100,40.76812,-73.98341,2
8721348,Entire home/apt,500,40.76302,-73.98833,2.6989700043360187
22795221,Entire home/apt,1500,40.75021,-74.00479,3.1760912590556813
10157256,Entire home/apt,250,40.73618,-73.9833,2.3979400086720375
13912267,Entire home/apt,100,40.76858,-73.95346,2
12445714,Entire home/apt,100,40.82579,-73.94324,2
12989767,Entire home/apt,180,40.74583,-74.00451,2.255272505103306
6131580,Entire home/apt,300,40.72716,-74.0032,2.4771212547196626
9025602,Entire home/apt,230,40.70726,-74.01429,2.361727836017593
34857809,Entire home/apt,180,40.77621,-73.9616,2.255272505103306
7177958,Entire home/apt,120,40.80441,-73.96409,2.0791812460476247
869522,Private room,60,40.82579,-73.94907,1.7781512503836436
11758988,Entire home/apt,220,40.82066,-73.95259,2.342422680822206
29616041,Private room,100,40.80431,-73.96512,2
27235864,Private room,80,40.82962,-73.94212,1.9030899869919435
6741094,Private room,200,40.74798,-73.9814,2.3010299956639813
29215529,Entire home/apt,200,40.74139,-73.98132,2.3010299956639813
5298299,Private room,110,40.73885,-73.99701,2.041392685158225
5319431,Entire home/apt,110,40.78866,-73.95461,2.041392685158225
30155402,Private room,50,40.84241,-73.94264,1.6989700043360187
9824613,Entire home/apt,120,40.74195,-73.98242,2.0791812460476247
32182464,Entire home/apt,380,40.74468,-74.00157,2.57978359661681
8684292,Entire home/apt,300,40.759,-73.98894,2.4771212547196626
28911924,Private room,80,40.7617,-73.98882,1.9030899869919435
6103774,Entire home/apt,90,40.79842,-73.93549,1.954242509439325
25844166,Private room,40,40.7258,-74.0015,1.6020599913279623
29761241,Private room,100,40.76458,-73.98686,2
27611098,Entire home/apt,200,40.78549,-73.94895,2.3010299956639813
16220849,Private room,80,40.84862,-73.93299,1.9030899869919435
8145339,Entire home/apt,130,40.74318,-73.9982,2.113943352306837
12704159,Private room,90,40.70789,-74.01521,1.954242509439325
32528831,Private room,120,40.7966,-73.97428,2.0791812460476247
9730784,Private room,140,40.72133,-73.9877,2.146128035678238
1887291,Entire home/apt,160,40.75406,-73.99376,2.2041199826559246
34962230,Entire home/apt,150,40.76805,-73.94929,2.1760912590556813
8442997,Entire home/apt,240,40.85432,-73.93198,2.380211241711606
20195539,Entire home/apt,200,40.78809,-73.94319,2.3010299956639813
145994,Entire home/apt,100,40.79264,-73.97294,2
25031182,Private room,60,40.71937,-73.99202,1.7781512503836436
35871515,Entire home/apt,160,40.70772,-74.00673,2.2041199826559246
33431823,Shared room,60,40.79949,-73.94265,1.7781512503836436
1730937,Private room,120,40.75622,-73.9728,2.0791812460476247
25327993,Private room,100,40.71773,-73.99812,2
891117,Private room,50,40.82264,-73.94041,1.6989700043360187
4198391,Entire home/apt,160,40.72956,-73.98275,2.2041199826559246
21884602,Private room,90,40.75346,-73.96872,1.954242509439325
13670376,Entire home/apt,160,40.74327,-73.97202,2.2041199826559246
2519879,Private room,110,40.71934,-73.98196,2.041392685158225
33555952,Private room,150,40.70598,-74.00804,2.1760912590556813
6758849,Entire home/apt,890,40.77635,-73.94813,2.949390006644913
26036438,Entire home/apt,350,40.78721,-73.97015,2.5440680443502757
33505047,Private room,70,40.82004,-73.94622,1.845098040014257
23859834,Private room,150,40.72603,-73.98369,2.1760912590556813
21969058,Entire home/apt,300,40.80255,-73.94349,2.4771212547196626
28603871,Entire home/apt,220,40.74716,-73.98454,2.342422680822206
31875827,Private room,60,40.80014,-73.96132,1.7781512503836436
33433393,Private room,60,40.86069,-73.92513,1.7781512503836436
12958663,Entire home/apt,120,40.70951,-74.01476,2.0791812460476247
9089306,Entire home/apt,140,40.73164,-73.98454,2.146128035678238
12304938,Entire home/apt,140,40.7918,-73.97413,2.146128035678238
19154108,Entire home/apt,140,40.76952,-73.98957,2.146128035678238
31316654,Entire home/apt,180,40.76509,-73.99508,2.255272505103306
15159731,Entire home/apt,120,40.74018,-73.97962,2.0791812460476247
32634304,Entire home/apt,210,40.70598,-74.01193,2.322219294733919
30690804,Entire home/apt,120,40.77778,-73.94893,2.0791812460476247
30710264,Entire home/apt,100,40.77888,-73.97967,2
6601606,Private room,120,40.71343,-73.98826,2.0791812460476247
13842204,Private room,120,40.80742,-73.95214,2.0791812460476247
10154702,Private room,120,40.75763,-73.96359,2.0791812460476247
32039920,Entire home/apt,450,40.75702,-73.96503,2.6532125137753435
19602663,Private room,160,40.79622,-73.94825,2.2041199826559246
32058864,Entire home/apt,600,40.75569,-73.98154,2.7781512503836434
21713495,Entire home/apt,180,40.79951,-73.96436,2.255272505103306
27220502,Private room,120,40.75516,-73.99547,2.0791812460476247
13440481,Private room,300,40.76642,-73.97107,2.4771212547196626
34453830,Private room,100,40.75612,-73.98622,2
30369889,Entire home/apt,320,40.76135,-73.98668,2.505149978319906
7324832,Private room,130,40.78763,-73.97308,2.113943352306837
19284253,Entire home/apt,140,40.75077,-73.9814,2.146128035678238
19672975,Private room,40,40.85029,-73.93602,1.6020599913279623
9196297,Private room,60,40.76579,-73.96168,1.7781512503836436
7911917,Entire home/apt,140,40.72578,-73.98236,2.146128035678238
34929338,Entire home/apt,180,40.72605,-73.98269,2.255272505103306
16440192,Private room,80,40.74837,-73.99639,1.9030899869919435
20271220,Private room,60,40.79629,-73.94913,1.7781512503836436
15693558,Entire home/apt,220,40.78982,-73.94263,2.342422680822206
360400,Private room,140,40.74553,-73.98943,2.146128035678238
25855178,Entire home/apt,180,40.81889,-73.94224,2.255272505103306
20898258,Entire home/apt,200,40.71881,-73.98378,2.3010299956639813
20033157,Private room,80,40.75734,-73.96429,1.9030899869919435
20605308,Entire home/apt,180,40.72788,-73.9939,2.255272505103306
19827778,Entire home/apt,80,40.84102,-73.93822,1.9030899869919435
19246021,Private room,30,40.84717,-73.93267,1.4771212547196624
2201154,Private room,210,40.7278,-73.99205,2.322219294733919
31568589,Entire home/apt,60,40.79445,-73.93183,1.7781512503836436
28534405,Private room,50,40.82146,-73.94598,1.6989700043360187
13235840,Entire home/apt,100,40.77616,-73.97994,2
13708336,Entire home/apt,150,40.72603,-73.98915,2.1760912590556813
32316672,Entire home/apt,140,40.73951,-73.98216,2.146128035678238
26887521,Private room,90,40.81189,-73.94137,1.954242509439325
846829,Private room,100,40.71275,-73.98682,2
30038130,Entire home/apt,180,40.72865,-73.99148,2.255272505103306
27029402,Private room,90,40.79908,-73.96215,1.954242509439325
19226897,Private room,60,40.84492,-73.93673,1.7781512503836436
30067767,Private room,150,40.77954,-73.95127,2.1760912590556813
30388552,Entire home/apt,210,40.76393,-73.98721,2.322219294733919
1166616,Private room,80,40.84002,-73.9385,1.9030899869919435
9810271,Private room,50,40.8226,-73.95468,1.6989700043360187
6037761,Private room,160,40.72816,-73.98843,2.2041199826559246
16518377,Entire home/apt,200,40.7235,-73.97963,2.3010299956639813
19011068,Private room,100,40.81451,-73.94478,2
16493084,Private room,200,40.76548,-73.99374,2.3010299956639813
11360854,Private room,60,40.79191,-73.94613,1.7781512503836436
35675859,Entire home/apt,240,40.84143,-73.94569,2.380211241711606
23002312,Entire home/apt,250,40.74882,-73.97788,2.3979400086720375
22706034,Private room,80,40.72804,-73.98726,1.9030899869919435
9434105,Private room,60,40.79733,-73.93988,1.7781512503836436
11320246,Private room,60,40.72152,-73.97999,1.7781512503836436
27985235,Entire home/apt,200,40.74371,-73.97946,2.3010299956639813
25071113,Entire home/apt,130,40.72718,-73.9843,2.113943352306837
29103145,Entire home/apt,150,40.81562,-73.94712,2.1760912590556813
29658517,Private room,110,40.79896,-73.96183,2.041392685158225
10088612,Private room,60,40.82069,-73.95549,1.7781512503836436
33878676,Entire home/apt,340,40.71715,-74.00368,2.531478917042255
15720448,Private room,100,40.70488,-74.00744,2
18561753,Entire home/apt,300,40.72565,-74.00161,2.4771212547196626
20092821,Private room,90,40.71479,-73.99971,1.954242509439325
11086888,Entire home/apt,200,40.83135,-73.94442,2.3010299956639813
30511873,Entire home/apt,130,40.75611,-73.99386,2.113943352306837
12345786,Private room,80,40.72803,-73.98853,1.9030899869919435
4838540,Private room,60,40.79113,-73.94792,1.7781512503836436
19036742,Private room,90,40.81192,-73.96164,1.954242509439325
16300514,Entire home/apt,170,40.77704,-73.94442,2.230448921378274
1131804,Entire home/apt,130,40.80745,-73.94279,2.113943352306837
6279160,Private room,180,40.78203,-73.97644,2.255272505103306
14362124,Private room,80,40.73421,-73.98834,1.9030899869919435
2619802,Entire home/apt,140,40.77276,-73.95675,2.146128035678238
27704612,Entire home/apt,160,40.80722,-73.9491,2.2041199826559246
1371957,Entire home/apt,100,40.833,-73.93806,2
788106,Entire home/apt,140,40.73761,-74.00043,2.146128035678238
21865416,Entire home/apt,450,40.76427,-73.98208,2.6532125137753435
12252035,Entire home/apt,280,40.72705,-73.98787,2.4471580313422194
34721879,Entire home/apt,110,40.79247,-73.94892,2.041392685158225
9496094,Entire home/apt,160,40.74603,-74.00147,2.2041199826559246
5217507,Entire home/apt,150,40.74479,-73.97573,2.1760912590556813
31188378,Private room,210,40.75495,-73.99825,2.322219294733919
8123857,Entire home/apt,300,40.76777,-73.96393,2.4771212547196626
8899450,Entire home/apt,80,40.79714,-73.94023,1.9030899869919435
30297591,Private room,80,40.79939,-73.95218,1.9030899869919435
165461,Private room,80,40.80525,-73.95916,1.9030899869919435
4574225,Private room,60,40.78617,-73.94421,1.7781512503836436
21883990,Private room,220,40.7059,-74.00604,2.342422680822206
20205958,Entire home/apt,400,40.76549,-73.98166,2.6020599913279625
5826518,Entire home/apt,220,40.71647,-73.99116,2.342422680822206
17750661,Private room,100,40.86448,-73.92351,2
676257,Private room,60,40.74166,-73.97811,1.7781512503836436
34086188,Private room,40,40.81808,-73.93671,1.6020599913279623
3662091,Entire home/apt,150,40.73312,-73.99097,2.1760912590556813
25262112,Entire home/apt,60,40.73029,-73.98836,1.7781512503836436
9746604,Entire home/apt,190,40.78857,-73.94328,2.278753600952829
5084095,Entire home/apt,250,40.77421,-73.95361,2.3979400086720375
5105805,Entire home/apt,150,40.76645,-73.98539,2.1760912590556813
36136048,Entire home/apt,320,40.71877,-73.99055,2.505149978319906
33711092,Entire home/apt,230,40.70632,-74.01188,2.361727836017593
23897524,Private room,80,40.76191,-73.99199,1.9030899869919435
22012650,Entire home/apt,190,40.73297,-73.98435,2.278753600952829
2999527,Entire home/apt,600,40.70633,-74.01837,2.7781512503836434
12265378,Private room,150,40.71909,-73.98473,2.1760912590556813
7050316,Private room,50,40.8046,-73.96545,1.6989700043360187
21501295,Entire home/apt,550,40.72036,-73.99633,2.7403626894942437
21428791,Private room,200,40.72251,-73.98129,2.3010299956639813
36450283,Entire home/apt,90,40.83734,-73.94326,1.954242509439325
33612970,Entire home/apt,300,40.71859,-74.00459,2.4771212547196626
25813254,Private room,150,40.75437,-73.9964,2.1760912590556813
5945548,Entire home/apt,180,40.87093,-73.91737,2.255272505103306
13209380,Entire home/apt,250,40.71523,-74.0079,2.3979400086720375
30045461,Private room,70,40.81691,-73.94124,1.845098040014257
31025252,Private room,100,40.77564,-73.94551,2
34972072,Entire home/apt,250,40.71323,-73.99063,2.3979400086720375
32705496,Entire home/apt,110,40.80226,-73.95211,2.041392685158225
18393354,Shared room,100,40.75358,-73.9919,2
28540171,Private room,100,40.80212,-73.95732,2
34175707,Entire home/apt,220,40.75923,-73.98669,2.342422680822206
8183563,Entire home/apt,250,40.73178,-73.98842,2.3979400086720375
7775431,Private room,150,40.78339,-73.95239,2.1760912590556813
15223434,Private room,80,40.7135,-73.99121,1.9030899869919435
32234674,Entire home/apt,280,40.71543,-74.00647,2.4471580313422194
34803347,Shared room,60,40.76417,-73.94865,1.7781512503836436
9299515,Entire home/apt,200,40.73936,-73.99352,2.3010299956639813
10105110,Entire home/apt,120,40.73009,-73.99965,2.0791812460476247
31707011,Entire home/apt,300,40.73409,-74.00464,2.4771212547196626
20607819,Entire home/apt,170,40.80924,-73.93873,2.230448921378274
14068646,Entire home/apt,200,40.72752,-73.98969,2.3010299956639813
30393969,Entire home/apt,320,40.7619,-73.9853,2.505149978319906
7160363,Private room,100,40.79632,-73.96225,2
20835690,Private room,110,40.73145,-74.00184,2.041392685158225
32104047,Entire home/apt,700,40.75204,-73.97278,2.845098040014257
1729286,Private room,60,40.79377,-73.9361,1.7781512503836436
4643199,Entire home/apt,140,40.77167,-73.95735,2.146128035678238
15818608,Entire home/apt,400,40.74686,-73.97514,2.6020599913279625
19958302,Entire home/apt,210,40.71365,-74.0053,2.322219294733919
6863948,Entire home/apt,150,40.74229,-73.98165,2.1760912590556813
32678723,Private room,100,40.75803,-73.98887,2
9843892,Private room,80,40.73307,-73.9835,1.9030899869919435
34746555,Private room,100,40.71889,-73.99716,2
21649695,Entire home/apt,140,40.75976,-73.9955,2.146128035678238
8369895,Entire home/apt,300,40.74451,-73.99226,2.4771212547196626
21171726,Entire home/apt,130,40.715089999999996,-73.98992,2.113943352306837
8811514,Entire home/apt,250,40.73523,-74.00607,2.3979400086720375
8839938,Entire home/apt,250,40.74336,-73.99706,2.3979400086720375
32695731,Entire home/apt,320,40.75169,-73.97335,2.505149978319906
14028018,Entire home/apt,120,40.763,-73.99452,2.0791812460476247
13208373,Entire home/apt,350,40.73637,-73.98051,2.5440680443502757
6972271,Entire home/apt,150,40.74462,-73.98272,2.1760912590556813
29012,Private room,80,40.85879,-73.93128,1.9030899869919435
10836805,Private room,150,40.81195,-73.95274,2.1760912590556813
18584411,Entire home/apt,300,40.75233,-73.97297,2.4771212547196626
25221034,Private room,110,40.73631,-73.97512,2.041392685158225
33776553,Entire home/apt,300,40.79834,-73.94337,2.4771212547196626
34996136,Entire home/apt,450,40.74372,-74.00601,2.6532125137753435
2158171,Entire home/apt,580,40.70451,-74.00671,2.7634279935629373
22190967,Private room,80,40.74763,-73.97316,1.9030899869919435
24541899,Private room,100,40.80565,-73.95197,2
3412633,Entire home/apt,150,40.72012,-73.99092,2.1760912590556813
25293702,Private room,80,40.82201,-73.95444,1.9030899869919435
7928917,Entire home/apt,220,40.7393,-73.99609,2.342422680822206
26449775,Entire home/apt,120,40.72521,-73.98316,2.0791812460476247
36182794,Entire home/apt,230,40.75732,-73.99312,2.361727836017593
14058375,Private room,90,40.70476,-74.01557,1.954242509439325
30193485,Entire home/apt,710,40.75459,-73.96566,2.8512583487190755
9791355,Entire home/apt,110,40.7412,-73.98171,2.041392685158225
2230982,Shared room,1000,40.70511,-74.00943,3
33858603,Entire home/apt,160,40.819,-73.94568,2.2041199826559246
13726934,Shared room,30,40.72376,-73.98303,1.4771212547196624
15927071,Entire home/apt,180,40.74318,-74.00137,2.255272505103306
24287826,Private room,100,40.77768,-73.94951,2
30387351,Entire home/apt,290,40.70492,-74.00678,2.462397997898956
31463824,Entire home/apt,120,40.70417,-74.01709,2.0791812460476247
23808715,Entire home/apt,120,40.7211,-73.97966,2.0791812460476247
6713005,Private room,100,40.767,-73.95456,2
15552862,Entire home/apt,240,40.76443,-73.96603,2.380211241711606
19531580,Entire home/apt,130,40.80183,-73.94358,2.113943352306837
3511934,Private room,80,40.82947,-73.95104,1.9030899869919435
22761054,Entire home/apt,120,40.75241,-73.98558,2.0791812460476247
22078755,Entire home/apt,250,40.72837,-73.98546,2.3979400086720375
13623880,Entire home/apt,200,40.76395,-73.9884,2.3010299956639813
4694179,Entire home/apt,180,40.73287,-73.98585,2.255272505103306
8307946,Entire home/apt,150,40.73637,-73.99746,2.1760912590556813
12192,Private room,70,40.7229,-73.98199,1.845098040014257
357509,Entire home/apt,110,40.75407,-73.96713,2.041392685158225
1032610,Entire home/apt,130,40.80938,-73.94196,2.113943352306837
8427028,Private room,130,40.75548,-73.99706,2.113943352306837
31935427,Entire home/apt,100,40.72998,-73.98071,2
13446124,Private room,80,40.81353,-73.95878,1.9030899869919435
698094,Private room,120,40.76221,-73.97787,2.0791812460476247
30388587,Entire home/apt,310,40.77779,-73.98459,2.4913616938342726
14120620,Entire home/apt,500,40.71655,-73.99203,2.6989700043360187
27530187,Private room,180,40.70668,-74.00727,2.255272505103306
2116059,Entire home/apt,100,40.83454,-73.94224,2
31991088,Entire home/apt,200,40.76246,-73.99032,2.3010299956639813
24592583,Entire home/apt,180,40.73608,-73.99997,2.255272505103306
33047674,Private room,50,40.824,-73.95229,1.6989700043360187
16396507,Entire home/apt,120,40.74301,-73.98037,2.0791812460476247
14028280,Private room,250,40.75938,-73.97235,2.3979400086720375
8800003,Entire home/apt,100,40.81057,-73.94565,2
18188738,Shared room,50,40.82665,-73.94669,1.6989700043360187
18359115,Entire home/apt,140,40.76765,-73.95507,2.146128035678238
27290648,Private room,100,40.76618,-73.9562,2
1645772,Private room,150,40.77118,-73.9527,2.1760912590556813
10119376,Private room,160,40.72152,-73.99476,2.2041199826559246
30937747,Entire home/apt,240,40.74737,-73.9742,2.380211241711606
13689663,Private room,120,40.722410000000004,-73.99377,2.0791812460476247
16860541,Private room,130,40.77659,-73.95407,2.113943352306837
31099129,Private room,70,40.78591,-73.94234,1.845098040014257
12377267,Entire home/apt,250,40.79839,-73.96804,2.3979400086720375
3079237,Entire home/apt,150,40.71987,-73.98641,2.1760912590556813
8691258,Private room,200,40.7599,-73.98542,2.3010299956639813
30393099,Entire home/apt,300,40.71607,-74.00564,2.4771212547196626
22265411,Entire home/apt,150,40.77383,-73.94903,2.1760912590556813
3700364,Entire home/apt,200,40.7284,-73.99812,2.3010299956639813
14171171,Entire home/apt,150,40.81473,-73.93583,2.1760912590556813
24056066,Entire home/apt,260,40.79094,-73.97459,2.4149733479708178
36168735,Entire home/apt,220,40.72567,-73.98635,2.342422680822206
14628080,Entire home/apt,150,40.80622,-73.94622,2.1760912590556813
8729771,Entire home/apt,130,40.82248,-73.94891,2.113943352306837
33585541,Entire home/apt,120,40.72028,-73.98794,2.0791812460476247
19790011,Entire home/apt,100,40.75315,-73.97175,2
31873616,Entire home/apt,140,40.77598,-73.94904,2.146128035678238
36114202,Private room,80,40.80079,-73.95783,1.9030899869919435
3866538,Entire home/apt,100,40.78789,-73.97427,2
5338293,Private room,250,40.72578,-73.99998,2.3979400086720375
2493176,Entire home/apt,140,40.77574,-73.9524,2.146128035678238
25668516,Private room,100,40.75407,-73.99528,2
29496193,Entire home/apt,120,40.82364,-73.94472,2.0791812460476247
30389586,Entire home/apt,280,40.76035,-73.99679,2.4471580313422194
30535180,Private room,80,40.7503,-73.97747,1.9030899869919435
35413859,Entire home/apt,250,40.75949,-73.99367,2.3979400086720375
34438417,Entire home/apt,120,40.8212,-73.95479,2.0791812460476247
15865251,Private room,60,40.77097,-73.94862,1.7781512503836436
2538248,Entire home/apt,120,40.81472,-73.94291,2.0791812460476247
20780654,Private room,100,40.81717,-73.93856,2
21862155,Private room,90,40.81919,-73.94554,1.954242509439325
23035859,Entire home/apt,350,40.77847,-73.95162,2.5440680443502757
3411006,Entire home/apt,290,40.73165,-73.98715,2.462397997898956
13559208,Entire home/apt,120,40.78243,-73.97657,2.0791812460476247
22465418,Entire home/apt,210,40.72393,-74.00446,2.322219294733919
33571687,Entire home/apt,170,40.74038,-74.00139,2.230448921378274
11062629,Private room,70,40.75957,-73.96802,1.845098040014257
35717508,Entire home/apt,250,40.72165,-73.99584,2.3979400086720375
304799,Entire home/apt,150,40.77508,-73.9799,2.1760912590556813
697499,Entire home/apt,100,40.77392,-73.97852,2
19692421,Entire home/apt,170,40.74846,-73.97557,2.230448921378274
35794314,Entire home/apt,280,40.71976,-73.98397,2.4471580313422194
29453027,Entire home/apt,160,40.71489,-73.98511,2.2041199826559246
17326116,Entire home/apt,180,40.72713,-73.98159,2.255272505103306
12513217,Private room,50,40.78461,-73.97787,1.6989700043360187
19806105,Entire home/apt,300,40.72838,-73.97943,2.4771212547196626
7264263,Entire home/apt,120,40.77258,-73.95213,2.0791812460476247
9532665,Entire home/apt,130,40.78572,-73.97036,2.113943352306837
34835303,Entire home/apt,300,40.75643,-73.96375,2.4771212547196626
27788826,Entire home/apt,150,40.76856,-73.95367,2.1760912590556813
29661817,Private room,120,40.71434,-73.98641,2.0791812460476247
34543905,Entire home/apt,650,40.70719,-74.00698,2.8129133566428557
9363966,Private room,80,40.75511,-73.96825,1.9030899869919435
9121896,Private room,50,40.81614,-73.94116,1.6989700043360187
26193678,Private room,60,40.81264,-73.94231,1.7781512503836436
35222909,Entire home/apt,180,40.72375,-73.98949,2.255272505103306
30387196,Entire home/apt,320,40.76017,-73.98509,2.505149978319906
16257916,Entire home/apt,300,40.75374,-73.97138,2.4771212547196626
12862929,Private room,110,40.74775,-73.97702,2.041392685158225
4632542,Private room,110,40.80096,-73.95776,2.041392685158225
483485,Entire home/apt,330,40.71164,-74.00774,2.5185139398778875
10427351,Entire home/apt,140,40.79141,-73.97345,2.146128035678238
16325781,Private room,100,40.71833,-73.98556,2
22356843,Private room,140,40.75858,-73.99227,2.146128035678238
13725208,Private room,50,40.72009,-73.98631,1.6989700043360187
13273660,Private room,50,40.86059,-73.92986,1.6989700043360187
20154569,Entire home/apt,330,40.74353,-73.98364,2.5185139398778875
35004123,Private room,120,40.71549,-73.97951,2.0791812460476247
13205892,Private room,100,40.71141,-73.99408,2
22074303,Entire home/apt,350,40.75228,-73.97195,2.5440680443502757
2094213,Entire home/apt,260,40.72477,-73.99323,2.4149733479708178
26037496,Entire home/apt,120,40.80579,-73.94916,2.0791812460476247
753622,Private room,100,40.73233,-73.98695,2
8286476,Private room,110,40.72749,-73.98894,2.041392685158225
16795470,Private room,90,40.80055,-73.94101,1.954242509439325
35251282,Private room,50,40.79523,-73.94956,1.6989700043360187
24085451,Private room,100,40.78723,-73.94956,2
27368543,Entire home/apt,290,40.74803,-73.98666,2.462397997898956
7570475,Private room,90,40.76548,-73.99155,1.954242509439325
2102651,Entire home/apt,200,40.78835,-73.9681,2.3010299956639813
21354840,Entire home/apt,150,40.73305,-73.98574,2.1760912590556813
22335475,Entire home/apt,200,40.75271,-73.99573,2.3010299956639813
28216267,Entire home/apt,250,40.76202,-73.99679,2.3979400086720375
17479792,Private room,80,40.7127,-73.98857,1.9030899869919435
21728681,Entire home/apt,250,40.72672,-73.98811,2.3979400086720375
35709113,Entire home/apt,300,40.7655,-73.98871,2.4771212547196626
4135876,Private room,70,40.81892,-73.94647,1.845098040014257
26832286,Entire home/apt,380,40.75987,-73.986,2.57978359661681
33639266,Entire home/apt,290,40.78134,-73.95212,2.462397997898956
31983211,Entire home/apt,180,40.80902,-73.94186,2.255272505103306
21177156,Entire home/apt,180,40.72236,-73.98534,2.255272505103306
11593365,Entire home/apt,220,40.71469,-73.9995,2.342422680822206
34815163,Entire home/apt,80,40.72611,-73.98208,1.9030899869919435
8226137,Entire home/apt,220,40.77832,-73.98069,2.342422680822206
35415121,Entire home/apt,150,40.7682,-73.98598,2.1760912590556813
666220,Private room,80,40.72771,-73.98172,1.9030899869919435
841484,Entire home/apt,180,40.71892,-73.98627,2.255272505103306
30950513,Entire home/apt,1080,40.76042,-73.97504,3.03342375548695
29181842,Entire home/apt,110,40.72449,-73.98384,2.041392685158225
30948183,Private room,80,40.72712,-73.97803,1.9030899869919435
2739884,Entire home/apt,190,40.75927,-73.99223,2.278753600952829
20620647,Private room,390,40.7538,-73.97355,2.591064607026499
284855,Entire home/apt,240,40.73362,-74.00923,2.380211241711606
32181226,Entire home/apt,160,40.709,-74.01221,2.2041199826559246
6599302,Entire home/apt,80,40.82879,-73.93821,1.9030899869919435
34834953,Entire home/apt,300,40.75568,-73.96474,2.4771212547196626
15751495,Entire home/apt,300,40.72503,-73.97851,2.4771212547196626
15948069,Entire home/apt,240,40.79835,-73.9616,2.380211241711606
35941376,Private room,250,40.80498,-73.9664,2.3979400086720375
27100997,Private room,120,40.74309,-73.99535,2.0791812460476247
12972533,Entire home/apt,330,40.71772,-73.98882,2.5185139398778875
9348941,Entire home/apt,150,40.75218,-73.97217,2.1760912590556813
9995719,Entire home/apt,200,40.72788,-73.98436,2.3010299956639813
20661577,Shared room,120,40.80627,-73.96354,2.0791812460476247
36198430,Private room,200,40.77649,-73.988,2.3010299956639813
14627817,Private room,100,40.79505,-73.94204,2
19011527,Entire home/apt,150,40.79475,-73.94247,2.1760912590556813
1106284,Entire home/apt,250,40.73708,-73.98455,2.3979400086720375
13764238,Private room,80,40.73491,-73.984,1.9030899869919435
34999415,Entire home/apt,900,40.75064,-73.99566,2.9542425094393248
5236146,Entire home/apt,250,40.79462,-73.94923,2.3979400086720375
262478,Private room,80,40.7193,-73.98966,1.9030899869919435
35666988,Private room,210,40.80775,-73.93767,2.322219294733919
17774731,Entire home/apt,120,40.80617,-73.9415,2.0791812460476247
29701791,Private room,70,40.80254,-73.96723,1.845098040014257
9862199,Entire home/apt,100,40.80383,-73.96793,2
1813829,Private room,60,40.82519,-73.9453,1.7781512503836436
6444554,Entire home/apt,450,40.76235,-73.9626,2.6532125137753435
35409488,Entire home/apt,230,40.72699,-73.98576,2.361727836017593
14980174,Entire home/apt,180,40.76744,-73.95901,2.255272505103306
27706017,Private room,90,40.7956,-73.97219,1.954242509439325
10257476,Private room,120,40.76464,-73.99403,2.0791812460476247
9296077,Entire home/apt,200,40.77234,-73.96045,2.3010299956639813
29832768,Private room,150,40.73328,-73.99431,2.1760912590556813
15707188,Private room,90,40.8091,-73.94241,1.954242509439325
27301019,Entire home/apt,190,40.77964,-73.95865,2.278753600952829
31394757,Entire home/apt,180,40.70889,-74.00701,2.255272505103306
16826741,Entire home/apt,160,40.73575,-73.98,2.2041199826559246
6249100,Private room,90,40.78354,-73.94699,1.954242509439325
29702562,Entire home/apt,200,40.77081,-73.94944,2.3010299956639813
30019511,Private room,160,40.72042,-73.98414,2.2041199826559246
20087455,Private room,80,40.78958,-73.93792,1.9030899869919435
35916821,Entire home/apt,200,40.74839,-73.98087,2.3010299956639813
14518363,Entire home/apt,160,40.83885,-73.94161,2.2041199826559246
12871708,Entire home/apt,100,40.85558,-73.93777,2
17465199,Entire home/apt,120,40.73565,-73.99613,2.0791812460476247
36076807,Shared room,70,40.76725,-73.98669,1.845098040014257
27367243,Entire home/apt,120,40.70852,-74.00525,2.0791812460476247
17697164,Entire home/apt,320,40.74817,-73.98211,2.505149978319906
13114542,Private room,40,40.82889,-73.94599,1.6020599913279623
12904061,Private room,50,40.7862,-73.94413,1.6989700043360187
22000913,Private room,60,40.82204,-73.94293,1.7781512503836436
6247104,Shared room,100,40.85475,-73.93372,2
28912358,Private room,80,40.76035,-73.96045,1.9030899869919435
21709891,Private room,50,40.83233,-73.94562,1.6989700043360187
2141635,Private room,110,40.72356,-74.00305,2.041392685158225
32802231,Entire home/apt,130,40.7889,-73.94925,2.113943352306837
21240926,Entire home/apt,120,40.77179,-73.95585,2.0791812460476247
16972627,Entire home/apt,240,40.77786,-73.98066,2.380211241711606
15256150,Entire home/apt,180,40.74089,-73.98094,2.255272505103306
1932110,Private room,180,40.72373,-73.99118,2.255272505103306
32570893,Private room,60,40.81134,-73.94097,1.7781512503836436
36114840,Entire home/apt,550,40.75218,-74.00241,2.7403626894942437
16146708,Private room,110,40.81749,-73.94315,2.041392685158225
6128992,Entire home/apt,150,40.75054,-73.99683,2.1760912590556813
35228980,Entire home/apt,200,40.75393,-73.99992,2.3010299956639813
13903497,Private room,70,40.81142,-73.95134,1.845098040014257
28127126,Private room,80,40.80656,-73.93709,1.9030899869919435
2111336,Private room,60,40.82532,-73.94992,1.7781512503836436
18913450,Private room,50,40.79729,-73.93537,1.6989700043360187
32916378,Entire home/apt,200,40.76142,-73.96493,2.3010299956639813
13532789,Entire home/apt,180,40.72746,-73.97611,2.255272505103306
21457703,Entire home/apt,170,40.80111,-73.95221,2.230448921378274
32643109,Private room,70,40.79872,-73.96069,1.845098040014257
33656304,Entire home/apt,220,40.75938,-73.98749,2.342422680822206
474283,Entire home/apt,120,40.76487,-73.98471,2.0791812460476247
34033950,Entire home/apt,240,40.72388,-73.97902,2.380211241711606
34261963,Private room,110,40.75514,-73.96773,2.041392685158225
17071462,Private room,100,40.7455,-73.9916,2
9496372,Entire home/apt,130,40.73095,-74.00242,2.113943352306837
35315680,Entire home/apt,200,40.74006,-74.00071,2.3010299956639813
22255089,Entire home/apt,170,40.73836,-73.98035,2.230448921378274
3032355,Private room,70,40.76712,-73.95668,1.845098040014257
19211023,Private room,120,40.72254,-73.99543,2.0791812460476247
29834691,Entire home/apt,150,40.80536,-73.95434,2.1760912590556813
18935508,Entire home/apt,200,40.81119,-73.94751,2.3010299956639813
15882274,Entire home/apt,150,40.79369,-73.96539,2.1760912590556813
31269990,Private room,110,40.79595,-73.97251,2.041392685158225
36113257,Private room,80,40.85269,-73.93616,1.9030899869919435
30397278,Shared room,70,40.73567,-73.98403,1.845098040014257
218358,Private room,80,40.8078,-73.95208,1.9030899869919435
16475309,Entire home/apt,450,40.72163,-73.98291,2.6532125137753435
34356850,Entire home/apt,150,40.73525,-73.98074,2.1760912590556813
27949417,Private room,200,40.71392,-74.00754,2.3010299956639813
36000224,Private room,50,40.82806,-73.94537,1.6989700043360187
9260951,Entire home/apt,140,40.76375,-73.98885,2.146128035678238
11786053,Private room,100,40.84443,-73.94118,2
12420694,Private room,150,40.72522,-73.98114,2.1760912590556813
32238821,Entire home/apt,240,40.70731,-74.01021,2.380211241711606
19950630,Private room,60,40.80472,-73.94077,1.7781512503836436
35195580,Entire home/apt,320,40.79901,-73.94334,2.505149978319906
34607249,Entire home/apt,100,40.81942,-73.95796,2
9577748,Private room,70,40.80536,-73.96228,1.845098040014257
8846634,Shared room,60,40.76767,-73.98783,1.7781512503836436
32760292,Entire home/apt,650,40.74545,-73.97188,2.8129133566428557
9792720,Shared room,60,40.76646,-73.99345,1.7781512503836436
29016146,Entire home/apt,250,40.80879,-73.94813,2.3979400086720375
26139678,Private room,1200,40.80485,-73.96534,3.0791812460476247
19455656,Private room,60,40.73958,-74.00171,1.7781512503836436
26494149,Private room,150,40.798,-73.93944,2.1760912590556813
8688783,Entire home/apt,280,40.7644,-73.9693,2.4471580313422194
27237604,Entire home/apt,740,40.75294,-73.96731,2.8692317197309762
14632080,Entire home/apt,150,40.7149,-73.99063,2.1760912590556813
9631380,Entire home/apt,230,40.7659,-73.98674,2.361727836017593
28976867,Entire home/apt,160,40.76892,-73.96321,2.2041199826559246
15218066,Private room,800,40.75388,-73.97308,2.9030899869919438
9944426,Entire home/apt,220,40.71192,-74.01572,2.342422680822206
1264695,Entire home/apt,600,40.74984,-73.99482,2.7781512503836434
34673353,Entire home/apt,250,40.76103,-73.97996,2.3979400086720375
13432015,Entire home/apt,240,40.76201,-73.99755,2.380211241711606
13511798,Private room,80,40.83702,-73.94199,1.9030899869919435
33582776,Private room,60,40.7234,-73.98267,1.7781512503836436
25909161,Entire home/apt,150,40.76917,-73.9516,2.1760912590556813
33110303,Entire home/apt,100,40.78475,-73.95339,2
24086562,Private room,80,40.82356,-73.9401,1.9030899869919435
32040351,Private room,130,40.79907,-73.96098,2.113943352306837
36002857,Entire home/apt,120,40.72236,-74.00255,2.0791812460476247
26807636,Private room,90,40.72573,-73.98377,1.954242509439325
24528199,Entire home/apt,400,40.74732,-73.9999,2.6020599913279625
15500135,Entire home/apt,190,40.76346,-73.96684,2.278753600952829
35566070,Entire home/apt,140,40.77842,-73.95026,2.146128035678238
22579704,Entire home/apt,490,40.71953,-74.00401,2.690196080028514
21892834,Entire home/apt,130,40.78383,-73.97529,2.113943352306837
36478357,Private room,60,40.80953,-73.9541,1.7781512503836436
35669735,Entire home/apt,220,40.72098,-73.9972,2.342422680822206
10210556,Private room,180,40.74729,-73.99107,2.255272505103306
19503971,Private room,80,40.79956,-73.94113,1.9030899869919435
8668418,Entire home/apt,120,40.75679,-73.99547,2.0791812460476247
34308774,Entire home/apt,200,40.75533,-73.99781,2.3010299956639813
22307861,Entire home/apt,100,40.80379,-73.95257,2
34811838,Entire home/apt,90,40.72609,-73.98354,1.954242509439325
26808908,Private room,80,40.72259,-73.99399,1.9030899869919435
9529662,Private room,100,40.79735,-73.93386,2
27671796,Shared room,90,40.77943,-73.95456,1.954242509439325
14219515,Private room,40,40.80253,-73.94016,1.6020599913279623
29388083,Entire home/apt,240,40.7599,-73.96685,2.380211241711606
14071817,Entire home/apt,90,40.80546,-73.94601,1.954242509439325
30770301,Private room,80,40.72963,-73.98662,1.9030899869919435
29906273,Entire home/apt,180,40.74333,-74.00106,2.255272505103306
10071464,Private room,80,40.73326,-74.00577,1.9030899869919435
68974,Entire home/apt,580,40.71943,-73.99627,2.7634279935629373
18745314,Entire home/apt,130,40.80722,-73.95614,2.113943352306837
6373770,Private room,100,40.71213,-73.99661,2
27500496,Private room,70,40.80138,-73.95107,1.845098040014257
22266183,Private room,50,40.85521,-73.93528,1.6989700043360187
22360132,Entire home/apt,400,40.78242,-73.98381,2.6020599913279625
13957427,Entire home/apt,180,40.72268,-73.98215,2.255272505103306
21384941,Entire home/apt,140,40.79027,-73.97241,2.146128035678238
25606022,Entire home/apt,150,40.7982,-73.97063,2.1760912590556813
36041096,Entire home/apt,250,40.74438,-73.997,2.3979400086720375
11008081,Private room,60,40.82564,-73.94143,1.7781512503836436
35221845,Entire home/apt,110,40.82128,-73.93909,2.041392685158225
34647032,Private room,90,40.75896,-73.98216,1.954242509439325
20412160,Private room,80,40.74042,-73.97822,1.9030899869919435
9470677,Entire home/apt,210,40.76656,-73.97038,2.322219294733919
21363363,Entire home/apt,140,40.72935,-73.98056,2.146128035678238
16268781,Private room,50,40.84313,-73.93947,1.6989700043360187
740947,Entire home/apt,120,40.74231,-73.97839,2.0791812460476247
23649611,Entire home/apt,130,40.74477,-73.98004,2.113943352306837
446367,Entire home/apt,90,40.77593,-73.97699,1.954242509439325
13656752,Private room,60,40.80927,-73.9427,1.7781512503836436
29923582,Private room,910,40.76219,-73.97646,2.9590413923210934
32803072,Private room,100,40.73535,-73.99525,2
8085420,Shared room,40,40.79985,-73.93836,1.6020599913279623
480549,Private room,100,40.77099,-73.9898,2
30387856,Entire home/apt,360,40.72945,-74.00321,2.5563025007672873
2606370,Entire home/apt,450,40.80007,-73.9562,2.6532125137753435
1437044,Entire home/apt,270,40.73556,-74.00903,2.4313637641589874
20591404,Private room,140,40.76121,-73.99053,2.146128035678238
23654584,Shared room,80,40.76534,-73.98701,1.9030899869919435
26635476,Entire home/apt,100,40.86159,-73.92616,2
8507768,Private room,70,40.7696,-73.95275,1.845098040014257
36285236,Private room,100,40.84817,-73.93848,2
16412823,Private room,100,40.77547,-73.9623,2
721762,Entire home/apt,140,40.72576,-73.98582,2.146128035678238
33656120,Entire home/apt,240,40.76118,-73.98625,2.380211241711606
30393355,Entire home/apt,260,40.74737,-73.97626,2.4149733479708178
4766284,Private room,70,40.79796,-73.93856,1.845098040014257
20269650,Entire home/apt,300,40.76551,-73.9873,2.4771212547196626
29391564,Entire home/apt,180,40.76597,-73.98177,2.255272505103306
3315933,Entire home/apt,250,40.76884,-73.95826,2.3979400086720375
33043051,Private room,70,40.79342,-73.93889,1.845098040014257
470498,Private room,60,40.71012,-74.01504,1.7781512503836436
30033284,Entire home/apt,250,40.70462,-74.00912,2.3979400086720375
702551,Entire home/apt,900,40.79507,-73.97568,2.9542425094393248
2791797,Entire home/apt,120,40.73571,-74.00375,2.0791812460476247
12190880,Private room,90,40.7961,-73.963,1.954242509439325
35971673,Private room,100,40.74755,-74.00394,2
13686978,Entire home/apt,120,40.72577,-73.99169,2.0791812460476247
22614476,Entire home/apt,100,40.74627,-73.97595,2
21421657,Entire home/apt,220,40.72436,-73.984,2.342422680822206
182069,Entire home/apt,120,40.79056,-73.9468,2.0791812460476247
14485372,Entire home/apt,290,40.78672,-73.94869,2.462397997898956
13669064,Entire home/apt,180,40.73969,-73.98445,2.255272505103306
19766791,Private room,40,40.82747,-73.94224,1.6020599913279623
12382140,Entire home/apt,300,40.75322,-73.97321,2.4771212547196626
35088621,Private room,50,40.82622,-73.93489,1.6989700043360187
21259596,Entire home/apt,1100,40.73765,-73.98454,3.041392685158225
1398234,Entire home/apt,220,40.72352,-73.99498,2.342422680822206
15972733,Private room,80,40.71953,-73.98364,1.9030899869919435
7105709,Entire home/apt,250,40.73894,-74.00067,2.3979400086720375
9805274,Private room,160,40.72248,-73.99481,2.2041199826559246
397420,Private room,80,40.82703,-73.94311,1.9030899869919435
27229363,Entire home/apt,120,40.78319,-73.9544,2.0791812460476247
26945421,Entire home/apt,180,40.76717,-73.98614,2.255272505103306
32541475,Private room,200,40.74974,-73.98094,2.3010299956639813
20775039,Entire home/apt,140,40.7631,-73.99133,2.146128035678238
4016069,Private room,60,40.80732,-73.93775,1.7781512503836436
4218098,Entire home/apt,110,40.80653,-73.95194,2.041392685158225
60680,Entire home/apt,100,40.72654,-73.98049,2
35579856,Entire home/apt,400,40.76135,-73.99343,2.6020599913279625
19312014,Entire home/apt,160,40.70476,-74.01579,2.2041199826559246
23126850,Entire home/apt,160,40.75287,-73.99066,2.2041199826559246
10403667,Entire home/apt,140,40.74796,-73.97018,2.146128035678238
36180667,Private room,100,40.81795,-73.94099,2
34207673,Private room,160,40.74899,-73.99605,2.2041199826559246
32641909,Entire home/apt,160,40.76237,-73.99202,2.2041199826559246
33941653,Private room,80,40.80437,-73.94595,1.9030899869919435
32557722,Entire home/apt,130,40.73251,-73.99602,2.113943352306837
7108992,Entire home/apt,190,40.7982,-73.96931,2.278753600952829
10037605,Entire home/apt,170,40.74845,-73.99635,2.230448921378274
36198599,Private room,70,40.71197,-73.99019,1.845098040014257
6114353,Private room,90,40.71974,-73.98549,1.954242509439325
35481836,Entire home/apt,1750,40.73942,-73.98648,3.2430380486862944
21963418,Entire home/apt,210,40.75232,-73.9689,2.322219294733919
3578158,Entire home/apt,140,40.80612,-73.95678,2.146128035678238
9715973,Entire home/apt,150,40.74285,-73.97468,2.1760912590556813
5568799,Private room,60,40.81608,-73.9397,1.7781512503836436
17088382,Private room,80,40.77158,-73.95786,1.9030899869919435
30145840,Private room,60,40.80289,-73.95813,1.7781512503836436
13346091,Entire home/apt,150,40.81771,-73.952,2.1760912590556813
10100121,Entire home/apt,240,40.74201,-74.00325,2.380211241711606
1906993,Private room,230,40.72147,-73.98806,2.361727836017593
8505892,Entire home/apt,280,40.72027,-73.98565,2.4471580313422194
21444065,Entire home/apt,150,40.8107,-73.94731,2.1760912590556813
32890531,Entire home/apt,180,40.75544,-73.9829,2.255272505103306
21249716,Private room,160,40.76234,-73.99036,2.2041199826559246
5506438,Private room,100,40.74467,-73.97202,2
28458448,Private room,150,40.81465,-73.94265,2.1760912590556813
21849210,Entire home/apt,150,40.72755,-73.98755,2.1760912590556813
4046281,Private room,120,40.72087,-73.97952,2.0791812460476247
10156290,Entire home/apt,160,40.7191,-73.98812,2.2041199826559246
6974728,Private room,140,40.80016,-73.96448,2.146128035678238
28126530,Entire home/apt,240,40.741,-73.99456,2.380211241711606
18790004,Entire home/apt,150,40.72791,-73.98929,2.1760912590556813
35412871,Entire home/apt,250,40.72697,-73.98373,2.3979400086720375
9935509,Private room,90,40.72143,-73.98434,1.954242509439325
9046808,Entire home/apt,100,40.79717,-73.93519,2
28937584,Private room,60,40.7949,-73.93627,1.7781512503836436
33611062,Entire home/apt,140,40.72392,-73.98915,2.146128035678238
32866480,Entire home/apt,200,40.71614,-73.99047,2.3010299956639813
19073347,Shared room,30,40.71884,-73.99076,1.4771212547196624
27169890,Entire home/apt,180,40.79729,-73.93092,2.255272505103306
13623256,Entire home/apt,410,40.70994,-74.00706,2.6127838567197355
17679645,Private room,60,40.81248,-73.94317,1.7781512503836436
4841187,Entire home/apt,200,40.74583,-74.00405,2.3010299956639813
30394053,Entire home/apt,320,40.76061,-73.98675,2.505149978319906
24757848,Private room,80,40.82511,-73.95341,1.9030899869919435
213330,Private room,200,40.71712,-73.98898,2.3010299956639813
3522513,Entire home/apt,130,40.80297,-73.95132,2.113943352306837
4644669,Entire home/apt,320,40.76358,-73.96464,2.505149978319906
6612737,Private room,70,40.73909,-73.9788,1.845098040014257
24718788,Entire home/apt,120,40.73807,-73.98091,2.0791812460476247
1623431,Private room,250,40.7513,-73.97239,2.3979400086720375
27149630,Entire home/apt,280,40.77093,-73.95873,2.4471580313422194
22647656,Entire home/apt,100,40.7601,-73.96356,2
21065293,Private room,90,40.76583,-73.98669,1.954242509439325
29132306,Private room,120,40.75829,-73.97259,2.0791812460476247
12990578,Private room,100,40.75484,-73.9922,2
9771893,Entire home/apt,150,40.73558,-73.9852,2.1760912590556813
9574936,Shared room,100,40.76515,-73.9847,2
5943770,Private room,60,40.79788,-73.9618,1.7781512503836436
346805,Entire home/apt,140,40.71868,-73.99017,2.146128035678238
30856584,Private room,80,40.76499,-73.95831,1.9030899869919435
35375569,Private room,50,40.72837,-73.98171,1.6989700043360187
10086307,Private room,110,40.80729,-73.95238,2.041392685158225
33728093,Entire home/apt,270,40.75943,-73.98675,2.4313637641589874
32640289,Entire home/apt,200,40.76651,-73.98752,2.3010299956639813
31715312,Entire home/apt,230,40.74827,-73.98865,2.361727836017593
20714992,Private room,150,40.78079,-73.95499,2.1760912590556813
8102145,Private room,120,40.78856,-73.97368,2.0791812460476247
35345097,Entire home/apt,250,40.73006,-74.00713,2.3979400086720375
30393194,Entire home/apt,460,40.72873,-74.0034,2.662757831681574
14627819,Private room,120,40.73383,-73.99509,2.0791812460476247
32467087,Entire home/apt,200,40.74918,-73.97379,2.3010299956639813
19994533,Entire home/apt,150,40.7248,-73.98774,2.1760912590556813
15449415,Entire home/apt,380,40.76253,-73.99803,2.57978359661681
30676471,Shared room,40,40.82398,-73.93815,1.6020599913279623
27752788,Entire home/apt,200,40.74264,-73.98361,2.3010299956639813
7633507,Entire home/apt,200,40.73866,-74.00537,2.3010299956639813
6292334,Entire home/apt,300,40.77357,-73.95193,2.4771212547196626
28345804,Private room,100,40.72803,-73.97961,2
9832827,Entire home/apt,110,40.78442,-73.94722,2.041392685158225
14914048,Private room,60,40.83503,-73.94166,1.7781512503836436
9046095,Entire home/apt,200,40.73208,-74.00393,2.3010299956639813
7775128,Entire home/apt,220,40.74148,-74.00048,2.342422680822206
4048043,Private room,140,40.71972,-73.99986,2.146128035678238
30819919,Private room,120,40.73284,-73.97635,2.0791812460476247
2431784,Entire home/apt,220,40.7809,-73.98215,2.342422680822206
26303788,Private room,60,40.84911,-73.93097,1.7781512503836436
35846059,Entire home/apt,500,40.76558,-73.98855,2.6989700043360187
163814,Entire home/apt,100,40.72636,-73.98917,2
3838388,Entire home/apt,100,40.83818,-73.94303,2
32450910,Private room,80,40.80584,-73.94066,1.9030899869919435
27237572,Entire home/apt,740,40.75444,-73.96497,2.8692317197309762
32238391,Entire home/apt,230,40.70569,-74.01077,2.361727836017593
5522518,Entire home/apt,140,40.73174,-74.00309,2.146128035678238
33930883,Entire home/apt,500,40.79819,-73.93953,2.6989700043360187
10067083,Entire home/apt,180,40.72321,-73.99532,2.255272505103306
22267906,Private room,80,40.825920000000004,-73.93911,1.9030899869919435
35420277,Entire home/apt,190,40.70886,-74.00885,2.278753600952829
30979146,Entire home/apt,140,40.76111,-73.99461,2.146128035678238
8285992,Entire home/apt,170,40.72824,-73.97543,2.230448921378274
13431793,Entire home/apt,240,40.76213,-73.99972,2.380211241711606
9563868,Entire home/apt,290,40.71143,-74.00596,2.462397997898956
61509,Entire home/apt,110,40.75749,-73.96897,2.041392685158225
8250457,Entire home/apt,190,40.73418,-74.0046,2.278753600952829
32642930,Private room,220,40.72712,-73.97763,2.342422680822206
25395740,Entire home/apt,180,40.73655,-74.00226,2.255272505103306
4249131,Entire home/apt,100,40.73175,-73.98756,2
32241185,Entire home/apt,210,40.7075,-74.01199,2.322219294733919
4880985,Entire home/apt,120,40.77669,-73.97696,2.0791812460476247
30587338,Private room,180,40.76991,-73.95327,2.255272505103306
28286163,Entire home/apt,220,40.82302,-73.94259,2.342422680822206
33123667,Private room,80,40.71728,-73.99085,1.9030899869919435
14012748,Entire home/apt,350,40.72688,-73.98974,2.5440680443502757
30557583,Entire home/apt,290,40.73888,-73.99782,2.462397997898956
16037497,Entire home/apt,220,40.73596,-74.00927,2.342422680822206
13526348,Entire home/apt,120,40.81635,-73.94467,2.0791812460476247
31283904,Entire home/apt,400,40.72846,-73.98457,2.6020599913279625
13213869,Private room,80,40.8449,-73.94034,1.9030899869919435
21011433,Entire home/apt,140,40.70445,-74.01521,2.146128035678238
9477489,Entire home/apt,140,40.71255,-73.99673,2.146128035678238
2817967,Entire home/apt,100,40.77125,-73.95735,2
8275455,Entire home/apt,80,40.85911,-73.928,1.9030899869919435
32401972,Entire home/apt,200,40.72847,-74.00094,2.3010299956639813
9474607,Entire home/apt,280,40.75553,-73.9923,2.4471580313422194
21307577,Private room,100,40.72853,-73.98472,2
13130313,Entire home/apt,90,40.76502,-73.99277,1.954242509439325
22399042,Shared room,40,40.82032,-73.95465,1.6020599913279623
7917251,Entire home/apt,100,40.71909,-73.99028,2
16273143,Entire home/apt,250,40.7625,-73.98802,2.3979400086720375
4041189,Entire home/apt,80,40.83469,-73.93961,1.9030899869919435
16308886,Entire home/apt,150,40.71401,-73.99187,2.1760912590556813
26183173,Entire home/apt,140,40.76039,-73.96504,2.146128035678238
2272872,Entire home/apt,400,40.76726,-73.98285,2.6020599913279625
36483010,Entire home/apt,200,40.75561,-73.96723,2.3010299956639813
28751660,Entire home/apt,300,40.76591,-73.99493,2.4771212547196626
5233279,Entire home/apt,140,40.76902,-73.95807,2.146128035678238
33072804,Entire home/apt,170,40.74909,-73.98657,2.230448921378274
34448753,Private room,60,40.81454,-73.94424,1.7781512503836436
25324132,Entire home/apt,160,40.71721,-73.99312,2.2041199826559246
9692074,Private room,200,40.80562,-73.95978,2.3010299956639813
36315267,Entire home/apt,280,40.72654,-74.00201,2.4471580313422194
10766309,Private room,130,40.74358,-73.99758,2.113943352306837
16912472,Private room,90,40.72951,-73.98239,1.954242509439325
21610489,Entire home/apt,210,40.7582,-73.97843,2.322219294733919
3793246,Entire home/apt,200,40.72695,-73.98617,2.3010299956639813
35000600,Entire home/apt,200,40.74322,-73.9722,2.3010299956639813
20582991,Entire home/apt,130,40.74844,-73.97713,2.113943352306837
1025847,Entire home/apt,160,40.72538,-73.98351,2.2041199826559246
35843964,Entire home/apt,120,40.82024,-73.94362,2.0791812460476247
5447434,Private room,100,40.7634,-73.98928,2
30430139,Private room,180,40.75659,-73.99867,2.255272505103306
35874420,Entire home/apt,160,40.78539,-73.95062,2.2041199826559246
6896715,Entire home/apt,180,40.76003,-73.96969,2.255272505103306
856440,Entire home/apt,180,40.76616,-73.98411,2.255272505103306
32271293,Private room,50,40.82153,-73.954580000000007,1.6989700043360187
6462078,Private room,40,40.84441,-73.94218,1.6020599913279623
13044668,Private room,70,40.74464,-73.98436,1.845098040014257
7696654,Entire home/apt,100,40.81236,-73.94142,2
32933643,Entire home/apt,100,40.78331,-73.94646,2
23421363,Private room,80,40.73974,-73.99563,1.9030899869919435
34305492,Entire home/apt,320,40.75607,-73.96768,2.505149978319906
22064879,Entire home/apt,200,40.77775,-73.94957,2.3010299956639813
13696003,Private room,90,40.80974,-73.96034,1.954242509439325
7902556,Private room,100,40.70395,-74.00995,2
19272653,Private room,90,40.76283,-73.9897,1.954242509439325
21958889,Private room,60,40.78165,-73.9749,1.7781512503836436
34087749,Entire home/apt,100,40.70803,-74.00639,2
16205272,Entire home/apt,200,40.81309,-73.94614,2.3010299956639813
23470928,Shared room,80,40.76431,-73.98859,1.9030899869919435
30667058,Entire home/apt,250,40.72182,-73.99567,2.3979400086720375
24849193,Private room,120,40.80672,-73.96713,2.0791812460476247
1856261,Private room,90,40.76254,-73.98712,1.954242509439325
888905,Private room,60,40.78933,-73.94932,1.7781512503836436
36207527,Entire home/apt,120,40.85139,-73.92952,2.0791812460476247
5693978,Entire home/apt,120,40.77937,-73.97805,2.0791812460476247
33455365,Shared room,100,40.76838,-73.98723,2
8016681,Private room,60,40.84074,-73.93544,1.7781512503836436
7816449,Entire home/apt,500,40.72219,-74.0014,2.6989700043360187
33810599,Entire home/apt,160,40.71138,-74.00834,2.2041199826559246
3478771,Private room,70,40.71922,-73.98472,1.845098040014257
32463948,Private room,60,40.72704,-73.98916,1.7781512503836436
22767598,Entire home/apt,150,40.7118,-74.0083,2.1760912590556813
26251587,Entire home/apt,250,40.74561,-74.00205,2.3979400086720375
23185690,Private room,80,40.84857,-73.94193,1.9030899869919435
9902932,Entire home/apt,300,40.73434,-74.00462,2.4771212547196626
1937325,Entire home/apt,300,40.72815,-73.98059,2.4771212547196626
33831074,Private room,60,40.79995,-73.96139,1.7781512503836436
4745012,Entire home/apt,150,40.76339,-73.95832,2.1760912590556813
28722897,Shared room,60,40.79912,-73.94202,1.7781512503836436
4946624,Entire home/apt,150,40.71959,-73.9919,2.1760912590556813
26754406,Entire home/apt,140,40.74849,-73.97873,2.146128035678238
32847146,Private room,40,40.84751,-73.93864,1.6020599913279623
9488878,Entire home/apt,300,40.7996,-73.9621,2.4771212547196626
16028674,Private room,110,40.72008,-73.98865,2.041392685158225
27089110,Entire home/apt,450,40.75316,-73.97241,2.6532125137753435
1567225,Entire home/apt,550,40.78024,-73.97942,2.7403626894942437
27333008,Entire home/apt,150,40.73494,-74.00463,2.1760912590556813
19181881,Entire home/apt,320,40.78184,-73.98382,2.505149978319906
110739,Entire home/apt,170,40.74503,-73.98876,2.230448921378274
33636366,Entire home/apt,150,40.75948,-73.98615,2.1760912590556813
353317,Entire home/apt,130,40.71515,-73.99029,2.113943352306837
11484489,Entire home/apt,140,40.72225,-73.99473,2.146128035678238
11718547,Private room,80,40.8284,-73.94461,1.9030899869919435
27959042,Entire home/apt,800,40.74487,-73.97608,2.9030899869919438
11840404,Entire home/apt,140,40.74025,-73.97896,2.146128035678238
11553765,Private room,150,40.71351,-73.99692,2.1760912590556813
33368855,Entire home/apt,180,40.73063,-73.98322,2.255272505103306
36703,Entire home/apt,220,40.73226,-74.00401,2.342422680822206
23136074,Entire home/apt,200,40.75584,-73.995590000000007,2.3010299956639813
478949,Entire home/apt,380,40.74087,-74.00226,2.57978359661681
9461851,Entire home/apt,150,40.78743,-73.96855,2.1760912590556813
17388041,Private room,120,40.7993,-73.93305,2.0791812460476247
13432348,Entire home/apt,240,40.76108,-73.99812,2.380211241711606
34389997,Entire home/apt,360,40.77146,-73.95482,2.5563025007672873
9059397,Entire home/apt,180,40.7837,-73.94877,2.255272505103306
533927,Entire home/apt,220,40.74403,-73.99581,2.342422680822206
3458525,Entire home/apt,120,40.81511,-73.94315,2.0791812460476247
2210615,Entire home/apt,220,40.74047,-73.99508,2.342422680822206
34061088,Entire home/apt,210,40.70673,-74.01518,2.322219294733919
35423325,Entire home/apt,190,40.76269,-73.98928,2.278753600952829
7789152,Entire home/apt,180,40.71783,-73.98392,2.255272505103306
11567796,Entire home/apt,200,40.74644,-73.98389,2.3010299956639813
33141938,Private room,40,40.86507,-73.92348,1.6020599913279623
9445789,Entire home/apt,70,40.76373,-73.99297,1.845098040014257
29854118,Entire home/apt,160,40.72896,-73.98111,2.2041199826559246
30586349,Private room,50,40.79179,-73.93524,1.6989700043360187
26957225,Entire home/apt,210,40.72078,-73.98762,2.322219294733919
22191831,Private room,70,40.81244,-73.95261,1.845098040014257
22397992,Private room,90,40.81455,-73.95122,1.954242509439325
9523761,Private room,80,40.76689,-73.94564,1.9030899869919435
20895982,Private room,80,40.72413,-73.98216,1.9030899869919435
15056492,Private room,90,40.71676,-73.99369,1.954242509439325
23746801,Private room,220,40.77606,-73.97803,2.342422680822206
1151582,Private room,120,40.77068,-73.95867,2.0791812460476247
22687843,Entire home/apt,170,40.75129,-73.9698,2.230448921378274
32107458,Entire home/apt,300,40.73027,-74.00077,2.4771212547196626
11253351,Private room,70,40.76112,-73.99075,1.845098040014257
8007908,Entire home/apt,380,40.73221,-74.00928,2.57978359661681
14851247,Entire home/apt,110,40.79853,-73.93772,2.041392685158225
7731348,Entire home/apt,180,40.79433,-73.97333,2.255272505103306
35315865,Entire home/apt,250,40.73735,-73.98425,2.3979400086720375
36448400,Private room,80,40.72626,-73.98729,1.9030899869919435
19083490,Entire home/apt,210,40.75625,-73.99336,2.322219294733919
18091600,Entire home/apt,250,40.80353,-73.94707,2.3979400086720375
3539618,Entire home/apt,170,40.73788,-73.98048,2.230448921378274
34153345,Entire home/apt,240,40.76368,-73.98881,2.380211241711606
13058232,Entire home/apt,300,40.74472,-74.00095,2.4771212547196626
35467129,Entire home/apt,220,40.77044,-73.99126,2.342422680822206
35233037,Private room,390,40.72697,-73.9805,2.591064607026499
25766100,Private room,100,40.7293,-73.98325,2
19504985,Entire home/apt,220,40.72588,-74.00286,2.342422680822206
29733748,Private room,190,40.7637,-73.97422,2.278753600952829
11786452,Entire home/apt,150,40.73573,-73.99496,2.1760912590556813
35062731,Entire home/apt,300,40.70659,-74.00501,2.4771212547196626
21947260,Shared room,130,40.76119,-73.97005,2.113943352306837
36305881,Entire home/apt,350,40.8683,-73.92161,2.5440680443502757
6939024,Entire home/apt,200,40.72517,-73.98742,2.3010299956639813
6871251,Entire home/apt,260,40.7787,-73.98088,2.4149733479708178
28915824,Private room,180,40.71795,-73.99708,2.255272505103306
14254624,Entire home/apt,110,40.75095,-73.97115,2.041392685158225
29181147,Private room,70,40.80324,-73.96555,1.845098040014257
449130,Private room,90,40.8179,-73.94319,1.954242509439325
16297227,Entire home/apt,130,40.76428,-73.99381,2.113943352306837
6702693,Entire home/apt,1500,40.73692,-73.99219,3.1760912590556813
20396246,Entire home/apt,180,40.81677,-73.93927,2.255272505103306
21054217,Entire home/apt,790,40.74881,-73.99375,2.8976270912904414
11325107,Entire home/apt,140,40.7328,-73.9841,2.146128035678238
4738406,Private room,40,40.84749,-73.9391,1.6020599913279623
13638122,Private room,110,40.72875,-74.00169,2.041392685158225
19237286,Entire home/apt,400,40.82707,-73.94763,2.6020599913279625
11571180,Private room,50,40.80147,-73.93706,1.6989700043360187
29237220,Entire home/apt,600,40.73756,-74.00755,2.7781512503836434
20541408,Private room,80,40.80046,-73.96598,1.9030899869919435
26052294,Private room,100,40.72844,-74.00025,2
2979714,Private room,80,40.80095,-73.9541,1.9030899869919435
20968000,Entire home/apt,190,40.74428,-73.97364,2.278753600952829
36312999,Private room,60,40.81488,-73.93458,1.7781512503836436
12854724,Entire home/apt,80,40.74066,-73.99895,1.9030899869919435
13246804,Private room,80,40.76026,-73.9659,1.9030899869919435
29220410,Private room,80,40.80423,-73.96334,1.9030899869919435
9412636,Private room,60,40.76168,-73.95059,1.7781512503836436
9484892,Private room,80,40.72145,-73.97881,1.9030899869919435
9525490,Entire home/apt,320,40.72826,-73.98871,2.505149978319906
34473196,Entire home/apt,320,40.70562,-74.00712,2.505149978319906
35038124,Entire home/apt,480,40.75911,-73.97011,2.681241237375587
13971160,Private room,90,40.80914,-73.94363,1.954242509439325
18823516,Private room,130,40.71682,-73.99843,2.113943352306837
23538841,Shared room,70,40.7648,-73.98879,1.845098040014257
9311761,Private room,150,40.71846,-73.98727,2.1760912590556813
19459142,Private room,100,40.74072,-73.98133,2
8055598,Entire home/apt,150,40.85296,-73.93527,2.1760912590556813
6094708,Entire home/apt,80,40.71724,-73.98546,1.9030899869919435
22432585,Private room,100,40.79202,-73.93999,2
7475708,Entire home/apt,200,40.73764,-73.9819,2.3010299956639813
1022204,Private room,110,40.72198,-73.98932,2.041392685158225
34150332,Private room,100,40.7667,-73.98829,2
12813050,Entire home/apt,200,40.73682,-73.98336,2.3010299956639813
1066769,Private room,120,40.72046,-73.98773,2.0791812460476247
21604003,Private room,60,40.82841,-73.9473,1.7781512503836436
26025770,Entire home/apt,180,40.80135,-73.96643,2.255272505103306
34935216,Entire home/apt,180,40.7319,-73.98658,2.255272505103306
31039690,Entire home/apt,250,40.74382,-74.00463,2.3979400086720375
11871903,Private room,80,40.80029,-73.96626,1.9030899869919435
4961949,Entire home/apt,300,40.72091,-73.98475,2.4771212547196626
17141182,Entire home/apt,100,40.80338,-73.9636,2
4840381,Entire home/apt,50,40.80107,-73.96065,1.6989700043360187
29409313,Entire home/apt,170,40.72653,-73.98501,2.230448921378274
21516411,Entire home/apt,250,40.74379,-73.99918,2.3979400086720375
8992423,Entire home/apt,590,40.75935,-73.9875,2.7708520116421442
19349497,Entire home/apt,80,40.72746,-73.98781,1.9030899869919435
9247923,Entire home/apt,320,40.73297,-73.99217,2.505149978319906
25788995,Private room,90,40.80246,-73.966309999999993,1.954242509439325
18728,Private room,150,40.74138,-74.00197,2.1760912590556813
13155478,Private room,100,40.77626,-73.94693,2
2289612,Private room,110,40.74576,-73.97821,2.041392685158225
153780,Private room,180,40.72587,-73.98438,2.255272505103306
18929965,Private room,90,40.76422,-73.96612,1.954242509439325
20162513,Entire home/apt,140,40.76242,-73.99482,2.146128035678238
32185974,Entire home/apt,230,40.75951,-73.99455,2.361727836017593
10131082,Private room,150,40.79865,-73.95295,2.1760912590556813
22304757,Entire home/apt,200,40.72516,-74.00242,2.3010299956639813
31143144,Private room,70,40.83414,-73.9438,1.845098040014257
32856048,Entire home/apt,320,40.7304,-74.00301,2.505149978319906
21937451,Entire home/apt,200,40.74927,-74.00122,2.3010299956639813
12947670,Entire home/apt,90,40.74141,-73.97868,1.954242509439325
21822611,Private room,100,40.71235,-73.990710000000007,2
9166769,Private room,60,40.84699,-73.9362,1.7781512503836436
5028653,Entire home/apt,290,40.71068,-74.00713,2.462397997898956
7597951,Private room,80,40.72028,-73.98182,1.9030899869919435
12452110,Entire home/apt,150,40.76386,-73.99707,2.1760912590556813
3423516,Entire home/apt,150,40.77565,-73.95086,2.1760912590556813
13282553,Entire home/apt,180,40.75604,-73.9681,2.255272505103306
13666116,Private room,90,40.80442,-73.96362,1.954242509439325
258740,Private room,60,40.81872,-73.94567,1.7781512503836436
6326582,Shared room,60,40.8327,-73.94028,1.7781512503836436
4636643,Entire home/apt,120,40.72639,-73.98827,2.0791812460476247
27904413,Entire home/apt,400,40.73947,-73.9847,2.6020599913279625
28256883,Entire home/apt,250,40.79706,-73.93473,2.3979400086720375
10125213,Private room,60,40.80197,-73.93888,1.7781512503836436
29965839,Entire home/apt,160,40.70903,-74.00596,2.2041199826559246
2274268,Private room,90,40.7604,-73.9922,1.954242509439325
621430,Private room,90,40.76876,-73.99473,1.954242509439325
13204229,Private room,110,40.70735,-74.01226,2.041392685158225
23171917,Entire home/apt,140,40.71967,-73.99583,2.146128035678238
9559335,Entire home/apt,300,40.74835,-74.00336,2.4771212547196626
852949,Entire home/apt,200,40.72977,-74.00164,2.3010299956639813
4267133,Private room,70,40.72156,-73.98712,1.845098040014257
14692459,Entire home/apt,180,40.78316,-73.94662,2.255272505103306
6713742,Entire home/apt,450,40.75549,-73.97149,2.6532125137753435
27214615,Entire home/apt,480,40.73495,-74.00033,2.681241237375587
33682823,Private room,220,40.81652,-73.94914,2.342422680822206
1054006,Private room,80,40.73323,-73.98224,1.9030899869919435
10512932,Entire home/apt,70,40.86818,-73.92708,1.845098040014257
33405611,Private room,170,40.711,-74.00883,2.230448921378274
29827671,Private room,40,40.7906,-73.94594,1.6020599913279623
33853876,Private room,100,40.75939,-73.99501,2
4786030,Private room,110,40.72879,-73.97959,2.041392685158225
29059533,Entire home/apt,120,40.85277,-73.92916,2.0791812460476247
34474349,Entire home/apt,150,40.75634,-73.99332,2.1760912590556813
4601325,Private room,70,40.78882,-73.94869,1.845098040014257
3992326,Entire home/apt,180,40.71421,-73.98793,2.255272505103306
32726051,Private room,80,40.80252,-73.9547,1.9030899869919435
33900721,Entire home/apt,200,40.78202,-73.94826,2.3010299956639813
501082,Private room,80,40.82392,-73.94205,1.9030899869919435
7749472,Private room,60,40.82453,-73.93952,1.7781512503836436
33994896,Private room,120,40.71958,-73.9905,2.0791812460476247
14139651,Entire home/apt,150,40.74506,-73.97934,2.1760912590556813
32816064,Entire home/apt,250,40.76017,-73.99638,2.3979400086720375
1023529,Private room,50,40.82153,-73.95512,1.6989700043360187
21539105,Private room,80,40.72394,-73.99656,1.9030899869919435
30842262,Entire home/apt,270,40.74488,-73.97389,2.4313637641589874
21825081,Entire home/apt,120,40.71508,-73.99275,2.0791812460476247
14236734,Private room,100,40.72854,-74.00275,2
21020869,Entire home/apt,700,40.72391,-73.9975,2.845098040014257
3576160,Entire home/apt,100,40.79805,-73.94533,2
33558445,Entire home/apt,400,40.79491,-73.94162,2.6020599913279625
16444320,Private room,90,40.78142,-73.98418,1.954242509439325
32225203,Entire home/apt,230,40.70737,-74.01103,2.361727836017593
17902970,Private room,100,40.76313,-73.98978,2
24751420,Entire home/apt,180,40.76914,-73.98757,2.255272505103306
25323294,Entire home/apt,240,40.71033,-74.00743,2.380211241711606
21645894,Private room,50,40.80015,-73.95483,1.6989700043360187
382524,Private room,180,40.80334,-73.94805,2.255272505103306
8236660,Entire home/apt,210,40.71868,-73.99036,2.322219294733919
20183883,Entire home/apt,280,40.76336,-73.98646,2.4471580313422194
30212188,Private room,110,40.75523,-73.99827,2.041392685158225
21829821,Private room,150,40.76793,-73.985830000000007,2.1760912590556813
23190292,Entire home/apt,140,40.77226,-73.95631,2.146128035678238
7861113,Entire home/apt,200,40.80021,-73.96634,2.3010299956639813
14610596,Private room,40,40.79281,-73.93955,1.6020599913279623
35569459,Entire home/apt,900,40.72434,-73.99945,2.9542425094393248
24970373,Entire home/apt,200,40.71175,-74.00763,2.3010299956639813
18547663,Entire home/apt,420,40.73158,-73.987,2.6232492903979003
30200750,Private room,150,40.82022,-73.95309,2.1760912590556813
31580460,Entire home/apt,240,40.73588,-74.00474,2.380211241711606
24645434,Private room,80,40.74233,-73.98031,1.9030899869919435
7129972,Entire home/apt,170,40.71649,-74.00267,2.230448921378274
25946015,Entire home/apt,180,40.73338,-74.00314,2.255272505103306
16378313,Entire home/apt,190,40.76418,-73.98885,2.278753600952829
4520941,Private room,250,40.86644,-73.92677,2.3979400086720375
31447607,Entire home/apt,220,40.76666,-73.98358,2.342422680822206
32669067,Entire home/apt,360,40.7606,-73.98408,2.5563025007672873
1307095,Private room,110,40.73227,-73.98451,2.041392685158225
8739326,Entire home/apt,200,40.71569,-73.99174,2.3010299956639813
9435503,Private room,90,40.80294,-73.96007,1.954242509439325
9170129,Entire home/apt,250,40.79939,-73.9547,2.3979400086720375
34491918,Private room,100,40.76055,-73.98362,2
5099,Entire home/apt,200,40.74767,-73.975,2.3010299956639813
21825923,Private room,140,40.73158,-74.00151,2.146128035678238
21313582,Private room,80,40.71818,-73.98922,1.9030899869919435
590903,Private room,80,40.80797,-73.9489,1.9030899869919435
1171674,Entire home/apt,220,40.7302,-74.00165,2.342422680822206
21851228,Entire home/apt,200,40.75393,-73.97316,2.3010299956639813
7010135,Shared room,130,40.77734,-73.95779,2.113943352306837
3236301,Private room,50,40.82075,-73.9379,1.6989700043360187
28640338,Entire home/apt,210,40.7112,-74.0094,2.322219294733919
3111416,Entire home/apt,120,40.71848,-73.98159,2.0791812460476247
6837529,Private room,140,40.72082,-73.98592,2.146128035678238
18649822,Entire home/apt,290,40.7358,-73.9889,2.462397997898956
35491013,Entire home/apt,400,40.7643,-73.9876,2.6020599913279625
32544667,Entire home/apt,300,40.76226,-73.95808,2.4771212547196626
12301489,Entire home/apt,200,40.7363,-73.98691,2.3010299956639813
36468409,Entire home/apt,120,40.76628,-73.95795,2.0791812460476247
24734792,Private room,120,40.82708,-73.9447,2.0791812460476247
16174233,Entire home/apt,90,40.76982,-73.95697,1.954242509439325
34549093,Entire home/apt,390,40.72406,-73.9965,2.591064607026499
34009215,Entire home/apt,310,40.73905,-73.98225,2.4913616938342726
2674267,Private room,110,40.77848,-73.98334,2.041392685158225
12950979,Entire home/apt,80,40.86612,-73.9189,1.9030899869919435
1914759,Entire home/apt,220,40.74276,-74.00016,2.342422680822206
25832499,Private room,100,40.71463,-73.99216,2
3463385,Private room,100,40.76717,-73.95532,2
7062987,Entire home/apt,140,40.77269,-73.95055,2.146128035678238
9792286,Private room,90,40.72265,-73.98365,1.954242509439325
13259442,Private room,80,40.80348,-73.96579,1.9030899869919435
23687344,Private room,80,40.80554,-73.95586,1.9030899869919435
2057295,Entire home/apt,110,40.73075,-74.00238,2.041392685158225
34790450,Entire home/apt,500,40.73458,-74.00361,2.6989700043360187
19701427,Entire home/apt,400,40.76692,-73.964,2.6020599913279625
20054294,Private room,180,40.72408,-73.97753,2.255272505103306
3958460,Private room,100,40.77323,-73.98014,2
17437106,Shared room,10,40.81302,-73.95349,1
9990026,Entire home/apt,150,40.73882,-73.9857,2.1760912590556813
21931508,Private room,80,40.81426,-73.95152,1.9030899869919435
1189378,Entire home/apt,280,40.71976,-74.00571,2.4471580313422194
24158816,Entire home/apt,260,40.73233,-74.002440000000007,2.4149733479708178
22328208,Private room,30,40.81688,-73.94132,1.4771212547196624
32371477,Private room,60,40.7996,-73.94216,1.7781512503836436
21088326,Private room,100,40.71587,-73.9989,2
17922242,Entire home/apt,130,40.72439,-73.976070000000007,2.113943352306837
841211,Private room,1000,40.7466,-73.99219,3
15165888,Private room,40,40.83185,-73.94806,1.6020599913279623
11338529,Private room,40,40.86313,-73.92162,1.6020599913279623
35425034,Entire home/apt,180,40.71035,-74.00734,2.255272505103306
31123490,Entire home/apt,280,40.76792,-73.98453,2.4471580313422194
30069021,Private room,200,40.75753,-73.99701,2.3010299956639813
32309885,Entire home/apt,200,40.73957,-74.00241,2.3010299956639813
9696653,Entire home/apt,110,40.73411,-73.99787,2.041392685158225
753983,Private room,80,40.80193,-73.96703,1.9030899869919435
3129731,Private room,150,40.76282,-73.9637,2.1760912590556813
15497229,Entire home/apt,530,40.76188,-73.99806,2.724275869600789
29611826,Entire home/apt,300,40.74919,-74.00377,2.4771212547196626
7872617,Entire home/apt,220,40.84984,-73.94187,2.342422680822206
9487684,Entire home/apt,180,40.7795,-73.98258,2.255272505103306
23648504,Entire home/apt,370,40.75173,-73.9727,2.568201724066995
30964729,Shared room,80,40.76546,-73.98712,1.9030899869919435
29432994,Entire home/apt,220,40.7764,-73.98144,2.342422680822206
7760808,Entire home/apt,320,40.76352,-73.9777,2.505149978319906
19274358,Entire home/apt,280,40.75075,-73.9752,2.4471580313422194
13748851,Entire home/apt,120,40.72778,-73.98335,2.0791812460476247
9330771,Entire home/apt,100,40.72919,-73.98104,2
33607319,Shared room,40,40.78722,-73.944820000000007,1.6020599913279623
1003530,Private room,140,40.79962,-73.96523,2.146128035678238
11968539,Entire home/apt,110,40.76053,-73.96181,2.041392685158225
24408535,Entire home/apt,540,40.72709,-73.99074,2.7323937598229686
13387572,Entire home/apt,140,40.76113,-73.96092,2.146128035678238
6970372,Entire home/apt,150,40.76112,-73.9619,2.1760912590556813
30394423,Entire home/apt,300,40.73785,-73.99736,2.4771212547196626
27735701,Shared room,60,40.80033,-73.941,1.7781512503836436
24136740,Entire home/apt,750,40.72601,-73.99086,2.8750612633917
13444902,Private room,70,40.81591,-73.93995,1.845098040014257
25852200,Shared room,70,40.76353,-73.98839,1.845098040014257
33701468,Entire home/apt,150,40.76167,-73.96944,2.1760912590556813
35001709,Entire home/apt,200,40.74455,-73.97296,2.3010299956639813
10118847,Private room,60,40.83871,-73.9468,1.7781512503836436
28561160,Private room,100,40.7855,-73.97584,2
21091355,Entire home/apt,80,40.76139,-73.96222,1.9030899869919435
30853505,Entire home/apt,300,40.74175,-73.98135,2.4771212547196626
16392756,Entire home/apt,140,40.73421,-73.9968,2.146128035678238
36413114,Entire home/apt,140,40.73713,-73.9987,2.146128035678238
1971200,Private room,100,40.76636,-73.98634,2
33310428,Private room,30,40.85487,-73.92759,1.4771212547196624
31926655,Entire home/apt,220,40.82656,-73.94648,2.342422680822206
12566262,Entire home/apt,200,40.75756,-73.99318,2.3010299956639813
34378303,Private room,60,40.81791,-73.94246,1.7781512503836436
21241079,Entire home/apt,300,40.73261,-74.00713,2.4771212547196626
32333590,Entire home/apt,140,40.71701,-73.98874,2.146128035678238
30426054,Private room,130,40.72579,-73.98301,2.113943352306837
15149591,Private room,700,40.75376,-73.97132,2.845098040014257
20184562,Entire home/apt,150,40.72698,-73.98649,2.1760912590556813
12911110,Entire home/apt,90,40.78397,-73.97063,1.954242509439325
29621786,Private room,70,40.859610000000004,-73.92911,1.845098040014257
30389280,Entire home/apt,280,40.70511,-74.00722,2.4471580313422194
16779705,Entire home/apt,100,40.73239,-73.9996,2
14975651,Entire home/apt,170,40.71391,-74.00624,2.230448921378274
34977766,Entire home/apt,130,40.76139,-73.96048,2.113943352306837
14012606,Entire home/apt,820,40.72607,-74.00916,2.9138138523837167
14347502,Entire home/apt,100,40.72144,-73.98915,2
24940447,Private room,80,40.81585,-73.94272,1.9030899869919435
21098717,Entire home/apt,180,40.74896,-73.9762,2.255272505103306
26132476,Private room,60,40.75544,-73.99721,1.7781512503836436
22447855,Private room,110,40.71922,-73.98714,2.041392685158225
21535963,Private room,950,40.76163,-73.98023,2.9777236052888476
11459084,Private room,110,40.72132,-73.98369,2.041392685158225
8185845,Entire home/apt,250,40.76391,-73.95938,2.3979400086720375
10059699,Entire home/apt,160,40.73719,-73.99336,2.2041199826559246
34937287,Entire home/apt,460,40.74312,-73.98977,2.662757831681574
35026452,Entire home/apt,180,40.7601,-73.97042,2.255272505103306
15859962,Shared room,60,40.74411,-73.98011,1.7781512503836436
741806,Private room,100,40.85963,-73.93107,2
17095350,Entire home/apt,180,40.732,-73.99959,2.255272505103306
18201247,Entire home/apt,280,40.73218,-73.98815,2.4471580313422194
21624428,Entire home/apt,200,40.78901,-73.98057,2.3010299956639813
32245235,Private room,70,40.72576,-73.98309,1.845098040014257
30198546,Private room,120,40.71744,-73.98957,2.0791812460476247
4464418,Entire home/apt,160,40.78962,-73.97718,2.2041199826559246
21863411,Entire home/apt,150,40.71952,-73.98495,2.1760912590556813
13730254,Entire home/apt,130,40.73183,-73.98513,2.113943352306837
21935245,Private room,90,40.72735,-74.00131,1.954242509439325
15260962,Entire home/apt,850,40.72575,-74.00128,2.929418925714293
7328712,Private room,100,40.74145,-73.98828,2
9064238,Entire home/apt,100,40.75454,-73.97083,2
1077179,Entire home/apt,250,40.73775,-73.98324,2.3979400086720375
16943178,Shared room,50,40.74261,-73.98102,1.6989700043360187
6657134,Entire home/apt,240,40.78071,-73.95309,2.380211241711606
22058411,Entire home/apt,200,40.8014,-73.94386,2.3010299956639813
32207337,Shared room,70,40.81384,-73.95315,1.845098040014257
16313932,Private room,70,40.76275,-73.99525,1.845098040014257
15821383,Private room,80,40.80258,-73.9676,1.9030899869919435
27654829,Private room,200,40.73639,-73.99318,2.3010299956639813
15162388,Private room,350,40.76529,-73.97713,2.5440680443502757
15782266,Entire home/apt,120,40.71165,-73.9993,2.0791812460476247
8568094,Private room,100,40.80255,-73.95347,2
12702755,Shared room,40,40.71187,-73.98878,1.6020599913279623
22388659,Entire home/apt,130,40.79081,-73.94946,2.113943352306837
8547691,Private room,140,40.7633,-73.98591,2.146128035678238
5605209,Private room,110,40.7175,-73.99264,2.041392685158225
35515733,Entire home/apt,950,40.71625,-74.00316,2.9777236052888476
34116007,Private room,200,40.76229,-73.99994,2.3010299956639813
64015,Entire home/apt,200,40.72807,-73.98594,2.3010299956639813
8620134,Private room,120,40.77127,-73.95175,2.0791812460476247
29360292,Private room,100,40.72935,-73.98441,2
16634459,Private room,140,40.81367,-73.93809,2.146128035678238
34974525,Entire home/apt,300,40.74812,-73.98046,2.4771212547196626
103806,Entire home/apt,250,40.72577,-73.98745,2.3979400086720375
6973286,Private room,100,40.72297,-73.97973,2
24204338,Private room,100,40.78719,-73.95201,2
16491731,Private room,80,40.76106,-73.98891,1.9030899869919435
26387138,Private room,70,40.84918,-73.93775,1.845098040014257
35685857,Entire home/apt,210,40.84344,-73.93967,2.322219294733919
18690651,Private room,50,40.8213,-73.95131,1.6989700043360187
9116126,Entire home/apt,200,40.78627,-73.97112,2.3010299956639813
34415580,Entire home/apt,280,40.74557,-74.00825,2.4471580313422194
29929331,Shared room,70,40.75964,-73.99002,1.845098040014257
274062,Private room,100,40.80285,-73.95166,2
10142056,Entire home/apt,100,40.77349,-73.95225,2
12093494,Entire home/apt,330,40.75237,-73.98769,2.5185139398778875
21908184,Entire home/apt,200,40.75006,-73.97694,2.3010299956639813
35598472,Entire home/apt,200,40.70611,-74.00773,2.3010299956639813
28757780,Private room,60,40.85104,-73.93979,1.7781512503836436
26123841,Private room,90,40.72204,-73.98151,1.954242509439325
24157110,Entire home/apt,80,40.77359,-73.94967,1.9030899869919435
14549011,Private room,40,40.71311,-73.98482,1.6020599913279623
9296598,Entire home/apt,40,40.77944,-73.98518,1.6020599913279623
29831549,Private room,90,40.7879,-73.95418,1.954242509439325
27389045,Entire home/apt,300,40.74632,-73.97307,2.4771212547196626
12658099,Private room,100,40.74516,-73.9959,2
409293,Private room,100,40.79477,-73.95046,2
34323571,Entire home/apt,160,40.75963,-73.98764,2.2041199826559246
4221999,Entire home/apt,220,40.75576,-73.96548,2.342422680822206
13127711,Entire home/apt,200,40.80501,-73.94249,2.3010299956639813
13289643,Entire home/apt,200,40.74436,-73.97292,2.3010299956639813
26121892,Entire home/apt,350,40.74914,-73.98779,2.5440680443502757
2015094,Private room,40,40.86888,-73.92059,1.6020599913279623
6425712,Entire home/apt,200,40.85516,-73.9378,2.3010299956639813
9329090,Entire home/apt,140,40.75145,-73.9752,2.146128035678238
5642982,Private room,80,40.83481,-73.94317,1.9030899869919435
30589636,Entire home/apt,3200,40.81315,-73.9511,3.505149978319906
30179548,Entire home/apt,120,40.72828,-73.98823,2.0791812460476247
20296968,Entire home/apt,160,40.76125,-73.99299,2.2041199826559246
10881719,Entire home/apt,100,40.71786,-74.00009,2
26236138,Private room,60,40.85392,-73.93139,1.7781512503836436
35740661,Entire home/apt,400,40.762,-73.99158,2.6020599913279625
403264,Private room,140,40.7453,-73.99056,2.146128035678238
7239527,Private room,70,40.79831,-73.93961,1.845098040014257
27530069,Entire home/apt,160,40.76337,-73.9873,2.2041199826559246
36375840,Entire home/apt,160,40.70787,-74.0078,2.2041199826559246
29096448,Entire home/apt,220,40.72904,-73.99344,2.342422680822206
20231901,Entire home/apt,180,40.72982,-74.00034,2.255272505103306
12005923,Private room,120,40.77961,-73.98441,2.0791812460476247
36312667,Private room,80,40.72413,-73.97277,1.9030899869919435
14439638,Private room,120,40.7708,-73.95416,2.0791812460476247
32237413,Entire home/apt,500,40.70631,-74.01098,2.6989700043360187
27906346,Entire home/apt,140,40.79372,-73.97431,2.146128035678238
35455445,Entire home/apt,170,40.71301,-74.00481,2.230448921378274
30739988,Entire home/apt,150,40.75816,-73.97004,2.1760912590556813
18583467,Private room,80,40.83847,-73.94211,1.9030899869919435
9301647,Private room,70,40.75249,-73.97412,1.845098040014257
15149137,Entire home/apt,160,40.8155,-73.94578,2.2041199826559246
21098980,Entire home/apt,130,40.74829,-73.97554,2.113943352306837
7637047,Entire home/apt,180,40.74559,-73.98325,2.255272505103306
13280923,Private room,80,40.80515,-73.95595,1.9030899869919435
34495013,Entire home/apt,150,40.72709,-73.98582,2.1760912590556813
903972,Private room,50,40.82085,-73.94025,1.6989700043360187
29884497,Private room,130,40.76516,-73.9888,2.113943352306837
30555709,Entire home/apt,150,40.74551,-73.98744,2.1760912590556813
27237511,Entire home/apt,700,40.75414,-73.96595,2.845098040014257
27375467,Private room,150,40.76335,-73.98737,2.1760912590556813
27506090,Private room,100,40.75478,-73.99604,2
15323284,Private room,110,40.74681,-74.00006,2.041392685158225
34956747,Entire home/apt,140,40.78707,-73.95121,2.146128035678238
15433822,Private room,100,40.77777,-73.94914,2
22001596,Private room,100,40.73433,-73.98371,2
21378145,Entire home/apt,120,40.777,-73.94861,2.0791812460476247
6388721,Entire home/apt,240,40.73507,-74.00826,2.380211241711606
30776023,Private room,120,40.78176,-73.945,2.0791812460476247
18942119,Entire home/apt,140,40.76461,-73.98263,2.146128035678238
24405674,Private room,290,40.71499,-73.98986,2.462397997898956
19906070,Private room,150,40.79405,-73.94242,2.1760912590556813
19162994,Entire home/apt,280,40.74814,-73.98956,2.4471580313422194
25338619,Entire home/apt,350,40.73139,-73.98791,2.5440680443502757
30430294,Private room,180,40.756100000000004,-73.99855,2.255272505103306
28312729,Private room,80,40.82293,-73.94249,1.9030899869919435
2134697,Entire home/apt,180,40.76613,-73.98721,2.255272505103306
9464835,Entire home/apt,160,40.78339,-73.98018,2.2041199826559246
15034150,Entire home/apt,250,40.75034,-73.9878,2.3979400086720375
9977322,Private room,80,40.71689,-74.00563,1.9030899869919435
13407476,Entire home/apt,200,40.75608,-73.96895,2.3010299956639813
25344841,Entire home/apt,130,40.816,-73.95348,2.113943352306837
17122333,Entire home/apt,600,40.74049,-74.00527,2.7781512503836434
583352,Entire home/apt,120,40.72304,-73.97923,2.0791812460476247
5756643,Private room,50,40.80317,-73.96338,1.6989700043360187
3344237,Private room,120,40.75958,-73.96231,2.0791812460476247
35901703,Entire home/apt,130,40.72131,-73.98902,2.113943352306837
25774787,Entire home/apt,190,40.7752,-73.95572,2.278753600952829
13067176,Entire home/apt,190,40.73745,-74.00725,2.278753600952829
9366707,Entire home/apt,300,40.72711,-73.99198,2.4771212547196626
35512965,Private room,60,40.82784,-73.94559,1.7781512503836436
2050993,Entire home/apt,350,40.72717,-73.9927,2.5440680443502757
13309409,Entire home/apt,250,40.72271,-73.99518,2.3979400086720375
34277352,Private room,70,40.71672,-73.99553,1.845098040014257
34483343,Private room,100,40.7647,-73.97452,2
18676837,Private room,140,40.76,-73.98915,2.146128035678238
21239885,Private room,120,40.81083,-73.95188,2.0791812460476247
30089810,Private room,310,40.72192,-73.99418,2.4913616938342726
9015649,Private room,120,40.81111,-73.95465,2.0791812460476247
9341144,Entire home/apt,100,40.80786,-73.94313,2
7985333,Entire home/apt,400,40.74904,-74.00164,2.6020599913279625
1411811,Entire home/apt,210,40.73078,-74.00282,2.322219294733919
24366897,Entire home/apt,120,40.87001,-73.92418,2.0791812460476247
20300,Private room,50,40.72912,-73.98057,1.6989700043360187
6865053,Private room,90,40.71449,-73.9874,1.954242509439325
35943649,Entire home/apt,300,40.79965,-73.95157,2.4771212547196626
32062080,Private room,150,40.75947,-73.99196,2.1760912590556813
3710162,Private room,100,40.7216,-73.99558,2
3175088,Entire home/apt,280,40.74449,-73.99445,2.4471580313422194
15356132,Private room,60,40.7723,-73.94746,1.7781512503836436
9609825,Entire home/apt,200,40.74761,-73.99761,2.3010299956639813
12676434,Entire home/apt,150,40.77963,-73.94897,2.1760912590556813
9995513,Private room,70,40.71858,-73.98613,1.845098040014257
26355142,Private room,120,40.75505,-73.99531,2.0791812460476247
22786958,Entire home/apt,220,40.74376,-73.99313,2.342422680822206
322974,Private room,120,40.73887,-74.00342,2.0791812460476247
35769795,Private room,80,40.79234,-73.94592,1.9030899869919435
30815072,Entire home/apt,350,40.725,-73.98236,2.5440680443502757
4530085,Entire home/apt,180,40.72949,-73.97894,2.255272505103306
21996983,Entire home/apt,300,40.76084,-73.99899,2.4771212547196626
30126274,Entire home/apt,100,40.8375,-73.94182,2
27089135,Entire home/apt,130,40.81561,-73.93692,2.113943352306837
15080994,Private room,140,40.76276,-73.98942,2.146128035678238
9580218,Private room,80,40.73684,-73.98194,1.9030899869919435
27372891,Entire home/apt,200,40.74564,-74.0006,2.3010299956639813
16930274,Entire home/apt,110,40.76868,-73.95744,2.041392685158225
9107772,Entire home/apt,100,40.82673,-73.94995,2
7841904,Private room,80,40.74005,-74.00466,1.9030899869919435
7920072,Private room,100,40.73243,-73.98692,2
32920999,Private room,60,40.82791,-73.94752,1.7781512503836436
5439372,Entire home/apt,100,40.79963,-73.94628,2
16651879,Private room,100,40.76636,-73.98574,2
19945408,Entire home/apt,160,40.76245,-73.99235,2.2041199826559246
19532805,Private room,80,40.75829,-73.95295,1.9030899869919435
28614707,Entire home/apt,240,40.72707,-73.9853,2.380211241711606
18963479,Entire home/apt,70,40.75169,-73.97323,1.845098040014257
1682282,Private room,90,40.79053,-73.94398,1.954242509439325
32977260,Private room,230,40.72542,-74.00156,2.361727836017593
26150691,Entire home/apt,200,40.73026,-74.00392,2.3010299956639813
20724115,Private room,80,40.71611,-73.99405,1.9030899869919435
11063065,Private room,70,40.76163,-73.96956,1.845098040014257
233662,Private room,110,40.75575,-73.96842,2.041392685158225
35384013,Entire home/apt,300,40.75994,-73.99591,2.4771212547196626
16395341,Shared room,40,40.85019,-73.94093,1.6020599913279623
30388841,Entire home/apt,310,40.73929,-73.99777,2.4913616938342726
27735126,Shared room,50,40.80033,-73.94201,1.6989700043360187
11584340,Entire home/apt,110,40.85043,-73.936,2.041392685158225
13045257,Shared room,40,40.77854,-73.95073,1.6020599913279623
18248683,Entire home/apt,140,40.72412,-73.97911,2.146128035678238
21170090,Entire home/apt,100,40.8235,-73.94619,2
33830513,Private room,60,40.80037,-73.9594,1.7781512503836436
7724136,Private room,80,40.72092,-73.98849,1.9030899869919435
11732961,Entire home/apt,130,40.8249,-73.94288,2.113943352306837
7801169,Entire home/apt,150,40.72822,-73.98639,2.1760912590556813
33514962,Private room,70,40.76695,-73.99103,1.845098040014257
2392051,Entire home/apt,400,40.71762,-73.98334,2.6020599913279625
19505956,Private room,160,40.78603,-73.95015,2.2041199826559246
8845982,Entire home/apt,120,40.79387,-73.94202,2.0791812460476247
25868880,Entire home/apt,200,40.76582,-73.98409,2.3010299956639813
18855694,Private room,140,40.72184,-73.99471,2.146128035678238
35486871,Private room,30,40.83833,-73.94539,1.4771212547196624
3068145,Entire home/apt,100,40.77209,-73.9563,2
35156439,Entire home/apt,280,40.77242,-73.95452,2.4471580313422194
3654511,Entire home/apt,250,40.7509,-73.96963,2.3979400086720375
35682486,Private room,120,40.76814,-73.96088,2.0791812460476247
34286828,Entire home/apt,180,40.77904,-73.98786,2.255272505103306
17812919,Entire home/apt,180,40.80726,-73.93815,2.255272505103306
13077301,Entire home/apt,240,40.71642,-74.00667,2.380211241711606
25082325,Private room,100,40.71325,-73.98511,2
36404784,Entire home/apt,380,40.76082,-73.99709,2.57978359661681
4781700,Private room,60,40.7637,-73.98985,1.7781512503836436
8040050,Private room,160,40.80377,-73.96903,2.2041199826559246
12811459,Entire home/apt,1000,40.76303,-73.98767,3
623423,Entire home/apt,150,40.74519,-73.98338,2.1760912590556813
30200487,Private room,70,40.76804,-73.95951,1.845098040014257
29543433,Entire home/apt,200,40.78014,-73.97974,2.3010299956639813
15870454,Entire home/apt,120,40.76313,-73.9943,2.0791812460476247
36322141,Private room,80,40.8026,-73.95373,1.9030899869919435
3487445,Entire home/apt,350,40.77097,-73.94848,2.5440680443502757
35167683,Entire home/apt,210,40.76366,-73.9888,2.322219294733919
8458966,Private room,100,40.76301,-73.96734,2
12855469,Entire home/apt,100,40.78147,-73.95284,2
7041968,Entire home/apt,80,40.80594,-73.95363,1.9030899869919435
28483408,Entire home/apt,380,40.7551,-73.96507,2.57978359661681
32742923,Entire home/apt,220,40.7406,-74.0062,2.342422680822206
24137890,Entire home/apt,140,40.7682,-73.95323,2.146128035678238
8192789,Entire home/apt,150,40.80565,-73.94621,2.1760912590556813
33019022,Private room,80,40.82008,-73.93863,1.9030899869919435
10902752,Private room,50,40.82289,-73.94915,1.6989700043360187
33694628,Shared room,60,40.76449,-73.99107,1.7781512503836436
34500224,Entire home/apt,180,40.76297,-73.98951,2.255272505103306
14827752,Entire home/apt,270,40.72989,-73.9888,2.4313637641589874
1462341,Entire home/apt,300,40.76582,-73.99468,2.4771212547196626
34465167,Entire home/apt,180,40.81257,-73.94444,2.255272505103306
2918732,Entire home/apt,200,40.74411,-74.0029,2.3010299956639813
6376606,Private room,60,40.74025,-73.98323,1.7781512503836436
1939106,Entire home/apt,170,40.72997,-73.98497,2.230448921378274
21239226,Entire home/apt,250,40.73818,-73.98671,2.3979400086720375
19017429,Private room,80,40.82634,-73.95061,1.9030899869919435
29823499,Entire home/apt,650,40.73228,-73.98669,2.8129133566428557
20212707,Private room,70,40.84532,-73.93814,1.845098040014257
15872277,Private room,100,40.73267,-73.98259,2
11552402,Entire home/apt,90,40.81032,-73.95415,1.954242509439325
14578109,Private room,110,40.75912,-73.98985,2.041392685158225
1347204,Entire home/apt,190,40.80861,-73.94574,2.278753600952829
21344179,Entire home/apt,190,40.71339,-73.99115,2.278753600952829
2220959,Entire home/apt,750,40.73879,-73.98226,2.8750612633917
9237857,Entire home/apt,300,40.76371,-73.98204,2.4771212547196626
33473567,Entire home/apt,200,40.8309,-73.94308,2.3010299956639813
25029982,Entire home/apt,160,40.72852,-74.00151,2.2041199826559246
35030427,Entire home/apt,180,40.74848,-73.98631,2.255272505103306
22926871,Private room,300,40.76482,-73.97965,2.4771212547196626
19408914,Entire home/apt,180,40.74818,-73.97537,2.255272505103306
281521,Entire home/apt,200,40.73879,-74.00425,2.3010299956639813
22176542,Entire home/apt,170,40.73696,-74.00397,2.230448921378274
19762625,Private room,100,40.72208,-73.99365,2
3629580,Private room,60,40.79032,-73.94523,1.7781512503836436
11123996,Entire home/apt,250,40.73427,-73.98456,2.3979400086720375
13432549,Private room,120,40.71377,-73.99464,2.0791812460476247
4479632,Entire home/apt,500,40.72736,-74.00192,2.6989700043360187
8614862,Private room,50,40.84957,-73.93959,1.6989700043360187
16795643,Private room,100,40.79933,-73.94272,2
13098627,Entire home/apt,200,40.7645,-73.99447,2.3010299956639813
19603055,Private room,80,40.78668,-73.94247,1.9030899869919435
21526187,Private room,100,40.72986,-74.00465,2
118680,Private room,90,40.73067,-73.98702,1.954242509439325
21701058,Entire home/apt,2200,40.76481,-73.98845,3.342422680822206
21014919,Private room,50,40.84444,-73.93554,1.6989700043360187
14821494,Entire home/apt,130,40.74461,-73.992,2.113943352306837
36228780,Entire home/apt,120,40.80396,-73.94038,2.0791812460476247
6507084,Entire home/apt,100,40.79726,-73.9329,2
30200332,Entire home/apt,270,40.80402,-73.96345,2.4313637641589874
33716043,Private room,60,40.84661,-73.93444,1.7781512503836436
33072686,Entire home/apt,250,40.76291,-73.9875,2.3979400086720375
34644243,Entire home/apt,250,40.73676,-73.98685,2.3979400086720375
16578826,Shared room,60,40.81516,-73.94829,1.7781512503836436
2488227,Entire home/apt,180,40.72005,-73.98609,2.255272505103306
21113189,Entire home/apt,190,40.72615,-73.99072,2.278753600952829
354095,Entire home/apt,200,40.72986,-73.97913,2.3010299956639813
21530044,Entire home/apt,140,40.73625,-73.98597,2.146128035678238
22357832,Private room,50,40.84849,-73.93107,1.6989700043360187
32019847,Entire home/apt,340,40.74797,-73.98271,2.531478917042255
6428942,Entire home/apt,210,40.70949,-74.01379,2.322219294733919
6155857,Entire home/apt,250,40.73405,-74.00283,2.3979400086720375
21794873,Entire home/apt,1000,40.74866,-73.97846,3
6326410,Entire home/apt,150,40.73069,-73.98515,2.1760912590556813
14235245,Entire home/apt,120,40.79068,-73.94944,2.0791812460476247
28890908,Private room,80,40.81993,-73.94768,1.9030899869919435
33910837,Private room,80,40.85531,-73.9283,1.9030899869919435
31001961,Private room,70,40.8072,-73.94747,1.845098040014257
27540139,Entire home/apt,190,40.73485,-74.00313,2.278753600952829
32792970,Private room,30,40.86423,-73.92348,1.4771212547196624
13410478,Entire home/apt,280,40.74921,-74.00416,2.4471580313422194
29181179,Private room,110,40.78731,-73.94889,2.041392685158225
25299137,Private room,40,40.80321,-73.96463,1.6020599913279623
33800856,Private room,110,40.76037,-73.99171,2.041392685158225
2150727,Entire home/apt,2000,40.73545,-73.98238,3.3010299956639813
7292825,Entire home/apt,120,40.7905,-73.97385,2.0791812460476247
21248835,Private room,100,40.77832,-73.95017,2
13466663,Private room,100,40.71259,-73.99897,2
14011411,Entire home/apt,150,40.73444,-74.00365,2.1760912590556813
4241486,Entire home/apt,280,40.72685,-73.98638,2.4471580313422194
15984590,Private room,40,40.80778,-73.94345,1.6020599913279623
20045444,Entire home/apt,100,40.85497,-73.93469,2
3819703,Entire home/apt,140,40.79082,-73.97452,2.146128035678238
10076836,Entire home/apt,150,40.7863,-73.97658,2.1760912590556813
3067093,Entire home/apt,200,40.73057,-73.99034,2.3010299956639813
14012274,Entire home/apt,150,40.76026,-73.96204,2.1760912590556813
13544302,Entire home/apt,250,40.74564,-73.98174,2.3979400086720375
15115143,Entire home/apt,200,40.76338,-73.99552,2.3010299956639813
13389280,Entire home/apt,260,40.76375,-73.98387,2.4149733479708178
4774658,Private room,40,40.85198,-73.93108,1.6020599913279623
10123090,Entire home/apt,500,40.76372,-73.97692,2.6989700043360187
16590264,Entire home/apt,190,40.80007,-73.96524,2.278753600952829
18851906,Entire home/apt,270,40.77127,-73.98191,2.4313637641589874
1682258,Entire home/apt,200,40.74011,-73.98185,2.3010299956639813
30088906,Entire home/apt,150,40.76812,-73.95093,2.1760912590556813
26037255,Private room,210,40.72918,-74.00482,2.322219294733919
23232087,Private room,50,40.83118,-73.94325,1.6989700043360187
34176229,Private room,200,40.76691,-73.98719,2.3010299956639813
23429109,Private room,100,40.78654,-73.97663,2
22361598,Entire home/apt,160,40.74826,-73.98928,2.2041199826559246
10251768,Entire home/apt,140,40.79366,-73.94059,2.146128035678238
33417913,Private room,250,40.70956,-74.00713,2.3979400086720375
13182531,Entire home/apt,150,40.85261,-73.94203,2.1760912590556813
5061178,Private room,80,40.8447,-73.93369,1.9030899869919435
35301999,Entire home/apt,140,40.7665,-73.98673,2.146128035678238
19812026,Private room,60,40.86437,-73.92347,1.7781512503836436
33987887,Private room,50,40.82609,-73.94948,1.6989700043360187
35100775,Entire home/apt,420,40.76077,-73.99427,2.6232492903979003
267708,Private room,100,40.79111,-73.94466,2
24230067,Entire home/apt,190,40.77905,-73.95275,2.278753600952829
789476,Private room,100,40.79863,-73.95292,2
16443158,Entire home/apt,350,40.76115,-73.99597,2.5440680443502757
9428356,Private room,120,40.72278,-73.98878,2.0791812460476247
33994927,Entire home/apt,300,40.74818,-73.98247,2.4771212547196626
32238387,Entire home/apt,240,40.70766,-74.01114,2.380211241711606
4681219,Private room,70,40.80126,-73.95777,1.845098040014257
15125599,Entire home/apt,170,40.761,-73.98522,2.230448921378274
14010651,Entire home/apt,280,40.71944,-73.98441,2.4471580313422194
5826475,Private room,120,40.82682,-73.94634,2.0791812460476247
26279999,Private room,120,40.74953,-73.9801,2.0791812460476247
21398613,Entire home/apt,150,40.76877,-73.98371,2.1760912590556813
32237148,Entire home/apt,250,40.70795,-74.01046,2.3979400086720375
31572850,Entire home/apt,90,40.8013,-73.95474,1.954242509439325
14787061,Private room,100,40.81344,-73.93454,2
16301464,Entire home/apt,100,40.76926,-73.98796,2
33801781,Entire home/apt,170,40.72059,-73.98514,2.230448921378274
1448703,Entire home/apt,5000,40.72193,-73.99379,3.6989700043360187
20016469,Private room,100,40.72008,-73.99612,2
34483430,Private room,420,40.76535,-73.97556,2.6232492903979003
21264686,Private room,140,40.74624,-73.98648,2.146128035678238
6731170,Entire home/apt,110,40.80352,-73.95079,2.041392685158225
17076329,Entire home/apt,280,40.7658,-73.98218,2.4471580313422194
12022833,Entire home/apt,350,40.74391,-73.99582,2.5440680443502757
21140951,Entire home/apt,290,40.77576,-73.98883,2.462397997898956
5859030,Entire home/apt,120,40.7717,-73.95572,2.0791812460476247
8750901,Entire home/apt,150,40.76127,-73.95815,2.1760912590556813
33916529,Entire home/apt,200,40.79551,-73.94813,2.3010299956639813
4635425,Entire home/apt,180,40.71648,-73.9912,2.255272505103306
24083340,Entire home/apt,140,40.7193,-73.99782,2.146128035678238
32225187,Private room,380,40.70573,-74.01077,2.57978359661681
3979360,Entire home/apt,240,40.74819,-73.9856,2.380211241711606
3605524,Entire home/apt,120,40.74173,-73.97906,2.0791812460476247
12652833,Private room,100,40.72994,-73.99455,2
19642392,Private room,60,40.74136,-73.98146,1.7781512503836436
17963856,Private room,60,40.86517,-73.92318,1.7781512503836436
33472626,Private room,60,40.86804,-73.92429,1.7781512503836436
29119411,Entire home/apt,120,40.72759,-73.98786,2.0791812460476247
6950477,Entire home/apt,80,40.82599,-73.94545,1.9030899869919435
1221962,Private room,140,40.74389,-73.99159,2.146128035678238
36407969,Entire home/apt,180,40.72388,-73.98354,2.255272505103306
35038048,Entire home/apt,380,40.74525,-73.97225,2.57978359661681
8130551,Private room,90,40.80266,-73.96465,1.954242509439325
12089661,Private room,180,40.74491,-73.99536,2.255272505103306
5823579,Entire home/apt,140,40.77907,-73.95211,2.146128035678238
9609762,Private room,60,40.80219,-73.96618,1.7781512503836436
9496398,Entire home/apt,120,40.81297,-73.93922,2.0791812460476247
14722273,Entire home/apt,180,40.76071,-73.99032,2.255272505103306
8525172,Shared room,60,40.7851,-73.95254,1.7781512503836436
22495122,Entire home/apt,120,40.86456,-73.92799,2.0791812460476247
34658339,Entire home/apt,150,40.79056,-73.97306,2.1760912590556813
16686651,Private room,200,40.71919,-73.99208,2.3010299956639813
30387377,Entire home/apt,340,40.74143,-73.99469,2.531478917042255
11920660,Entire home/apt,600,40.72064,-73.99957,2.7781512503836434
34812124,Entire home/apt,220,40.77388,-73.9568,2.342422680822206
14168413,Private room,100,40.74702,-73.97563,2
33607276,Entire home/apt,330,40.74875,-73.98675,2.5185139398778875
25779937,Private room,50,40.81207,-73.94359,1.6989700043360187
6799932,Private room,160,40.76015,-73.99086,2.2041199826559246
382523,Private room,160,40.80491,-73.94866,2.2041199826559246
2124536,Entire home/apt,380,40.70912,-74.01322,2.57978359661681
23668742,Entire home/apt,140,40.74649,-73.98723,2.146128035678238
32042820,Private room,60,40.82885,-73.9412,1.7781512503836436
33316690,Entire home/apt,160,40.81323,-73.9422,2.2041199826559246
12797684,Private room,100,40.79843,-73.96404,2
7526715,Private room,60,40.81189,-73.94148,1.7781512503836436
34340758,Entire home/apt,390,40.74054,-73.98681,2.591064607026499
28277352,Private room,130,40.73865,-73.9788,2.113943352306837
1820931,Entire home/apt,100,40.85557,-73.93641,2
33663100,Private room,100,40.80704,-73.95134,2
9733741,Entire home/apt,180,40.72082,-73.98728,2.255272505103306
11157167,Entire home/apt,100,40.7113,-73.99442,2
31354965,Entire home/apt,70,40.8334,-73.94327,1.845098040014257
19154276,Private room,110,40.72507,-73.97667,2.041392685158225
10038823,Entire home/apt,220,40.75828,-73.96286,2.342422680822206
33295429,Private room,120,40.79781,-73.93599,2.0791812460476247
11334624,Private room,320,40.72048,-73.9906,2.505149978319906
9560584,Private room,80,40.71142,-74.00535,1.9030899869919435
21566103,Entire home/apt,130,40.76132,-73.99298,2.113943352306837
3944200,Entire home/apt,200,40.79508,-73.93256,2.3010299956639813
32236518,Entire home/apt,450,40.70775,-74.01047,2.6532125137753435
4379145,Entire home/apt,250,40.72902,-73.98814,2.3979400086720375
21472026,Entire home/apt,150,40.76241,-73.96134,2.1760912590556813
24699823,Entire home/apt,70,40.8622,-73.93039,1.845098040014257
15347268,Entire home/apt,2000,40.75425,-73.98312,3.3010299956639813
35005963,Entire home/apt,220,40.75954,-73.98604,2.342422680822206
10924304,Entire home/apt,200,40.83117,-73.94281,2.3010299956639813
34714231,Private room,100,40.74674,-73.98735,2
34804749,Entire home/apt,170,40.72387,-73.97845,2.230448921378274
21979050,Entire home/apt,280,40.72389,-73.9954,2.4471580313422194
18481196,Entire home/apt,200,40.74569,-73.99687,2.3010299956639813
1601955,Entire home/apt,420,40.70939,-74.00121,2.6232492903979003
26978092,Private room,180,40.76092,-73.9922,2.255272505103306
15233592,Entire home/apt,750,40.76714,-73.9834,2.8750612633917
1771965,Entire home/apt,200,40.80266,-73.94728,2.3010299956639813
9517488,Entire home/apt,150,40.7347,-74.00784,2.1760912590556813
31059276,Entire home/apt,400,40.76102,-73.98874,2.6020599913279625
788035,Private room,100,40.72232,-73.99343,2
12853281,Entire home/apt,120,40.75572,-73.96936,2.0791812460476247
35989395,Private room,200,40.74476,-73.97622,2.3010299956639813
8078896,Entire home/apt,200,40.76145,-73.98556,2.3010299956639813
17974244,Entire home/apt,380,40.78937,-73.9789,2.57978359661681
63693,Entire home/apt,390,40.72185,-73.98246,2.591064607026499
19845074,Private room,60,40.82649,-73.94623,1.7781512503836436
23901420,Entire home/apt,270,40.75226,-73.97356,2.4313637641589874
19199353,Entire home/apt,200,40.73,-74.00122,2.3010299956639813
11602050,Entire home/apt,130,40.78465,-73.95735,2.113943352306837
35442636,Entire home/apt,300,40.79136,-73.93979,2.4771212547196626
18127,Entire home/apt,190,40.72828,-73.98801,2.278753600952829
15220143,Private room,100,40.79512,-73.9733,2
29820510,Private room,90,40.85358,-73.93526,1.954242509439325
9833212,Entire home/apt,80,40.77633,-73.97932,1.9030899869919435
33560460,Entire home/apt,280,40.72745,-74.0025,2.4471580313422194
16603823,Private room,120,40.80288,-73.96396,2.0791812460476247
35658004,Entire home/apt,200,40.7195,-73.98558,2.3010299956639813
32050071,Entire home/apt,190,40.72703,-73.99264,2.278753600952829
23745732,Entire home/apt,320,40.73114,-73.98869,2.505149978319906
9821408,Entire home/apt,120,40.72792,-73.98718,2.0791812460476247
27112835,Entire home/apt,80,40.73916,-73.99471,1.9030899869919435
36413327,Private room,50,40.83331,-73.94547,1.6989700043360187
436619,Private room,110,40.72507,-73.98861,2.041392685158225
10702865,Entire home/apt,200,40.72523,-74.00127,2.3010299956639813
26039725,Entire home/apt,350,40.79608,-73.93335,2.5440680443502757
11281913,Entire home/apt,170,40.73292,-74.00222,2.230448921378274
19134112,Entire home/apt,240,40.71769,-73.99854,2.380211241711606
24894476,Private room,70,40.82582,-73.946,1.845098040014257
3903173,Entire home/apt,150,40.73374,-73.9976,2.1760912590556813
33787919,Entire home/apt,350,40.76061,-73.98589,2.5440680443502757
11720001,Entire home/apt,190,40.81327,-73.94628,2.278753600952829
12806177,Private room,60,40.83344,-73.94442,1.7781512503836436
12266323,Entire home/apt,220,40.75001,-73.97739,2.342422680822206
18124558,Private room,80,40.78949,-73.94461,1.9030899869919435
19981092,Private room,80,40.85263,-73.9352,1.9030899869919435
21883986,Private room,90,40.75298,-73.96912,1.954242509439325
15595648,Entire home/apt,490,40.74476,-73.99266,2.690196080028514
30677287,Entire home/apt,120,40.75608,-73.99606,2.0791812460476247
33473671,Private room,150,40.70997,-74.00816,2.1760912590556813
25110742,Entire home/apt,190,40.75581,-73.96605,2.278753600952829
21748242,Entire home/apt,200,40.72364,-73.99577,2.3010299956639813
29835041,Private room,110,40.75546,-73.99792,2.041392685158225
30392909,Entire home/apt,250,40.748,-73.97943,2.3979400086720375
526532,Entire home/apt,100,40.80719,-73.94253,2
30387305,Entire home/apt,400,40.7287,-74.00327,2.6020599913279625
4274443,Private room,260,40.75195,-73.97191,2.4149733479708178
13864224,Entire home/apt,200,40.71069,-74.00751,2.3010299956639813
57874,Entire home/apt,160,40.80931,-73.94343,2.2041199826559246
524111,Entire home/apt,120,40.72915,-73.98019,2.0791812460476247
12267599,Entire home/apt,120,40.82033,-73.94358,2.0791812460476247
3605654,Entire home/apt,160,40.7055,-74.00866,2.2041199826559246
28359512,Entire home/apt,200,40.72907,-73.98388,2.3010299956639813
462454,Private room,90,40.71746,-73.98782,1.954242509439325
23131496,Entire home/apt,160,40.73799,-73.97821,2.2041199826559246
29453268,Entire home/apt,140,40.72877,-73.98938,2.146128035678238
21397049,Private room,50,40.82794,-73.94163,1.6989700043360187
30231026,Entire home/apt,300,40.75811,-73.99527,2.4771212547196626
30637957,Entire home/apt,220,40.75554,-73.96533,2.342422680822206
9407921,Private room,150,40.74379,-73.97803,2.1760912590556813
966104,Private room,80,40.72726,-73.97573,1.9030899869919435
36117652,Entire home/apt,200,40.77247,-73.95792,2.3010299956639813
29055747,Private room,80,40.80445,-73.96373,1.9030899869919435
20615793,Entire home/apt,100,40.79273,-73.97592,2
7916684,Private room,160,40.76328,-73.99347,2.2041199826559246
13532366,Private room,90,40.76986,-73.98673,1.954242509439325
29854048,Entire home/apt,220,40.73002,-74.00107,2.342422680822206
13092482,Entire home/apt,200,40.76227,-73.99807,2.3010299956639813
1067251,Entire home/apt,400,40.7239,-73.97869,2.6020599913279625
22206970,Entire home/apt,90,40.72588,-73.98243,1.954242509439325
14322,Entire home/apt,200,40.73961,-73.98074,2.3010299956639813
5757509,Private room,160,40.74415,-73.97322,2.2041199826559246
5536023,Entire home/apt,100,40.80177,-73.93532,2
35342886,Private room,90,40.76243,-73.98978,1.954242509439325
18748038,Entire home/apt,220,40.75403,-73.96343,2.342422680822206
8754560,Private room,60,40.81146,-73.94589,1.7781512503836436
13939924,Entire home/apt,220,40.76618,-73.98279,2.342422680822206
7661735,Entire home/apt,190,40.74036,-74.00416,2.278753600952829
36237967,Entire home/apt,200,40.82913,-73.94484,2.3010299956639813
21539835,Entire home/apt,300,40.74607,-73.98547,2.4771212547196626
30597566,Private room,60,40.76698,-73.97988,1.7781512503836436
33827823,Private room,60,40.8273,-73.94952,1.7781512503836436
11440252,Private room,90,40.77327,-73.94982,1.954242509439325
20616948,Entire home/apt,200,40.7074,-74.00151,2.3010299956639813
31400005,Entire home/apt,130,40.77769,-73.94836,2.113943352306837
33240039,Private room,80,40.71301,-73.99609,1.9030899869919435
35425001,Entire home/apt,160,40.73523,-73.98142,2.2041199826559246
17224797,Entire home/apt,160,40.78141,-73.97681,2.2041199826559246
33982630,Entire home/apt,250,40.73367,-74.00497,2.3979400086720375
13542768,Entire home/apt,210,40.75897,-73.9617,2.322219294733919
30272473,Entire home/apt,140,40.74941,-73.99589,2.146128035678238
23254924,Entire home/apt,90,40.71483,-73.99287,1.954242509439325
13768719,Entire home/apt,230,40.73316,-74.00183,2.361727836017593
28042536,Entire home/apt,170,40.73011,-74.00198,2.230448921378274
10229075,Entire home/apt,240,40.74443,-73.97949,2.380211241711606
22227015,Entire home/apt,400,40.79492,-73.96816,2.6020599913279625
33034744,Shared room,80,40.76441,-73.98838,1.9030899869919435
29327591,Entire home/apt,370,40.73769,-73.99734,2.568201724066995
4097279,Private room,100,40.73131,-73.98321,2
734749,Entire home/apt,160,40.78361,-73.97645,2.2041199826559246
30181945,Entire home/apt,230,40.70771,-74.00641,2.361727836017593
5998978,Private room,120,40.71769,-73.98801,2.0791812460476247
19760008,Private room,70,40.79874,-73.9599,1.845098040014257
24560488,Entire home/apt,200,40.72789,-74.00275,2.3010299956639813
19313064,Entire home/apt,200,40.73996,-73.99987,2.3010299956639813
23111211,Private room,110,40.74107,-73.988,2.041392685158225
35035847,Private room,180,40.76113,-73.98557,2.255272505103306
3783021,Entire home/apt,100,40.79203,-73.97299,2
1159142,Private room,110,40.7948,-73.94835,2.041392685158225
4273931,Entire home/apt,300,40.76751,-73.96309,2.4771212547196626
21386117,Private room,300,40.81631,-73.94203,2.4771212547196626
27849036,Entire home/apt,250,40.73641,-73.99929,2.3979400086720375
31852940,Private room,80,40.72043,-73.97923,1.9030899869919435
13217755,Private room,90,40.80125,-73.96529,1.954242509439325
34817571,Entire home/apt,500,40.7724,-73.95762,2.6989700043360187
23683924,Entire home/apt,220,40.71353,-73.99925,2.342422680822206
7801262,Entire home/apt,100,40.79996,-73.95485,2
17481087,Entire home/apt,250,40.74392,-73.9946,2.3979400086720375
20849726,Private room,140,40.72737,-73.98815,2.146128035678238
5478901,Private room,60,40.82205,-73.94523,1.7781512503836436
255957,Entire home/apt,500,40.72004,-73.99424,2.6989700043360187
28581563,Private room,140,40.77399,-73.97861,2.146128035678238
5178,Private room,80,40.76489,-73.98493,1.9030899869919435
241862,Entire home/apt,200,40.72969,-74.00635,2.3010299956639813
12254118,Private room,110,40.72232,-73.99433,2.041392685158225
33485823,Private room,80,40.72713,-73.98402,1.9030899869919435
30931406,Private room,120,40.76284,-73.96507,2.0791812460476247
7687937,Entire home/apt,180,40.72644,-73.98403,2.255272505103306
7914401,Private room,70,40.72686,-73.98743,1.845098040014257
317838,Entire home/apt,200,40.73237,-74.00608,2.3010299956639813
2438181,Private room,60,40.71149,-73.99721,1.7781512503836436
506571,Entire home/apt,150,40.72756,-73.97939,2.1760912590556813
14222252,Entire home/apt,150,40.85867,-73.92844,2.1760912590556813
22144662,Entire home/apt,110,40.75003,-73.99647,2.041392685158225
262343,Entire home/apt,150,40.72087,-73.99022,2.1760912590556813
13772304,Private room,80,40.80268,-73.96684,1.9030899869919435
9925760,Private room,120,40.7202,-73.98284,2.0791812460476247
33833887,Entire home/apt,230,40.70701,-74.01117,2.361727836017593
7675917,Private room,50,40.8403,-73.93833,1.6989700043360187
21192123,Entire home/apt,280,40.73366,-73.99805,2.4471580313422194
22514608,Entire home/apt,100,40.82788,-73.94441,2
19720126,Entire home/apt,100,40.82411,-73.9509,2
21781196,Private room,250,40.76026,-73.98875,2.3979400086720375
5236234,Entire home/apt,150,40.78633,-73.95218,2.1760912590556813
35229075,Entire home/apt,320,40.76768,-73.95455,2.505149978319906
8460304,Entire home/apt,280,40.74568,-73.98324,2.4471580313422194
13062975,Entire home/apt,250,40.74664,-74.00165,2.3979400086720375
30937591,Entire home/apt,260,40.74771,-73.97528,2.4149733479708178
56859,Private room,60,40.81219,-73.94499,1.7781512503836436
19182044,Entire home/apt,400,40.75112,-73.99605,2.6020599913279625
32915674,Entire home/apt,320,40.76219,-73.98564,2.505149978319906
6561509,Private room,80,40.85133,-73.93844,1.9030899869919435
32102590,Entire home/apt,220,40.7467,-73.98706,2.342422680822206
11421477,Entire home/apt,160,40.73682,-74.00238,2.2041199826559246
23980622,Private room,60,40.81312,-73.95364,1.7781512503836436
30193131,Entire home/apt,960,40.75385,-73.96536,2.9822712330395684
1741745,Private room,100,40.79858,-73.93585,2
26571706,Entire home/apt,190,40.76138,-73.99945,2.278753600952829
13192379,Private room,40,40.85244,-73.93126,1.6020599913279623
33614872,Entire home/apt,170,40.79013,-73.94958,2.230448921378274
28860221,Shared room,60,40.80046,-73.94239,1.7781512503836436
14522175,Entire home/apt,200,40.71947,-73.98581,2.3010299956639813
25799863,Private room,150,40.72331,-73.98424,2.1760912590556813
20356040,Private room,80,40.78828,-73.94385,1.9030899869919435
19912332,Entire home/apt,180,40.72592,-73.98862,2.255272505103306
29132728,Entire home/apt,180,40.74228,-73.97601,2.255272505103306
12155460,Entire home/apt,140,40.79226,-73.97299,2.146128035678238
30295927,Private room,350,40.73785,-73.99214,2.5440680443502757
13526638,Entire home/apt,220,40.74584,-74.00279,2.342422680822206
27332770,Entire home/apt,200,40.86912,-73.92183,2.3010299956639813
30959724,Entire home/apt,180,40.77608,-73.94665,2.255272505103306
35008548,Private room,180,40.75949,-73.99567,2.255272505103306
24632399,Entire home/apt,420,40.76281,-73.98883,2.6232492903979003
7858023,Entire home/apt,400,40.72316,-73.97706,2.6020599913279625
16242067,Private room,40,40.81447,-73.9593,1.6020599913279623
26109380,Entire home/apt,100,40.80799,-73.94158,2
13028533,Entire home/apt,170,40.75303,-73.97327,2.230448921378274
16599472,Entire home/apt,240,40.70493,-74.01036,2.380211241711606
33578217,Entire home/apt,350,40.73823,-73.98343,2.5440680443502757
21024098,Entire home/apt,180,40.75029,-73.97142,2.255272505103306
8381173,Private room,80,40.76859,-73.9872,1.9030899869919435
10686958,Entire home/apt,120,40.86679,-73.92699,2.0791812460476247
7021346,Private room,100,40.72294,-73.9857,2
17604613,Shared room,20,40.82432,-73.9385,1.3010299956639813
9492750,Entire home/apt,190,40.80965,-73.94553,2.278753600952829
34483440,Private room,450,40.76443,-73.97478,2.6532125137753435
15664037,Entire home/apt,240,40.7385,-73.98782,2.380211241711606
19961187,Entire home/apt,280,40.73502,-73.98612,2.4471580313422194
10030753,Entire home/apt,250,40.71504,-73.98072,2.3979400086720375
2626457,Private room,80,40.79827,-73.96881,1.9030899869919435
34645029,Entire home/apt,210,40.76762,-73.95693,2.322219294733919
25519674,Private room,120,40.76747,-73.9862,2.0791812460476247
23235654,Shared room,80,40.77506,-73.95335,1.9030899869919435
22389071,Entire home/apt,200,40.76825,-73.99107,2.3010299956639813
7902089,Entire home/apt,150,40.77098,-73.95965,2.1760912590556813
32158769,Private room,70,40.7814,-73.94771,1.845098040014257
7228259,Private room,70,40.82101,-73.95436,1.845098040014257
23036845,Entire home/apt,300,40.77742,-73.95149,2.4771212547196626
23294354,Entire home/apt,140,40.84664,-73.93977,2.146128035678238
44221,Entire home/apt,200,40.70666,-74.01374,2.3010299956639813
21487220,Entire home/apt,220,40.76767,-73.95609,2.342422680822206
10675218,Private room,60,40.80523,-73.93929,1.7781512503836436
14609804,Entire home/apt,180,40.74945,-73.99742,2.255272505103306
9684998,Entire home/apt,110,40.77849,-73.95046,2.041392685158225
16331645,Private room,160,40.75997,-73.98781,2.2041199826559246
32843454,Entire home/apt,250,40.77085,-73.94933,2.3979400086720375
33390413,Entire home/apt,140,40.70613,-74.01583,2.146128035678238
30441211,Private room,120,40.76547,-73.98521,2.0791812460476247
2253949,Entire home/apt,250,40.73341,-74.00791,2.3979400086720375
12078997,Entire home/apt,160,40.7771,-73.97729,2.2041199826559246
32458305,Private room,500,40.78213,-73.94839,2.6989700043360187
26370425,Entire home/apt,150,40.74843,-73.98259,2.1760912590556813
69894,Entire home/apt,150,40.78,-73.98249,2.1760912590556813
9696307,Entire home/apt,100,40.80246,-73.96884,2
21710807,Private room,80,40.79772,-73.94809,1.9030899869919435
25888428,Entire home/apt,150,40.71306,-74.00569,2.1760912590556813
7399178,Private room,100,40.71934,-73.98424,2
25290572,Entire home/apt,340,40.75196,-73.97148,2.531478917042255
16781516,Private room,100,40.76404,-73.96547,2
35431739,Entire home/apt,120,40.78037,-73.94657,2.0791812460476247
7612456,Private room,100,40.791,-73.9722,2
13688316,Entire home/apt,200,40.77386,-73.95348,2.3010299956639813
33654285,Entire home/apt,160,40.7867,-73.96951,2.2041199826559246
3851623,Entire home/apt,200,40.7338,-73.99498,2.3010299956639813
11067934,Entire home/apt,200,40.71567,-74.00061,2.3010299956639813
27623360,Entire home/apt,100,40.77713,-73.95309,2
15518025,Entire home/apt,250,40.72978,-73.98584,2.3979400086720375
19844263,Private room,100,40.75527,-73.9657,2
15990199,Entire home/apt,170,40.78602,-73.97537,2.230448921378274
3887381,Entire home/apt,180,40.73177,-73.98598,2.255272505103306
22624247,Entire home/apt,420,40.72015,-73.98376,2.6232492903979003
35167332,Private room,100,40.80173,-73.93347,2
22448345,Private room,110,40.72133,-73.98684,2.041392685158225
36255515,Entire home/apt,240,40.77439,-73.95047,2.380211241711606
770514,Entire home/apt,200,40.73997,-73.98789,2.3010299956639813
26040209,Private room,60,40.72718,-73.98798,1.7781512503836436
17116411,Entire home/apt,490,40.77836,-73.97994,2.690196080028514
27762497,Entire home/apt,150,40.79689,-73.96289,2.1760912590556813
32683430,Private room,300,40.75976,-73.98727,2.4771212547196626
31311422,Entire home/apt,220,40.73245,-74.00355,2.342422680822206
26941551,Entire home/apt,250,40.75707,-73.96417,2.3979400086720375
31639432,Entire home/apt,80,40.80864,-73.94453,1.9030899869919435
22205113,Private room,50,40.85394,-73.92972,1.6989700043360187
10058942,Private room,40,40.82083,-73.95795,1.6020599913279623
34318100,Entire home/apt,650,40.75747,-73.98226,2.8129133566428557
6967201,Private room,110,40.79126,-73.96738,2.041392685158225
5719742,Entire home/apt,240,40.77737,-73.98355,2.380211241711606
9178165,Private room,80,40.79724,-73.94968,1.9030899869919435
1027808,Entire home/apt,500,40.72351,-73.98283,2.6989700043360187
22214583,Private room,40,40.82245,-73.95404,1.6020599913279623
29313398,Entire home/apt,150,40.8229,-73.94287,2.1760912590556813
8590777,Private room,180,40.72917,-73.98517,2.255272505103306
33069506,Private room,80,40.74216,-73.99962,1.9030899869919435
30006962,Entire home/apt,270,40.70497,-74.00746,2.4313637641589874
16389531,Entire home/apt,190,40.72461,-73.9892,2.278753600952829
18680331,Entire home/apt,140,40.80546,-73.96547,2.146128035678238
2263248,Entire home/apt,370,40.74438,-73.97965,2.568201724066995
34517660,Private room,250,40.74366,-73.98607,2.3979400086720375
21010714,Entire home/apt,700,40.72066,-73.99229,2.845098040014257
18762619,Shared room,60,40.72681,-73.98963,1.7781512503836436
8117213,Entire home/apt,220,40.75165,-74.00074,2.342422680822206
12366132,Private room,80,40.72444,-73.98136,1.9030899869919435
23875602,Entire home/apt,180,40.70648,-74.00499,2.255272505103306
20900984,Entire home/apt,520,40.71944,-73.99396,2.716003343634799
34998820,Entire home/apt,300,40.744,-73.97359,2.4771212547196626
25832504,Entire home/apt,1000,40.72273,-74.01049,3
34777870,Entire home/apt,300,40.7927,-73.94033,2.4771212547196626
31654495,Entire home/apt,200,40.74144,-73.98079,2.3010299956639813
13622049,Entire home/apt,200,40.7758,-73.95472,2.3010299956639813
21816522,Private room,120,40.79741,-73.93493,2.0791812460476247
23811416,Private room,130,40.76318,-73.98838,2.113943352306837
32955144,Entire home/apt,60,40.73867,-73.98039,1.7781512503836436
30504465,Private room,100,40.72531,-73.97973,2
17480275,Private room,70,40.81638,-73.95937,1.845098040014257
33014236,Private room,70,40.72932,-73.98474,1.845098040014257
7279583,Entire home/apt,450,40.80682,-73.95196,2.6532125137753435
29613339,Entire home/apt,120,40.7118,-74.01678,2.0791812460476247
2221852,Private room,60,40.83426,-73.94758,1.7781512503836436
35638345,Shared room,400,40.76617,-73.99169,2.6020599913279625
1788989,Entire home/apt,220,40.72311,-73.99476,2.342422680822206
16518787,Entire home/apt,550,40.71333,-73.99225,2.7403626894942437
5699348,Entire home/apt,160,40.78301,-73.95085,2.2041199826559246
723560,Entire home/apt,170,40.71625,-73.9843,2.230448921378274
18210950,Entire home/apt,130,40.7523,-73.97299,2.113943352306837
18369169,Private room,130,40.76217,-73.98765,2.113943352306837
34205501,Entire home/apt,190,40.76061,-73.9967,2.278753600952829
3283729,Entire home/apt,120,40.77787,-73.95104,2.0791812460476247
5742795,Private room,100,40.75437,-73.99334,2
9240067,Entire home/apt,170,40.78167,-73.95004,2.230448921378274
29701500,Entire home/apt,200,40.73798,-73.99253,2.3010299956639813
18159239,Entire home/apt,230,40.75735,-73.99189,2.361727836017593
1956726,Entire home/apt,150,40.7334,-73.98801,2.1760912590556813
24355118,Private room,70,40.79645,-73.94803,1.845098040014257
26423738,Entire home/apt,180,40.74444,-73.97355,2.255272505103306
31435825,Entire home/apt,240,40.72466,-73.98373,2.380211241711606
29148367,Entire home/apt,160,40.71881,-73.99675,2.2041199826559246
33521183,Private room,60,40.72735,-73.98917,1.7781512503836436
10116734,Entire home/apt,150,40.75979,-73.96079,2.1760912590556813
16228346,Entire home/apt,120,40.75343,-73.97313,2.0791812460476247
18077717,Entire home/apt,180,40.79795,-73.96199,2.255272505103306
8682875,Entire home/apt,160,40.76942,-73.96705,2.2041199826559246
32036997,Private room,30,40.8235,-73.95391,1.4771212547196624
26596388,Entire home/apt,140,40.80448,-73.95567,2.146128035678238
5977676,Entire home/apt,180,40.79092,-73.97426,2.255272505103306
20425394,Entire home/apt,160,40.74418,-73.9999,2.2041199826559246
15560258,Entire home/apt,100,40.71807,-74.00215,2
34905935,Shared room,450,40.74156,-73.99677,2.6532125137753435
3802966,Private room,50,40.86711,-73.92742,1.6989700043360187
30252654,Private room,120,40.72097,-73.99274,2.0791812460476247
2975715,Entire home/apt,160,40.72603,-73.99746,2.2041199826559246
29480256,Entire home/apt,260,40.77114,-73.95913,2.4149733479708178
11045529,Entire home/apt,150,40.76355,-73.99391,2.1760912590556813
35994356,Private room,180,40.74686,-73.97361,2.255272505103306
4501164,Private room,100,40.73325,-73.98789,2
34813879,Entire home/apt,250,40.76714,-73.98784,2.3979400086720375
4549155,Entire home/apt,110,40.80985,-73.93919,2.041392685158225
12292409,Entire home/apt,140,40.71849,-73.98334,2.146128035678238
531258,Entire home/apt,160,40.7311,-73.99913,2.2041199826559246
32167684,Private room,100,40.72722,-73.99914,2
1409947,Entire home/apt,280,40.72347,-74.00488,2.4471580313422194
15230938,Entire home/apt,750,40.7602,-73.998,2.8750612633917
33590374,Entire home/apt,200,40.76386,-73.98901,2.3010299956639813
34369031,Entire home/apt,160,40.75977,-73.98245,2.2041199826559246
13222964,Entire home/apt,100,40.81162,-73.95046,2
3581153,Entire home/apt,230,40.74767,-73.99393,2.361727836017593
14824160,Entire home/apt,200,40.71775,-73.99509,2.3010299956639813
14784557,Entire home/apt,200,40.76688,-73.99402,2.3010299956639813
13995350,Shared room,80,40.72608,-73.98798,1.9030899869919435
19074024,Shared room,320,40.74842,-73.98542,2.505149978319906
1856914,Entire home/apt,240,40.76906,-73.9517,2.380211241711606
35026161,Entire home/apt,150,40.78908,-73.97231,2.1760912590556813
2530057,Private room,100,40.81927,-73.94631,2
13004961,Entire home/apt,220,40.80577,-73.94616,2.342422680822206
14088558,Entire home/apt,1100,40.73902,-73.99143,3.041392685158225
4268286,Private room,100,40.79608,-73.93819,2
27853549,Entire home/apt,180,40.73918,-73.99753,2.255272505103306
7535450,Private room,80,40.79042,-73.94641,1.9030899869919435
14218173,Entire home/apt,150,40.78558,-73.97704,2.1760912590556813
33891559,Entire home/apt,350,40.78548,-73.97078,2.5440680443502757
21836461,Entire home/apt,120,40.728,-73.98603,2.0791812460476247
9485047,Entire home/apt,220,40.76472,-73.98813,2.342422680822206
7035579,Entire home/apt,120,40.7855,-73.97642,2.0791812460476247
13762046,Private room,70,40.76296,-73.99565,1.845098040014257
13880972,Private room,60,40.76601,-73.99167,1.7781512503836436
23111561,Entire home/apt,160,40.71608,-73.99081,2.2041199826559246
33585504,Entire home/apt,210,40.7786,-73.95208,2.322219294733919
8798499,Private room,60,40.71591,-73.99488,1.7781512503836436
11617815,Entire home/apt,180,40.75573,-73.99228,2.255272505103306
15732669,Entire home/apt,160,40.76258,-73.98575,2.2041199826559246
30817001,Entire home/apt,170,40.7541,-73.97056,2.230448921378274
35028480,Entire home/apt,650,40.75939,-73.96177,2.8129133566428557
4424261,Entire home/apt,200,40.80188,-73.96808,2.3010299956639813
17157615,Private room,80,40.72584,-73.9894,1.9030899869919435
10849426,Shared room,80,40.77516,-73.9555,1.9030899869919435
8283693,Entire home/apt,190,40.81464,-73.96185,2.278753600952829
3827442,Entire home/apt,350,40.73016,-74.00259,2.5440680443502757
5581273,Shared room,120,40.85769,-73.93374,2.0791812460476247
8679596,Entire home/apt,260,40.76366,-73.98849,2.4149733479708178
16352708,Private room,160,40.72528,-73.98854,2.2041199826559246
36168631,Entire home/apt,100,40.80637,-73.94282,2
34974103,Entire home/apt,150,40.74882,-73.98041,2.1760912590556813
18485487,Private room,40,40.83716,-73.94048,1.6020599913279623
16122082,Entire home/apt,70,40.83493,-73.93859,1.845098040014257
21009737,Entire home/apt,400,40.7315,-73.99393,2.6020599913279625
24388099,Entire home/apt,120,40.74922,-73.97744,2.0791812460476247
17684359,Entire home/apt,360,40.74054,-74.0004,2.5563025007672873
33113990,Entire home/apt,180,40.75024,-74.00213,2.255272505103306
21682816,Private room,120,40.74394,-73.99923,2.0791812460476247
33373525,Entire home/apt,240,40.77757,-73.98579,2.380211241711606
9759957,Private room,40,40.83358,-73.94113,1.6020599913279623
20847505,Entire home/apt,150,40.78717,-73.96806,2.1760912590556813
23002371,Private room,90,40.73123,-73.98655,1.954242509439325
13017016,Entire home/apt,150,40.72625,-74.00199,2.1760912590556813
30145754,Private room,1880,40.72724,-73.97601,3.27415784926368
12864784,Private room,130,40.72806,-74.00381,2.113943352306837
23668735,Entire home/apt,160,40.74731,-73.98821,2.2041199826559246
281851,Private room,130,40.80671,-73.95082,2.113943352306837
29541600,Entire home/apt,200,40.79468,-73.94194,2.3010299956639813
6847053,Private room,80,40.81103,-73.95804,1.9030899869919435
35282883,Entire home/apt,250,40.70694,-74.007,2.3979400086720375
27803315,Entire home/apt,240,40.74705,-73.98268,2.380211241711606
5188746,Entire home/apt,110,40.81502,-73.9546,2.041392685158225
14726498,Private room,60,40.86763,-73.91792,1.7781512503836436
21633212,Entire home/apt,220,40.81264,-73.94602,2.342422680822206
35608603,Entire home/apt,360,40.70423,-74.00909,2.5563025007672873
30788330,Entire home/apt,160,40.74435,-73.99535,2.2041199826559246
7817350,Private room,100,40.77441,-73.95692,2
33317478,Entire home/apt,400,40.75908,-73.9938,2.6020599913279625
18874640,Entire home/apt,150,40.77296,-73.95711,2.1760912590556813
25583366,Entire home/apt,180,40.77773,-73.95383,2.255272505103306
35823611,Entire home/apt,140,40.72607,-73.97622,2.146128035678238
34178190,Private room,50,40.86594,-73.92487,1.6989700043360187
14760211,Entire home/apt,200,40.78321,-73.95646,2.3010299956639813
35882973,Entire home/apt,190,40.75795,-73.96567,2.278753600952829
29565064,Entire home/apt,600,40.73432,-73.99686,2.7781512503836434
16402623,Entire home/apt,100,40.718,-73.98497,2
22164208,Entire home/apt,200,40.73702,-73.98824,2.3010299956639813
34019440,Entire home/apt,180,40.74073,-73.99884,2.255272505103306
22280822,Private room,70,40.71909,-73.99731,1.845098040014257
5857519,Private room,90,40.82862,-73.94706,1.954242509439325
16409970,Private room,80,40.76007,-73.99031,1.9030899869919435
33072698,Entire home/apt,180,40.74613,-73.97528,2.255272505103306
10034817,Entire home/apt,150,40.76343,-73.99381,2.1760912590556813
35716310,Private room,270,40.80935,-73.93812,2.4313637641589874
34995803,Entire home/apt,450,40.74436,-74.00729,2.6532125137753435
680998,Entire home/apt,120,40.80829,-73.9426,2.0791812460476247
9616453,Private room,80,40.80838,-73.95995,1.9030899869919435
9884175,Private room,150,40.72282,-73.98908,2.1760912590556813
28452001,Private room,100,40.75417,-73.99578,2
35005526,Entire home/apt,180,40.75708,-73.98283,2.255272505103306
7093920,Private room,80,40.76193,-73.94933,1.9030899869919435
657217,Private room,80,40.7779,-73.95246,1.9030899869919435
5590400,Entire home/apt,100,40.81251,-73.95102,2
19288937,Entire home/apt,250,40.72784,-73.98883,2.3979400086720375
18541736,Entire home/apt,180,40.73107,-74.00163,2.255272505103306
29958350,Entire home/apt,400,40.73649,-73.99927,2.6020599913279625
6971750,Entire home/apt,160,40.76244,-73.96031,2.2041199826559246
7563717,Entire home/apt,140,40.75176,-73.96921,2.146128035678238
11673282,Entire home/apt,250,40.77688,-73.95505,2.3979400086720375
15041998,Private room,100,40.71727,-74.00335,2
35713272,Private room,100,40.72198,-73.97678,2
18544441,Private room,90,40.75607,-73.99707,1.954242509439325
1664614,Private room,310,40.7854,-73.97368,2.4913616938342726
30315087,Entire home/apt,400,40.76086,-73.99964,2.6020599913279625
27610009,Entire home/apt,350,40.81162,-73.95199,2.5440680443502757
12731689,Entire home/apt,240,40.7421,-73.98319,2.380211241711606
22213903,Entire home/apt,220,40.7193,-73.98405,2.342422680822206
16530962,Entire home/apt,100,40.77675,-73.95206,2
957002,Entire home/apt,100,40.7982,-73.96394,2
35713310,Private room,300,40.76542,-73.98192,2.4771212547196626
342995,Private room,80,40.81169,-73.94355,1.9030899869919435
29051174,Entire home/apt,140,40.77513,-73.94977,2.146128035678238
18879379,Entire home/apt,160,40.75888,-73.99077,2.2041199826559246
9955143,Entire home/apt,140,40.71282,-73.98915,2.146128035678238
17123684,Entire home/apt,230,40.75659,-73.99313,2.361727836017593
32673942,Entire home/apt,150,40.80714,-73.96515,2.1760912590556813
35867138,Entire home/apt,180,40.78672,-73.9488,2.255272505103306
22289185,Entire home/apt,200,40.74197,-73.98328,2.3010299956639813
23827761,Entire home/apt,380,40.71907,-73.99698,2.57978359661681
8719984,Entire home/apt,80,40.74279,-73.97833,1.9030899869919435
6660330,Entire home/apt,300,40.73608,-74.00039,2.4771212547196626
9317779,Private room,100,40.72518,-73.98439,2
33830665,Private room,60,40.79863,-73.96103,1.7781512503836436
31331349,Private room,100,40.83307,-73.93515,2
8905176,Entire home/apt,130,40.77837,-73.95318,2.113943352306837
20263650,Entire home/apt,120,40.79272,-73.97519,2.0791812460476247
24541992,Entire home/apt,180,40.70558,-74.00845,2.255272505103306
9259254,Entire home/apt,200,40.72614,-73.98795,2.3010299956639813
1337148,Entire home/apt,120,40.86446,-73.92694,2.0791812460476247
30749411,Private room,160,40.7114,-73.99354,2.2041199826559246
7611764,Private room,70,40.83431,-73.9402,1.845098040014257
12967227,Entire home/apt,2000,40.78528,-73.97111,3.3010299956639813
34156436,Entire home/apt,250,40.78198,-73.97571,2.3979400086720375
28151382,Entire home/apt,120,40.72244,-73.98194,2.0791812460476247
16002841,Entire home/apt,120,40.74786,-73.99527,2.0791812460476247
33330161,Entire home/apt,1310,40.72525,-74.00142,3.1172712956557644
7651547,Entire home/apt,280,40.82206,-73.95234,2.4471580313422194
14183900,Entire home/apt,230,40.72094,-73.98649,2.361727836017593
20506481,Entire home/apt,200,40.73982,-74.0011,2.3010299956639813
21813491,Entire home/apt,180,40.72256,-73.97925,2.255272505103306
4347579,Entire home/apt,2000,40.73956,-73.98774,3.3010299956639813
16766855,Private room,60,40.84941,-73.93432,1.7781512503836436
35034543,Shared room,70,40.76424,-73.98916,1.845098040014257
4016142,Private room,170,40.71891,-73.98592,2.230448921378274
9822738,Entire home/apt,200,40.77641,-73.95505,2.3010299956639813
34485739,Private room,100,40.75481,-73.9856,2
6853661,Entire home/apt,250,40.71905,-73.98487,2.3979400086720375
6942211,Entire home/apt,180,40.78905,-73.96748,2.255272505103306
5881858,Entire home/apt,220,40.73172,-73.98874,2.342422680822206
30388313,Entire home/apt,350,40.74528,-73.97948,2.5440680443502757
35740429,Entire home/apt,400,40.74889,-73.9747,2.6020599913279625
18448446,Entire home/apt,200,40.76442,-73.99458,2.3010299956639813
12797047,Entire home/apt,150,40.72125,-73.98058,2.1760912590556813
25262580,Shared room,100,40.71705,-73.99818,2
9249597,Entire home/apt,150,40.77912,-73.97976,2.1760912590556813
12955453,Private room,60,40.76635,-73.95683,1.7781512503836436
21163303,Private room,140,40.80015,-73.96159,2.146128035678238
14347194,Private room,80,40.78807,-73.944,1.9030899869919435
9486229,Entire home/apt,350,40.72797,-74.0019,2.5440680443502757
27593369,Entire home/apt,150,40.71815,-73.98858,2.1760912590556813
30467785,Entire home/apt,260,40.76326,-73.99018,2.4149733479708178
21783298,Entire home/apt,140,40.78037,-73.98021,2.146128035678238
933861,Private room,80,40.763,-73.98911,1.9030899869919435
13129120,Private room,80,40.79525,-73.94912,1.9030899869919435
11741555,Entire home/apt,620,40.73405,-74.00789,2.792391689498254
2217398,Entire home/apt,1500,40.74262,-73.97945,3.1760912590556813
31438319,Private room,40,40.85065,-73.93188,1.6020599913279623
8411390,Private room,100,40.79879,-73.96721,2
13199140,Entire home/apt,160,40.77575,-73.95304,2.2041199826559246
19015592,Entire home/apt,350,40.74183,-73.99878,2.5440680443502757
14389886,Entire home/apt,180,40.74041,-73.98933,2.255272505103306
27367939,Entire home/apt,210,40.74083,-73.99457,2.322219294733919
2554749,Entire home/apt,110,40.76518,-73.98746,2.041392685158225
16147164,Entire home/apt,300,40.72174,-73.99482,2.4771212547196626
23692933,Entire home/apt,200,40.72884,-74.00285,2.3010299956639813
20245577,Private room,140,40.77621,-73.98054,2.146128035678238
33219156,Entire home/apt,180,40.75966,-73.9862,2.255272505103306
876355,Entire home/apt,110,40.81368,-73.95942,2.041392685158225
30773558,Entire home/apt,350,40.7942,-73.94091,2.5440680443502757
7920170,Private room,50,40.85597,-73.9333,1.6989700043360187
14203322,Entire home/apt,220,40.72796,-73.98178,2.342422680822206
1716441,Private room,100,40.71906,-73.9845,2
33745550,Private room,200,40.75094,-73.99662,2.3010299956639813
7967503,Entire home/apt,160,40.76885,-73.98631,2.2041199826559246
1929540,Entire home/apt,180,40.73772,-73.98025,2.255272505103306
24538208,Entire home/apt,100,40.72926,-73.98456,2
35154571,Entire home/apt,250,40.76183,-73.9916,2.3979400086720375
5858505,Entire home/apt,160,40.77554,-73.95141,2.2041199826559246
26057878,Entire home/apt,550,40.72292,-73.99951,2.7403626894942437
25234732,Entire home/apt,120,40.77416,-73.9501,2.0791812460476247
32678727,Private room,250,40.75821,-73.9882,2.3979400086720375
11377777,Entire home/apt,110,40.81633,-73.96147,2.041392685158225
33119736,Private room,180,40.73674,-74.00411,2.255272505103306
27405874,Entire home/apt,180,40.70522,-74.00728,2.255272505103306
15052156,Private room,140,40.74404,-73.97217,2.146128035678238
30133610,Entire home/apt,350,40.75199,-73.9725,2.5440680443502757
19249099,Entire home/apt,140,40.74195,-74.00052,2.146128035678238
33621826,Private room,100,40.72335,-73.99138,2
9384367,Private room,130,40.73763,-73.97284,2.113943352306837
25328081,Private room,110,40.71766,-73.99827,2.041392685158225
27261168,Entire home/apt,120,40.7562,-73.96796,2.0791812460476247
36404815,Entire home/apt,270,40.76083,-73.99727,2.4313637641589874
1382158,Private room,90,40.72466,-74.0042,1.954242509439325
30469464,Private room,700,40.76287,-73.98073,2.845098040014257
13192965,Private room,100,40.72312,-73.98795,2
6627668,Private room,80,40.80133,-73.95251,1.9030899869919435
25680531,Private room,60,40.75391,-73.99709,1.7781512503836436
18388706,Entire home/apt,150,40.79864,-73.96364,2.1760912590556813
21627794,Shared room,30,40.71136,-73.98808,1.4771212547196624
19485371,Private room,60,40.82582,-73.94876,1.7781512503836436
35388899,Entire home/apt,1200,40.78021,-73.98115,3.0791812460476247
16725576,Private room,100,40.79501,-73.94448,2
1928961,Shared room,40,40.80026,-73.95197,1.6020599913279623
34968639,Entire home/apt,300,40.72564,-73.9803,2.4771212547196626
11324565,Private room,40,40.76658,-73.95224,1.6020599913279623
12869567,Entire home/apt,220,40.75225,-73.99508,2.342422680822206
11674309,Entire home/apt,130,40.74021,-73.97992,2.113943352306837
19720270,Entire home/apt,150,40.81113,-73.94113,2.1760912590556813
34886804,Entire home/apt,290,40.81103,-73.94813,2.462397997898956
12812544,Entire home/apt,190,40.77725,-73.95137,2.278753600952829
15984905,Private room,50,40.80762,-73.94446,1.6989700043360187
13876681,Private room,150,40.75981,-73.99118,2.1760912590556813
29923555,Private room,590,40.76344,-73.97447,2.7708520116421442
33428552,Entire home/apt,180,40.7204,-73.98371,2.255272505103306
36032098,Entire home/apt,220,40.7223,-73.99508,2.342422680822206
14840822,Private room,200,40.75015,-73.97082,2.3010299956639813
25826202,Private room,100,40.75396,-73.99571,2
34790702,Entire home/apt,490,40.7458,-73.97744,2.690196080028514
2219294,Entire home/apt,60,40.78835,-73.97257,1.7781512503836436
36140620,Shared room,70,40.76824,-73.98538,1.845098040014257
33400613,Private room,170,40.70969,-74.00575,2.230448921378274
22340790,Entire home/apt,220,40.74505,-73.97867,2.342422680822206
4725251,Entire home/apt,90,40.78635,-73.97616,1.954242509439325
34670423,Private room,60,40.86284,-73.92704,1.7781512503836436
35646056,Entire home/apt,300,40.73035,-73.9845,2.4771212547196626
33038567,Entire home/apt,340,40.76057,-73.98455,2.531478917042255
19960443,Private room,100,40.7817,-73.94731,2
35799445,Entire home/apt,190,40.76965,-73.99001,2.278753600952829
22191646,Entire home/apt,250,40.74566,-73.98126,2.3979400086720375
27700366,Entire home/apt,190,40.74462,-73.97838,2.278753600952829
34570862,Entire home/apt,100,40.70643,-74.00519,2
34336004,Entire home/apt,280,40.78016,-73.95029,2.4471580313422194
23402559,Private room,80,40.71925,-73.99301,1.9030899869919435
24962583,Entire home/apt,130,40.7355,-73.98,2.113943352306837
29483789,Entire home/apt,300,40.75968,-73.95963,2.4771212547196626
7239575,Entire home/apt,120,40.76364,-73.9588,2.0791812460476247
12071038,Entire home/apt,150,40.78784,-73.94998,2.1760912590556813
4598265,Entire home/apt,160,40.82863,-73.94358,2.2041199826559246
3882103,Entire home/apt,250,40.76665,-73.9866,2.3979400086720375
3882682,Private room,80,40.81419,-73.94717,1.9030899869919435
31084737,Entire home/apt,370,40.71696,-74.00689,2.568201724066995
36482809,Private room,80,40.79633,-73.93605,1.9030899869919435
10167860,Private room,120,40.72828,-73.98901,2.0791812460476247
30393583,Entire home/apt,340,40.73939,-73.99613,2.531478917042255
28864751,Private room,180,40.72396,-74.00393,2.255272505103306
21161561,Entire home/apt,240,40.77112,-73.96226,2.380211241711606
4157451,Private room,90,40.76805,-73.95424,1.954242509439325
17008022,Private room,100,40.81037,-73.95833,2
36095313,Private room,90,40.74413,-73.97993,1.954242509439325
5932543,Entire home/apt,300,40.72934,-74.00276,2.4771212547196626
21648513,Entire home/apt,150,40.78217,-73.94844,2.1760912590556813
18369887,Entire home/apt,150,40.8136,-73.93606,2.1760912590556813
21275837,Entire home/apt,100,40.75031,-73.97776,2
16884027,Entire home/apt,120,40.80443,-73.94546,2.0791812460476247
36270530,Entire home/apt,120,40.81374,-73.9439,2.0791812460476247
36476675,Entire home/apt,260,40.76236,-73.99255,2.4149733479708178
32840036,Private room,60,40.73379,-73.97754,1.7781512503836436
26570172,Private room,50,40.86735,-73.91762,1.6989700043360187
1670517,Entire home/apt,250,40.73681,-73.98366,2.3979400086720375
35830870,Entire home/apt,180,40.75161,-73.97025,2.255272505103306
2875923,Private room,80,40.82149,-73.93718,1.9030899869919435
397034,Private room,120,40.7824,-73.98294,2.0791812460476247
24770333,Entire home/apt,100,40.73177,-74.00162,2
26886071,Entire home/apt,300,40.72696,-73.9811,2.4771212547196626
4644688,Entire home/apt,350,40.76198,-73.98718,2.5440680443502757
35575867,Entire home/apt,250,40.71982,-73.98849,2.3979400086720375
6209147,Entire home/apt,130,40.79614,-73.93787,2.113943352306837
11911783,Entire home/apt,160,40.79466,-73.97173,2.2041199826559246
35567048,Entire home/apt,160,40.83329,-73.94056,2.2041199826559246
30981877,Private room,60,40.78724,-73.9494,1.7781512503836436
22142447,Entire home/apt,480,40.73989,-73.99863,2.681241237375587
15703497,Entire home/apt,180,40.74461,-73.97216,2.255272505103306
13843270,Entire home/apt,130,40.77758,-73.94642,2.113943352306837
13559570,Private room,70,40.81558,-73.95847,1.845098040014257
16413638,Entire home/apt,200,40.72253,-73.99459,2.3010299956639813
11442506,Entire home/apt,250,40.77661,-73.98228,2.3979400086720375
34907584,Entire home/apt,120,40.83903,-73.94588,2.0791812460476247
2022126,Private room,500,40.74897,-73.98265,2.6989700043360187
12403252,Entire home/apt,180,40.80967,-73.95295,2.255272505103306
18893669,Private room,80,40.79439,-73.94129,1.9030899869919435
8806104,Entire home/apt,150,40.80281,-73.94644,2.1760912590556813
8914109,Private room,60,40.81491,-73.94779,1.7781512503836436
8741489,Entire home/apt,90,40.818600000000004,-73.94413,1.954242509439325
15858847,Private room,160,40.80783,-73.95419,2.2041199826559246
25776093,Entire home/apt,160,40.70724,-74.0051,2.2041199826559246
21293326,Private room,150,40.71994,-73.98184,2.1760912590556813
20616864,Entire home/apt,130,40.78784,-73.94931,2.113943352306837
12110990,Entire home/apt,370,40.76657,-73.98201,2.568201724066995
19821160,Entire home/apt,200,40.74927,-74.00691,2.3010299956639813
23548260,Entire home/apt,100,40.74248,-73.99568,2
4308991,Private room,150,40.72607,-73.98867,2.1760912590556813
14126610,Private room,60,40.74488,-73.98079,1.7781512503836436
26518337,Entire home/apt,180,40.72003,-73.98928,2.255272505103306
35941038,Entire home/apt,250,40.761,-73.98217,2.3979400086720375
11118641,Private room,90,40.75744,-73.9936,1.954242509439325
1630572,Private room,190,40.72391,-73.99879,2.278753600952829
27237577,Entire home/apt,740,40.75224,-73.96652,2.8692317197309762
23268810,Private room,80,40.80541,-73.93658,1.9030899869919435
33516720,Entire home/apt,280,40.7299,-73.98979,2.4471580313422194
23605182,Private room,70,40.76032,-73.95164,1.845098040014257
14784377,Private room,80,40.81285,-73.95439,1.9030899869919435
6662487,Private room,80,40.82398,-73.94846,1.9030899869919435
8320129,Entire home/apt,200,40.76137,-73.96042,2.3010299956639813
9862831,Entire home/apt,80,40.74443,-74.00259,1.9030899869919435
1827723,Entire home/apt,400,40.73285,-73.98245,2.6020599913279625
13632841,Entire home/apt,130,40.73055,-73.99146,2.113943352306837
13261922,Entire home/apt,200,40.74154,-73.98515,2.3010299956639813
22905091,Entire home/apt,280,40.76365,-73.96683,2.4471580313422194
21446560,Private room,150,40.77904,-73.95205,2.1760912590556813
8520094,Entire home/apt,200,40.72689,-73.98676,2.3010299956639813
33274640,Entire home/apt,160,40.72808,-73.98273,2.2041199826559246
1148978,Private room,50,40.83307,-73.93957,1.6989700043360187
18149668,Private room,150,40.78071,-73.95149,2.1760912590556813
2170035,Private room,90,40.812,-73.95367,1.954242509439325
33429773,Entire home/apt,230,40.72506,-74.00876,2.361727836017593
12422969,Entire home/apt,150,40.74047,-73.98932,2.1760912590556813
36108975,Entire home/apt,90,40.72427,-73.99849,1.954242509439325
19228313,Private room,50,40.82399,-73.94382,1.6989700043360187
35005197,Entire home/apt,300,40.70575,-74.00621,2.4771212547196626
36413532,Private room,100,40.72146,-73.98279,2
60948,Entire home/apt,140,40.80942,-73.93936,2.146128035678238
20425579,Entire home/apt,250,40.76347,-73.98785,2.3979400086720375
9903132,Entire home/apt,150,40.71844,-74.00228,2.1760912590556813
19430063,Entire home/apt,130,40.76174,-73.99228,2.113943352306837
20382522,Private room,90,40.8216,-73.93679,1.954242509439325
21817961,Entire home/apt,160,40.81029,-73.94344,2.2041199826559246
2274084,Entire home/apt,2750,40.74215,-73.98018,3.439332693830263
6887405,Private room,50,40.82878,-73.94625,1.6989700043360187
14759851,Private room,100,40.76144,-73.98849,2
28161643,Private room,100,40.79009,-73.94741,2
3048234,Entire home/apt,90,40.76866,-73.98616,1.954242509439325
27313587,Private room,60,40.72071,-73.97822,1.7781512503836436
15699791,Private room,160,40.72635,-73.98578,2.2041199826559246
258690,Entire home/apt,200,40.74618,-74.00392,2.3010299956639813
15064512,Private room,150,40.73499,-73.99254,2.1760912590556813
30159356,Private room,90,40.75886,-73.96374,1.954242509439325
9842492,Entire home/apt,290,40.76542,-73.98702,2.462397997898956
14365130,Entire home/apt,110,40.74439,-73.98112,2.041392685158225
14284714,Entire home/apt,150,40.75259,-73.96797,2.1760912590556813
6800576,Private room,60,40.81456,-73.94159,1.7781512503836436
67397,Private room,120,40.80393,-73.95838,2.0791812460476247
6452138,Private room,120,40.75545,-73.96896,2.0791812460476247
14730708,Entire home/apt,3000,40.7791,-73.98182,3.4771212547196626
4916340,Entire home/apt,120,40.78334,-73.97452,2.0791812460476247
3394517,Private room,70,40.80174,-73.93925,1.845098040014257
34473487,Entire home/apt,550,40.73081,-73.98876,2.7403626894942437
34710747,Entire home/apt,320,40.72861,-73.98252,2.505149978319906
9858645,Private room,200,40.76457,-73.98525,2.3010299956639813
35079670,Entire home/apt,120,40.80619,-73.94174,2.0791812460476247
15142409,Entire home/apt,300,40.73405,-73.98862,2.4771212547196626
28739729,Shared room,60,40.79983,-73.94116,1.7781512503836436
26777561,Entire home/apt,120,40.7862,-73.98089,2.0791812460476247
24431205,Private room,60,40.80868,-73.95801,1.7781512503836436
25259845,Entire home/apt,140,40.74098,-73.99744,2.146128035678238
26750740,Private room,1000,40.70413,-74.0134,3
31420503,Entire home/apt,150,40.73318,-74.00473,2.1760912590556813
2191591,Entire home/apt,680,40.78401,-73.94863,2.832508912706236
26035069,Private room,100,40.82314,-73.94245,2
34489721,Private room,100,40.76246,-73.98396,2
18007393,Entire home/apt,200,40.71794,-73.99955,2.3010299956639813
28004429,Entire home/apt,250,40.7249,-73.98026,2.3979400086720375
13169806,Entire home/apt,150,40.74729,-74.002440000000007,2.1760912590556813
16253053,Private room,90,40.73193,-74.00529,1.954242509439325
35425032,Entire home/apt,180,40.75431,-73.99459,2.255272505103306
26064299,Private room,130,40.7278,-73.99976,2.113943352306837
20364111,Entire home/apt,210,40.75599,-73.96769,2.322219294733919
2373238,Entire home/apt,200,40.76046,-73.99131,2.3010299956639813
3559695,Entire home/apt,270,40.71987,-73.9947,2.4313637641589874
33775845,Entire home/apt,140,40.7203,-73.99663,2.146128035678238
3461872,Private room,80,40.80278,-73.94001,1.9030899869919435
6886371,Entire home/apt,200,40.76734,-73.98676,2.3010299956639813
20406102,Private room,150,40.73496,-73.98723,2.1760912590556813
34211618,Entire home/apt,190,40.76182,-73.996,2.278753600952829
21967523,Private room,40,40.8041,-73.95261,1.6020599913279623
15640345,Entire home/apt,190,40.76397,-73.96245,2.278753600952829
1139851,Entire home/apt,90,40.74057,-73.99771,1.954242509439325
31561218,Private room,110,40.7961,-73.94791,2.041392685158225
9973654,Private room,100,40.7859,-73.9779,2
19528326,Entire home/apt,110,40.74008,-73.97936,2.041392685158225
34976038,Entire home/apt,120,40.81582,-73.94267,2.0791812460476247
29039497,Private room,70,40.79574,-73.96192,1.845098040014257
15745528,Private room,90,40.76028,-73.98846,1.954242509439325
6364117,Private room,120,40.80066,-73.96941,2.0791812460476247
21213047,Entire home/apt,160,40.74226,-74.00602,2.2041199826559246
4232865,Entire home/apt,250,40.78278,-73.97437,2.3979400086720375
29256968,Private room,90,40.83096,-73.95016,1.954242509439325
941642,Entire home/apt,180,40.76662,-73.99302,2.255272505103306
33186806,Entire home/apt,250,40.77362,-73.99133,2.3979400086720375
29686875,Entire home/apt,90,40.84726,-73.93866,1.954242509439325
21868933,Entire home/apt,240,40.73581,-73.98918,2.380211241711606
34399221,Entire home/apt,150,40.80948,-73.95514,2.1760912590556813
21949815,Entire home/apt,100,40.79572,-73.96781,2
23901908,Entire home/apt,300,40.79983,-73.94481,2.4771212547196626
32891427,Private room,70,40.72504,-73.98327,1.845098040014257
24489174,Private room,70,40.79578,-73.94523,1.845098040014257
6389473,Entire home/apt,380,40.71399,-73.99707,2.57978359661681
10157977,Entire home/apt,300,40.7213,-73.98559,2.4771212547196626
35252509,Entire home/apt,330,40.74575,-74.01052,2.5185139398778875
13733309,Entire home/apt,80,40.7921,-73.97031,1.9030899869919435
29547314,Private room,6500,40.76835,-73.98367,3.8129133566428557
23538694,Shared room,80,40.76452,-73.9874,1.9030899869919435
12655465,Entire home/apt,180,40.72176,-73.99424,2.255272505103306
35948933,Private room,80,40.83325,-73.94034,1.9030899869919435
35713334,Private room,250,40.76523,-73.98049,2.3979400086720375
17236095,Entire home/apt,180,40.77878,-73.9501,2.255272505103306
15449434,Private room,70,40.76297,-73.98888,1.845098040014257
30293703,Entire home/apt,3000,40.79009,-73.97544,3.4771212547196626
16147304,Private room,700,40.75302,-73.97221,2.845098040014257
31082026,Entire home/apt,300,40.74244,-74.00274,2.4771212547196626
13274918,Entire home/apt,150,40.74569,-73.98192,2.1760912590556813
29456271,Entire home/apt,520,40.71086,-74.00721,2.716003343634799
32241242,Entire home/apt,260,40.70645,-74.01175,2.4149733479708178
11221362,Private room,90,40.75771,-73.96872,1.954242509439325
30512582,Entire home/apt,360,40.71459,-74.00933,2.5563025007672873
2862900,Entire home/apt,100,40.76634,-73.98719,2
25970826,Entire home/apt,850,40.72818,-73.99993,2.929418925714293
14016202,Private room,120,40.72383,-73.98289,2.0791812460476247
1291261,Entire home/apt,150,40.73104,-73.99957,2.1760912590556813
18610544,Private room,80,40.73863,-73.98186,1.9030899869919435
18329545,Private room,180,40.71602,-73.99293,2.255272505103306
14280778,Entire home/apt,490,40.79321,-73.97685,2.690196080028514
36455917,Private room,200,40.73444,-74.00335,2.3010299956639813
27201468,Entire home/apt,150,40.77847,-73.94962,2.1760912590556813
6590569,Private room,110,40.74465,-73.9955,2.041392685158225
2083749,Entire home/apt,150,40.80033,-73.96509,2.1760912590556813
7495477,Entire home/apt,180,40.76432,-73.99396,2.255272505103306
13272041,Private room,100,40.75242,-73.97261,2
27507561,Entire home/apt,240,40.7444,-73.99604,2.380211241711606
1360932,Private room,120,40.8266,-73.94443,2.0791812460476247
24542531,Entire home/apt,260,40.7423,-73.99603,2.4149733479708178
26004226,Private room,120,40.76279,-73.96266,2.0791812460476247
2104588,Entire home/apt,240,40.76263,-73.98271,2.380211241711606
279093,Entire home/apt,300,40.82977,-73.94071,2.4771212547196626
12032987,Private room,80,40.79663,-73.94893,1.9030899869919435
9416198,Entire home/apt,180,40.75452,-73.96767,2.255272505103306
1467392,Private room,60,40.81384,-73.93973,1.7781512503836436
30503020,Entire home/apt,220,40.76557,-73.98384,2.342422680822206
33202973,Private room,100,40.77927,-73.95165,2
15445427,Entire home/apt,290,40.76273,-73.98397,2.462397997898956
7034609,Private room,70,40.81142,-73.95978,1.845098040014257
32240896,Entire home/apt,380,40.70751,-74.01066,2.57978359661681
15815905,Entire home/apt,160,40.71248,-73.98662,2.2041199826559246
15528972,Entire home/apt,340,40.79772,-73.96213,2.531478917042255
11362569,Private room,110,40.76179,-73.99403,2.041392685158225
7746303,Entire home/apt,150,40.80872,-73.94228,2.1760912590556813
18155063,Entire home/apt,120,40.7647,-73.99414,2.0791812460476247
21675209,Entire home/apt,200,40.74601,-73.97823,2.3010299956639813
7596078,Entire home/apt,140,40.72475,-73.98009,2.146128035678238
2113934,Shared room,80,40.7686,-73.95307,1.9030899869919435
1060019,Entire home/apt,200,40.7744,-73.95578,2.3010299956639813
34932971,Entire home/apt,140,40.70641,-74.00532,2.146128035678238
24360537,Entire home/apt,120,40.777589999999996,-73.94688,2.0791812460476247
5593725,Private room,60,40.82753,-73.94602,1.7781512503836436
17137626,Private room,50,40.82935,-73.94255,1.6989700043360187
16029127,Entire home/apt,200,40.75246,-73.97356,2.3010299956639813
32529302,Entire home/apt,220,40.72824,-74.00259,2.342422680822206
31288513,Private room,60,40.82057,-73.95511,1.7781512503836436
31652563,Entire home/apt,250,40.77694,-73.94994,2.3979400086720375
30193536,Entire home/apt,710,40.75403,-73.96714,2.8512583487190755
2142092,Private room,300,40.85098,-73.93664,2.4771212547196626
17405812,Entire home/apt,110,40.80355,-73.96831,2.041392685158225
19189347,Entire home/apt,110,40.86702,-73.92519,2.041392685158225
25464886,Shared room,100,40.76418,-73.98822,2
14842991,Private room,100,40.76749,-73.95471,2
30041344,Private room,100,40.80877,-73.94122,2
6862482,Entire home/apt,700,40.76493,-73.98066,2.845098040014257
27422570,Private room,80,40.79232,-73.94156,1.9030899869919435
20096504,Private room,100,40.82624,-73.93925,2
19548992,Private room,60,40.81355,-73.93648,1.7781512503836436
33833470,Entire home/apt,390,40.70779,-74.01249,2.591064607026499
35369372,Entire home/apt,190,40.76285,-73.98609,2.278753600952829
7075103,Entire home/apt,180,40.72968,-74.00114,2.255272505103306
2250790,Private room,90,40.79891,-73.96705,1.954242509439325
20955226,Private room,50,40.76322,-73.94899,1.6989700043360187
895368,Entire home/apt,100,40.82434,-73.93957,2
28354720,Entire home/apt,160,40.7436,-73.98122,2.2041199826559246
9347368,Entire home/apt,200,40.78479,-73.97521,2.3010299956639813
18094196,Entire home/apt,130,40.7709,-73.95508,2.113943352306837
2237981,Entire home/apt,250,40.77331,-73.95067,2.3979400086720375
22370386,Private room,80,40.80106,-73.95905,1.9030899869919435
6220514,Entire home/apt,250,40.72551,-73.97893,2.3979400086720375
17508300,Entire home/apt,180,40.73418,-74.00621,2.255272505103306
33348833,Entire home/apt,120,40.78075,-73.95108,2.0791812460476247
4744592,Entire home/apt,120,40.81509,-73.96019,2.0791812460476247
26193643,Entire home/apt,120,40.72564,-73.98616,2.0791812460476247
15994498,Entire home/apt,150,40.80878,-73.95206,2.1760912590556813
3913541,Private room,80,40.76008,-73.992,1.9030899869919435
25340524,Entire home/apt,140,40.73609,-73.98595,2.146128035678238
26554879,Entire home/apt,180,40.73177,-73.98691,2.255272505103306
18632197,Private room,80,40.85865,-73.93559,1.9030899869919435
2297029,Entire home/apt,200,40.76182,-73.99003,2.3010299956639813
1815211,Entire home/apt,180,40.73689,-73.98451,2.255272505103306
30316570,Entire home/apt,260,40.77655,-73.94787,2.4149733479708178
2309363,Entire home/apt,650,40.78263,-73.97415,2.8129133566428557
26660828,Entire home/apt,250,40.81265,-73.95261,2.3979400086720375
15222972,Entire home/apt,140,40.71231,-73.99257,2.146128035678238
19779749,Private room,50,40.8114,-73.95237,1.6989700043360187
35468906,Entire home/apt,200,40.787,-73.97237,2.3010299956639813
21814812,Entire home/apt,210,40.72941,-73.97916,2.322219294733919
22752094,Entire home/apt,280,40.77418,-73.95327,2.4471580313422194
12054723,Private room,70,40.81574,-73.94871,1.845098040014257
5649580,Private room,200,40.77618,-73.95627,2.3010299956639813
8838341,Entire home/apt,180,40.78698,-73.97005,2.255272505103306
12325291,Entire home/apt,340,40.83326,-73.94215,2.531478917042255
9107788,Entire home/apt,300,40.73658,-74.00121,2.4771212547196626
31987544,Private room,60,40.80037,-73.95995,1.7781512503836436
4593609,Entire home/apt,150,40.7592,-73.98902,2.1760912590556813
28075473,Entire home/apt,240,40.75522,-73.96444,2.380211241711606
19343700,Entire home/apt,200,40.77412,-73.95695,2.3010299956639813
13578708,Entire home/apt,300,40.7751,-73.98148,2.4771212547196626
6462549,Private room,50,40.77224,-73.94844,1.6989700043360187
30589552,Entire home/apt,140,40.79519,-73.94543,2.146128035678238
32237560,Entire home/apt,250,40.70721,-74.01044,2.3979400086720375
10446926,Private room,40,40.81699,-73.94254,1.6020599913279623
320865,Entire home/apt,140,40.8076,-73.94433,2.146128035678238
30014439,Entire home/apt,350,40.73015,-73.98447,2.5440680443502757
13700836,Entire home/apt,220,40.7414,-73.99075,2.342422680822206
20730848,Private room,80,40.79383,-73.94968,1.9030899869919435
2110145,Entire home/apt,6000,40.77782,-73.97848,3.7781512503836434
33529536,Private room,60,40.81089,-73.94309,1.7781512503836436
21975709,Entire home/apt,480,40.73539,-73.99547,2.681241237375587
16227469,Private room,130,40.77585,-73.95754,2.113943352306837
4710488,Entire home/apt,200,40.74512,-73.98041,2.3010299956639813
27579698,Entire home/apt,340,40.75361,-73.97202,2.531478917042255
8934119,Entire home/apt,270,40.74226,-73.99608,2.4313637641589874
6323975,Shared room,130,40.75815,-73.99374,2.113943352306837
12001854,Entire home/apt,240,40.76573,-73.98295,2.380211241711606
34447284,Entire home/apt,370,40.76486,-73.99316,2.568201724066995
16164856,Entire home/apt,150,40.72315,-73.97878,2.1760912590556813
25937419,Private room,60,40.82967,-73.94851,1.7781512503836436
23425584,Entire home/apt,70,40.83229,-73.94339,1.845098040014257
12954498,Entire home/apt,700,40.7453,-73.99333,2.845098040014257
14723166,Entire home/apt,250,40.73711,-73.98573,2.3979400086720375
25970374,Entire home/apt,120,40.77045,-73.9568,2.0791812460476247
2087970,Entire home/apt,240,40.73552,-74.00716,2.380211241711606
26815405,Private room,140,40.75718,-73.99245,2.146128035678238
14277478,Entire home/apt,200,40.76044,-73.99051,2.3010299956639813
4098078,Private room,80,40.8236,-73.94743,1.9030899869919435
6311978,Private room,60,40.71959,-73.98984,1.7781512503836436
22825784,Entire home/apt,250,40.71263,-73.98106,2.3979400086720375
6672758,Entire home/apt,200,40.73037,-73.98158,2.3010299956639813
25813279,Shared room,60,40.78099,-73.97933,1.7781512503836436
4077428,Entire home/apt,220,40.71585,-73.99014,2.342422680822206
35451163,Entire home/apt,580,40.82318,-73.94424,2.7634279935629373
36267023,Entire home/apt,80,40.84267,-73.93816,1.9030899869919435
14296562,Entire home/apt,200,40.73958,-73.98258,2.3010299956639813
747159,Private room,120,40.73158,-73.98303,2.0791812460476247
9212510,Entire home/apt,450,40.74799,-73.99993,2.6532125137753435
30915351,Entire home/apt,150,40.77199,-73.94929,2.1760912590556813
24205351,Entire home/apt,340,40.75368,-73.97317,2.531478917042255
27369200,Entire home/apt,230,40.7429,-73.99428,2.361727836017593
20864878,Entire home/apt,200,40.7469,-73.99494,2.3010299956639813
5541897,Entire home/apt,140,40.78182,-73.98492,2.146128035678238
36391866,Entire home/apt,140,40.80078,-73.95079,2.146128035678238
12765858,Private room,50,40.79768,-73.9633,1.6989700043360187
26329644,Private room,80,40.70989,-74.00813,1.9030899869919435
18288660,Private room,50,40.84098,-73.937,1.6989700043360187
25370297,Entire home/apt,120,40.73521,-73.99944,2.0791812460476247
2197725,Entire home/apt,320,40.7759,-73.94921,2.505149978319906
11611809,Entire home/apt,230,40.74742,-73.97724,2.361727836017593
9345523,Private room,80,40.7228,-73.98352,1.9030899869919435
3698241,Private room,70,40.77688,-73.95616,1.845098040014257
18283511,Private room,100,40.766,-73.98945,2
30940780,Private room,150,40.76358,-73.94761,2.1760912590556813
16546903,Private room,80,40.80931,-73.9412,1.9030899869919435
11148990,Entire home/apt,240,40.71323,-73.99752,2.380211241711606
602888,Entire home/apt,200,40.76985,-73.95815,2.3010299956639813
12109347,Entire home/apt,240,40.76506,-73.98236,2.380211241711606
13415535,Entire home/apt,160,40.74653,-73.99632,2.2041199826559246
33013821,Private room,60,40.72997,-73.98553,1.7781512503836436
2694916,Entire home/apt,220,40.76711,-73.98371,2.342422680822206
4817139,Entire home/apt,160,40.76557,-73.98745,2.2041199826559246
29495933,Entire home/apt,340,40.7639,-73.99083,2.531478917042255
30938769,Entire home/apt,80,40.81325,-73.96122,1.9030899869919435
880256,Entire home/apt,160,40.82764,-73.93842,2.2041199826559246
26012750,Entire home/apt,220,40.71359,-73.98932,2.342422680822206
29628181,Entire home/apt,250,40.76289,-73.99487,2.3979400086720375
12271309,Entire home/apt,200,40.72795,-73.98567,2.3010299956639813
13544601,Entire home/apt,170,40.79093,-73.97969,2.230448921378274
22191760,Private room,300,40.73614,-73.98872,2.4771212547196626
34971449,Entire home/apt,180,40.74536,-73.97799,2.255272505103306
21268535,Entire home/apt,100,40.84195,-73.9359,2
19172071,Entire home/apt,110,40.76767,-73.9558,2.041392685158225
29994632,Private room,100,40.82765,-73.94625,2
21689998,Entire home/apt,320,40.71838,-74.00495,2.505149978319906
26135091,Entire home/apt,150,40.72213,-73.98236,2.1760912590556813
8381953,Entire home/apt,120,40.82244,-73.94773,2.0791812460476247
30142833,Entire home/apt,550,40.70428,-74.00707,2.7403626894942437
11959165,Entire home/apt,120,40.7887,-73.94736,2.0791812460476247
18923188,Entire home/apt,200,40.77895,-73.94974,2.3010299956639813
21859065,Entire home/apt,130,40.73176,-74.00348,2.113943352306837
16228505,Private room,120,40.74383,-74.0034,2.0791812460476247
13558555,Entire home/apt,150,40.7706,-73.95725,2.1760912590556813
30029831,Private room,100,40.852290000000004,-73.9394,2
12821417,Private room,100,40.73054,-73.98339,2
6408849,Entire home/apt,160,40.74583,-73.97834,2.2041199826559246
17097495,Private room,80,40.80926,-73.94979,1.9030899869919435
35495374,Private room,120,40.76333,-73.99141,2.0791812460476247
21662950,Entire home/apt,250,40.71537,-73.99119,2.3979400086720375
16336709,Private room,50,40.76182,-73.94879,1.6989700043360187
17941948,Private room,60,40.73117,-73.97616,1.7781512503836436
9997980,Private room,60,40.72336,-73.99618,1.7781512503836436
36392607,Shared room,60,40.81991,-73.9575,1.7781512503836436
1436810,Entire home/apt,100,40.78622,-73.97586,2
6467509,Entire home/apt,240,40.71507,-73.99033,2.380211241711606
16054225,Private room,200,40.782,-73.95143,2.3010299956639813
7689346,Private room,100,40.72811,-73.98453,2
3058087,Private room,40,40.83568,-73.94457,1.6020599913279623
13231566,Private room,60,40.71085,-74.0083,1.7781512503836436
35448841,Entire home/apt,300,40.71871,-73.99058,2.4771212547196626
1112407,Entire home/apt,160,40.80477,-73.9512,2.2041199826559246
14086188,Private room,90,40.76126,-73.99117,1.954242509439325
1535607,Private room,90,40.72307,-73.97911,1.954242509439325
6094046,Private room,100,40.75863,-73.98472,2
12002548,Entire home/apt,240,40.76526,-73.9817,2.380211241711606
29429036,Private room,110,40.76877,-73.95479,2.041392685158225
34788703,Private room,150,40.81737,-73.93781,2.1760912590556813
36034580,Entire home/apt,180,40.70328,-74.01099,2.255272505103306
15233134,Entire home/apt,530,40.76574,-73.98188,2.724275869600789
5482031,Entire home/apt,200,40.8434,-73.94139,2.3010299956639813
31416434,Private room,60,40.78953,-73.9432,1.7781512503836436
2303583,Entire home/apt,150,40.76532,-73.99061,2.1760912590556813
13166383,Entire home/apt,280,40.72993,-74.01,2.4471580313422194
33115153,Entire home/apt,350,40.72625,-73.99014,2.5440680443502757
14949281,Private room,40,40.75863,-73.98812,1.6020599913279623
9856683,Entire home/apt,90,40.87045,-73.91765,1.954242509439325
21851100,Entire home/apt,1070,40.77562,-73.98756,3.0293837776852097
35825111,Entire home/apt,170,40.75395,-73.99593,2.230448921378274
6784406,Private room,120,40.70793,-74.00411,2.0791812460476247
6712530,Private room,80,40.82608,-73.9525,1.9030899869919435
20356506,Entire home/apt,140,40.7658,-73.99087,2.146128035678238
13167017,Entire home/apt,220,40.73754,-73.98741,2.342422680822206
152259,Private room,60,40.81156,-73.94571,1.7781512503836436
506121,Private room,70,40.7276,-73.98347,1.845098040014257
3861943,Entire home/apt,860,40.76052,-73.99115,2.934498451243568
27703859,Entire home/apt,150,40.78348,-73.98383,2.1760912590556813
15140447,Entire home/apt,120,40.85797,-73.93286,2.0791812460476247
4423650,Private room,100,40.79913,-73.95932,2
16965968,Private room,100,40.7128,-73.98909,2
19757672,Entire home/apt,150,40.74965,-73.97566,2.1760912590556813
20432888,Entire home/apt,340,40.73894,-73.98651,2.531478917042255
24561311,Shared room,60,40.80322,-73.94488,1.7781512503836436
9577777,Entire home/apt,220,40.73866,-74.00063,2.342422680822206
3421589,Entire home/apt,180,40.72511,-74.00016,2.255272505103306
17874595,Private room,60,40.79274,-73.94286,1.7781512503836436
3215486,Private room,80,40.71981,-73.98701,1.9030899869919435
35507844,Entire home/apt,180,40.7665,-73.98578,2.255272505103306
20390763,Private room,50,40.82744,-73.94707,1.6989700043360187
19532164,Entire home/apt,180,40.80168,-73.94399,2.255272505103306
12863815,Entire home/apt,230,40.73361,-74.00218,2.361727836017593
23804783,Private room,100,40.83093,-73.94724,2
9759525,Entire home/apt,90,40.76599,-73.98404,1.954242509439325
9940253,Private room,80,40.76046,-73.95125,1.9030899869919435
5692807,Entire home/apt,250,40.74405,-73.99915,2.3979400086720375
29945516,Entire home/apt,690,40.7184,-73.98719,2.838849090737255
34199411,Private room,40,40.76514,-73.96176,1.6020599913279623
9133959,Entire home/apt,120,40.76642,-73.98621,2.0791812460476247
30658563,Private room,40,40.83175,-73.94692,1.6020599913279623
2255549,Entire home/apt,220,40.7444,-73.9994,2.342422680822206
11465084,Entire home/apt,160,40.72697,-73.98072,2.2041199826559246
17618446,Entire home/apt,160,40.80859,-73.94216,2.2041199826559246
3434303,Entire home/apt,150,40.75812,-73.96171,2.1760912590556813
282443,Entire home/apt,90,40.71601,-73.99123,1.954242509439325
34599215,Entire home/apt,400,40.76125,-73.98167,2.6020599913279625
19554980,Entire home/apt,2500,40.8016,-73.96409,3.3979400086720375
23400115,Entire home/apt,110,40.7265,-73.98878,2.041392685158225
35582464,Entire home/apt,180,40.7316,-73.98576,2.255272505103306
5806416,Entire home/apt,280,40.72102,-73.99469,2.4471580313422194
15745269,Private room,60,40.81736,-73.95294,1.7781512503836436
25153931,Entire home/apt,90,40.73179,-73.98794,1.954242509439325
34009196,Entire home/apt,310,40.7385,-73.982,2.4913616938342726
4509500,Entire home/apt,150,40.73984,-74.0006,2.1760912590556813
30373480,Entire home/apt,210,40.71813,-73.98633,2.322219294733919
17304795,Private room,100,40.80238,-73.96503,2
16917171,Entire home/apt,140,40.73459,-74.00143,2.146128035678238
28764308,Private room,100,40.72004,-73.99862,2
2863589,Entire home/apt,110,40.79193,-73.97443,2.041392685158225
20996673,Private room,40,40.82881,-73.94566,1.6020599913279623
26710580,Entire home/apt,220,40.76484,-73.98969,2.342422680822206
35903391,Private room,50,40.84191,-73.93705,1.6989700043360187
20630578,Entire home/apt,120,40.7433,-73.9807,2.0791812460476247
29181281,Private room,1000,40.75982,-73.98418,3
24871779,Entire home/apt,140,40.78054,-73.984,2.146128035678238
21883309,Entire home/apt,250,40.75453,-73.99526,2.3979400086720375
2683387,Private room,140,40.76419,-73.98018,2.146128035678238
33429437,Entire home/apt,900,40.76395,-73.99075,2.9542425094393248
35341044,Entire home/apt,180,40.75596,-73.96581,2.255272505103306
14963583,Private room,70,40.80167,-73.95781,1.845098040014257
29805233,Entire home/apt,260,40.76263,-73.96881,2.4149733479708178
18596197,Entire home/apt,120,40.76382,-73.99435,2.0791812460476247
10609963,Entire home/apt,280,40.74102,-73.98961,2.4471580313422194
26877259,Private room,100,40.75964,-73.98731,2
36309947,Entire home/apt,270,40.76302,-73.95769,2.4313637641589874
21913782,Entire home/apt,350,40.75732,-73.98142,2.5440680443502757
30125704,Entire home/apt,110,40.74839,-73.97556,2.041392685158225
29054973,Entire home/apt,200,40.80872,-73.94274,2.3010299956639813
9875822,Private room,80,40.8292,-73.94874,1.9030899869919435
31592115,Entire home/apt,200,40.71923,-73.98935,2.3010299956639813
19142325,Shared room,70,40.79351,-73.9698,1.845098040014257
9107450,Entire home/apt,210,40.78419,-73.94851,2.322219294733919
35229657,Entire home/apt,920,40.75654,-73.99425,2.963787827345555
35219177,Private room,60,40.82136,-73.95606,1.7781512503836436
613556,Entire home/apt,130,40.71655,-74.01171,2.113943352306837
1588221,Entire home/apt,300,40.71702,-73.99566,2.4771212547196626
19949135,Private room,120,40.80419,-73.95473,2.0791812460476247
19848951,Private room,70,40.71833,-73.9908,1.845098040014257
29418724,Entire home/apt,100,40.81424,-73.96051,2
33776235,Entire home/apt,180,40.722410000000004,-73.98554,2.255272505103306
21866923,Private room,200,40.72563,-73.98169,2.3010299956639813
33474952,Private room,120,40.72503,-73.98466,2.0791812460476247
1835367,Entire home/apt,90,40.75,-73.99721,1.954242509439325
3882466,Entire home/apt,170,40.79563,-73.9664,2.230448921378274
2847652,Private room,40,40.83687,-73.94324,1.6020599913279623
9841191,Entire home/apt,100,40.78528,-73.98091,2
1906604,Entire home/apt,500,40.76019,-73.99586,2.6989700043360187
15969097,Entire home/apt,200,40.76323,-73.95916,2.3010299956639813
30821860,Private room,90,40.74312,-73.98447,1.954242509439325
33585726,Entire home/apt,210,40.77721,-73.95222,2.322219294733919
23668746,Entire home/apt,150,40.74706,-73.98689,2.1760912590556813
12409508,Entire home/apt,100,40.7673,-73.9594,2
11712888,Private room,100,40.77889,-73.9878,2
31040444,Private room,100,40.79022,-73.9471,2
13540233,Entire home/apt,160,40.72871,-74.00149,2.2041199826559246
13307480,Entire home/apt,150,40.83791,-73.94075,2.1760912590556813
15394503,Private room,100,40.72188,-73.9826,2
26001925,Entire home/apt,90,40.85811,-73.92921,1.954242509439325
36172912,Entire home/apt,180,40.72007,-73.98873,2.255272505103306
18091187,Private room,40,40.85564,-73.93066,1.6020599913279623
20912512,Entire home/apt,210,40.74943,-73.97945,2.322219294733919
17222011,Entire home/apt,160,40.73556,-73.98913,2.2041199826559246
27551268,Entire home/apt,150,40.74554,-74.00595,2.1760912590556813
25870840,Entire home/apt,120,40.7814,-73.95541,2.0791812460476247
35033521,Shared room,80,40.76356,-73.98814,1.9030899869919435
19157123,Entire home/apt,1000,40.76347,-73.978,3
18491689,Entire home/apt,130,40.72588,-73.98827,2.113943352306837
2277707,Entire home/apt,350,40.78498,-73.97284,2.5440680443502757
9797510,Entire home/apt,150,40.72939,-74.00225,2.1760912590556813
19319184,Private room,80,40.76178,-73.94889,1.9030899869919435
35737368,Private room,100,40.72247,-73.99473,2
24182137,Entire home/apt,340,40.75383,-73.97278,2.531478917042255
18837416,Entire home/apt,350,40.73321,-74.00242,2.5440680443502757
25487254,Entire home/apt,200,40.79444,-73.96613,2.3010299956639813
27929894,Entire home/apt,300,40.77041,-73.96109,2.4771212547196626
9003691,Entire home/apt,110,40.7449,-73.99167,2.041392685158225
34206929,Private room,200,40.75093,-73.99523,2.3010299956639813
33866860,Entire home/apt,100,40.74945,-73.99511,2
29680105,Private room,40,40.82723,-73.94217,1.6020599913279623
2273019,Entire home/apt,150,40.77018,-73.98643,2.1760912590556813
11933676,Entire home/apt,500,40.72289,-73.9974,2.6989700043360187
7162435,Entire home/apt,600,40.74219,-73.99903,2.7781512503836434
22862864,Private room,120,40.72011,-73.99535,2.0791812460476247
2518907,Entire home/apt,240,40.73101,-73.98936,2.380211241711606
8105749,Entire home/apt,140,40.75932,-73.96396,2.146128035678238
25077177,Entire home/apt,140,40.75996,-73.99223,2.146128035678238
9866039,Entire home/apt,270,40.75247,-73.97196,2.4313637641589874
24276183,Entire home/apt,160,40.80451,-73.94079,2.2041199826559246
443646,Entire home/apt,400,40.78911,-73.97396,2.6020599913279625
10648971,Entire home/apt,130,40.79886,-73.96157,2.113943352306837
30392649,Entire home/apt,290,40.74005,-73.97884,2.462397997898956
9832882,Entire home/apt,250,40.73393,-73.9982,2.3979400086720375
28467737,Entire home/apt,580,40.74734,-73.98049,2.7634279935629373
1072481,Private room,70,40.74573,-73.99712,1.845098040014257
2234100,Shared room,30,40.72672,-73.98851,1.4771212547196624
5631916,Entire home/apt,200,40.76873,-73.95487,2.3010299956639813
8160542,Private room,100,40.72018,-74.00981,2
33898321,Private room,60,40.7284,-73.99053,1.7781512503836436
2329047,Entire home/apt,400,40.77794,-73.97699,2.6020599913279625
26743115,Entire home/apt,190,40.77359,-73.94865,2.278753600952829
4417147,Private room,420,40.76564,-73.98013,2.6232492903979003
11080142,Private room,80,40.84393,-73.94065,1.9030899869919435
34569757,Entire home/apt,160,40.75933,-73.98751,2.2041199826559246
35408591,Entire home/apt,180,40.71232,-74.00689,2.255272505103306
30376368,Entire home/apt,80,40.72269,-73.98306,1.9030899869919435
9486332,Entire home/apt,180,40.77281,-73.95822,2.255272505103306
36317597,Shared room,40,40.72327,-73.98027,1.6020599913279623
3084473,Entire home/apt,100,40.80739,-73.95918,2
31815508,Private room,60,40.80492,-73.95817,1.7781512503836436
34659944,Entire home/apt,330,40.74674,-74.00316,2.5185139398778875
20233308,Entire home/apt,80,40.85598,-73.93427,1.9030899869919435
